# Timestamp: 2026-08-23 17:04:02.873427
# Start Freq: 1420355750
# End Freq: 1420455750
# Bin Count: 16384
# Max Power: -49.3182, Avg Power: -66.31055878295899
-67.5229
-67.3509
-67.4192
-67.4223
-67.5357
-67.48
-67.2705
-67.5748
-67.4434
-67.0585
-67.4628
-67.3532
-67.5074
-67.4336
-67.3136
-67.3586
-67.5679
-67.6931
-67.3838
-67.5626
-67.4294
-67.5943
-67.2892
-67.3715
-67.4394
-67.6975
-67.3755
-67.5899
-67.5402
-67.6764
-67.4466
-67.6518
-67.5422
-67.48
-67.4486
-67.4314
-67.3406
-67.5564
-67.7519
-67.6133
-67.5487
-67.5317
-67.5261
-67.7512
-67.4021
-67.5156
-67.4998
-67.475
-67.5445
-67.4704
-67.5592
-67.3263
-67.2441
-67.4464
-67.4259
-67.28
-67.3442
-67.4027
-67.6068
-67.5276
-67.5251
-67.5433
-67.4296
-67.5201
-67.3354
-67.5022
-67.5022
-67.4913
-67.4503
-67.4576
-67.695
-67.6237
-67.7643
-67.5577
-67.4769
-67.6568
-67.2397
-67.5441
-67.4795
-67.3305
-67.6386
-67.5417
-67.5265
-67.7411
-67.4416
-67.3781
-67.5184
-67.6267
-67.5712
-67.4553
-67.7565
-67.5391
-67.5175
-67.641
-67.5475
-67.3707
-67.5238
-67.6379
-67.4563
-67.556
-67.4144
-67.5583
-67.6021
-67.4701
-67.7446
-67.593
-67.4845
-67.4895
-67.4572
-67.4174
-67.4243
-67.4492
-67.3974
-67.6403
-67.6108
-67.5025
-67.6747
-67.8584
-67.6405
-67.5978
-67.4526
-67.4155
-67.4985
-67.3165
-67.6997
-67.4429
-67.5224
-67.3854
-67.4513
-67.3408
-67.5351
-67.4252
-67.4297
-67.5206
-67.5191
-67.6123
-67.5004
-67.7526
-67.6033
-67.6163
-67.495
-67.4491
-67.5766
-67.6159
-67.5848
-67.5389
-67.6612
-67.3378
-67.5354
-67.2665
-67.435
-67.463
-67.3789
-67.432
-67.4438
-67.6914
-67.584
-67.4032
-67.3819
-67.5274
-67.2903
-67.4914
-67.3085
-67.3491
-67.4828
-67.603
-67.3877
-67.6072
-67.5252
-67.6085
-67.5142
-67.5847
-67.4628
-67.578
-67.1379
-67.3699
-67.529
-67.4273
-67.2583
-67.6522
-67.5458
-67.6253
-67.739
-67.5082
-67.5893
-67.6051
-67.5052
-67.4192
-67.7085
-67.4505
-67.3692
-67.6232
-67.5973
-67.3355
-67.3016
-67.3618
-67.5001
-67.6553
-67.2496
-67.4401
-67.5485
-67.3952
-67.4235
-67.2806
-67.6026
-67.3002
-67.4941
-67.3899
-67.5855
-67.3733
-67.5264
-67.4987
-67.3519
-67.4958
-67.2042
-67.3871
-67.4578
-67.4179
-67.2947
-67.4479
-67.5791
-67.4205
-67.5422
-67.4001
-67.5654
-67.6061
-67.3706
-67.6025
-67.331
-67.4913
-67.4948
-67.467
-67.3156
-67.5924
-67.4443
-67.5271
-67.4267
-67.2106
-67.431
-67.4611
-67.5967
-67.3049
-67.3598
-67.5641
-67.5239
-67.5824
-67.4947
-67.7365
-67.5657
-67.5078
-67.3985
-67.6727
-67.3279
-67.3679
-67.5344
-67.6769
-67.4319
-67.5757
-67.3405
-67.4552
-67.4636
-67.466
-67.3544
-67.4591
-67.3336
-67.5201
-67.3718
-67.349
-67.3026
-67.3047
-67.5089
-67.3964
-67.4578
-67.4899
-67.1595
-67.351
-67.4949
-67.4164
-67.3611
-67.4764
-67.7491
-67.4193
-67.496
-67.3939
-67.4991
-67.4345
-67.4514
-67.5187
-67.6267
-67.4891
-67.2231
-67.5038
-67.3672
-67.4091
-67.392
-67.6593
-67.3683
-67.2155
-67.7074
-67.5341
-67.4149
-67.4481
-67.5082
-67.3769
-67.342
-67.3713
-67.5204
-67.4385
-67.4889
-67.3445
-67.5008
-67.5329
-67.5231
-67.4389
-67.584
-67.6021
-67.5759
-67.6486
-67.4446
-67.5595
-67.143
-67.4836
-67.3933
-67.1724
-67.3716
-67.3481
-67.3863
-67.3905
-67.4508
-67.3879
-67.4818
-67.4008
-67.2893
-67.2731
-67.3482
-67.3569
-67.3723
-67.4355
-67.3695
-67.2183
-67.4692
-67.5413
-67.2796
-67.3096
-67.5072
-67.5496
-67.3629
-67.5999
-67.5429
-67.2804
-67.288
-67.2458
-67.3764
-67.5182
-67.3816
-67.4647
-67.2737
-67.4163
-67.409
-67.3531
-67.4244
-67.3749
-67.568
-67.543
-67.5335
-67.3976
-67.3191
-67.4814
-67.4343
-67.5768
-67.2581
-67.5141
-67.1219
-67.818
-67.3375
-67.4656
-67.4518
-67.3074
-67.4005
-67.4319
-67.2995
-67.6443
-67.3616
-67.3313
-67.317
-67.4424
-67.5691
-67.2811
-67.4408
-67.5595
-67.3703
-67.3611
-67.4633
-67.5433
-67.4294
-67.2331
-67.4703
-67.4096
-67.2693
-67.2384
-67.4005
-67.4278
-67.1506
-67.4793
-67.3999
-67.4166
-67.4594
-67.415
-67.4225
-67.4816
-67.2604
-67.4568
-67.36
-67.3239
-67.2953
-67.0849
-67.3202
-67.5603
-67.4143
-67.5136
-67.377
-67.4946
-67.4065
-67.345
-67.4585
-67.4593
-67.2445
-67.3854
-67.2141
-67.1895
-67.4015
-67.5184
-67.3153
-67.4817
-67.3051
-67.3535
-67.515
-67.345
-67.4759
-67.5241
-67.3516
-67.415
-67.5458
-67.3422
-67.4585
-67.4779
-67.2168
-67.4092
-67.4408
-67.6116
-67.3935
-67.5749
-67.5018
-67.486
-67.4162
-67.4484
-67.236
-67.5288
-67.3773
-67.4115
-67.1489
-67.4601
-67.3093
-67.5293
-67.3382
-67.3986
-67.2924
-67.462
-67.5172
-67.26
-67.4483
-67.2158
-67.4688
-67.4781
-67.3872
-67.429
-67.6144
-67.4764
-67.7016
-67.2732
-67.3789
-67.5514
-67.3831
-67.3982
-67.1702
-67.4124
-67.3614
-67.4775
-67.3382
-67.3359
-67.5142
-67.4332
-67.3561
-67.3953
-67.4038
-67.2403
-67.1048
-67.0513
-67.3607
-67.2725
-67.4784
-67.2716
-67.2679
-67.3665
-67.2873
-67.5233
-67.3869
-67.5498
-67.3903
-67.4776
-67.3152
-67.3216
-67.4325
-67.1446
-67.3749
-67.501
-67.5856
-67.3962
-67.2537
-67.1711
-67.4884
-67.3221
-67.1853
-67.2595
-67.3099
-67.415
-67.3798
-67.3138
-67.5091
-67.4803
-67.3191
-67.3429
-67.3878
-67.4848
-67.0761
-67.4235
-67.4157
-67.2188
-67.4407
-67.5126
-67.341
-67.3765
-67.3763
-67.5346
-67.4473
-67.3408
-67.2268
-67.1323
-67.4471
-67.559
-67.2742
-67.1555
-67.2414
-67.3112
-67.494
-67.137
-67.1892
-67.355
-67.2596
-67.2242
-67.3352
-67.1833
-67.2938
-67.3847
-67.2787
-67.2406
-67.4456
-67.2856
-67.1855
-67.4942
-67.1849
-67.3132
-67.1785
-67.539
-67.0756
-67.4795
-67.4369
-67.3076
-67.4577
-67.1883
-67.6453
-67.324
-67.3186
-67.2816
-67.2141
-67.2683
-67.1582
-67.393
-67.4647
-67.3818
-67.3355
-67.3395
-67.3106
-67.3653
-67.266
-67.197
-67.41
-67.1188
-67.272
-67.2827
-67.1518
-67.4843
-67.0759
-67.371
-67.3052
-67.1922
-67.3753
-67.2678
-67.1533
-67.2448
-67.0916
-67.4346
-67.1447
-67.1254
-67.3026
-67.1525
-67.3635
-67.3706
-67.1016
-67.2311
-67.444
-67.4265
-67.2956
-67.1269
-67.0429
-67.1914
-67.2729
-67.3671
-67.0947
-67.2538
-67.2748
-67.2779
-67.2898
-67.4345
-67.228
-67.2844
-67.3456
-67.0905
-67.167
-67.4374
-67.052
-67.3294
-67.1671
-67.189
-67.3364
-67.1721
-67.2291
-67.2426
-67.4852
-67.2637
-67.2942
-67.3942
-67.2104
-67.494
-67.0699
-67.2055
-67.3251
-67.2361
-67.3673
-67.0955
-67.1786
-67.3056
-67.4542
-67.226
-67.2965
-67.232
-67.4089
-67.2477
-67.192
-67.2582
-67.1443
-67.4498
-67.2959
-67.2644
-66.9903
-67.1756
-67.2359
-67.2015
-67.2449
-67.1248
-67.3787
-67.2485
-66.8194
-67.202
-67.0898
-66.885
-67.0438
-67.1145
-67.3224
-67.0467
-67.3955
-67.2515
-67.2507
-67.3323
-67.3041
-67.2438
-67.3028
-67.4151
-66.9798
-67.2565
-67.0892
-66.8254
-67.1626
-67.2964
-67.1543
-67.1328
-67.3183
-67.2999
-67.0734
-67.1613
-67.3253
-67.2052
-67.2821
-67.3732
-67.242
-67.283
-67.1721
-67.1312
-67.1425
-67.2893
-67.2343
-67.0817
-67.2351
-67.1772
-67.3677
-67.0063
-67.5809
-67.0517
-67.3855
-67.3176
-67.3051
-67.3156
-67.177
-67.2567
-67.2605
-67.439
-67.2202
-67.1249
-67.3758
-66.942
-67.3926
-67.4281
-67.2519
-67.0431
-67.2266
-67.1709
-67.1878
-67.2433
-67.1468
-67.303
-67.1704
-67.1877
-67.2043
-67.0295
-67.2707
-67.1077
-67.0974
-67.0849
-67.2112
-66.9942
-67.0597
-67.1874
-67.1232
-67.1715
-67.1493
-67.1758
-67.2532
-67.1975
-67.1161
-67.2432
-67.3737
-67.0092
-67.012
-67.151
-67.1172
-67.2465
-67.1452
-67.291
-67.2497
-67.0668
-67.1557
-67.2545
-67.22
-67.1384
-67.1066
-67.2423
-67.116
-67.1722
-67.0572
-67.2877
-67.2335
-67.0554
-67.0948
-67.2959
-67.3099
-67.2738
-67.1365
-67.1183
-67.0049
-67.2937
-66.942
-67.1261
-67.4925
-67.0967
-67.0869
-67.2172
-67.1835
-67.2325
-67.0882
-67.2385
-67.1649
-67.2293
-67.1662
-67.3284
-67.1066
-67.0837
-67.1804
-67.0552
-67.1424
-67.1863
-67.175
-67.4789
-67.0281
-67.0687
-67.1297
-67.2327
-67.338
-67.1283
-66.9881
-67.0958
-67.0951
-67.1806
-67.0852
-67.0606
-66.9178
-67.4097
-67.2255
-67.134
-67.0718
-67.0937
-66.9249
-66.8683
-67.0454
-67.1033
-67.0195
-66.9166
-67.3203
-66.9035
-67.0856
-67.0704
-66.9135
-67.1691
-67.0727
-67.1386
-67.1279
-67.1893
-67.0398
-67.2486
-67.2488
-67.1044
-66.9429
-67.0697
-67.2106
-67.0463
-67.0898
-67.1144
-67.1637
-67.1486
-66.8796
-66.8432
-66.9977
-67.0265
-66.8745
-67.2172
-67.101
-67.0324
-67.0162
-67.1018
-67.2121
-66.9593
-66.9214
-67.1035
-67.0422
-67.0531
-67.1318
-67.0248
-67.1182
-67.2239
-66.9568
-67.0081
-67.2356
-67.1668
-67.0778
-66.8187
-66.9955
-67.126
-67.1255
-66.8473
-66.8555
-67.0662
-67.0624
-67.0193
-67.1152
-66.951
-66.8466
-66.9421
-67.0379
-66.9914
-67.0548
-67.2171
-66.9467
-67.0309
-67.0057
-67.1058
-66.9384
-66.8942
-66.9274
-66.9646
-67.0967
-66.9441
-67.0231
-66.9253
-67.051
-67.0536
-67.1734
-67.0445
-67.1295
-67.1254
-67.0003
-66.8731
-66.9736
-66.8143
-66.9513
-67.0609
-66.7695
-67.0554
-67.2244
-67.1066
-66.7319
-66.795
-67.0099
-67.0266
-66.6738
-67.1411
-66.7168
-66.8896
-67.1081
-66.8103
-66.8883
-67.0143
-67.1372
-66.9239
-66.8593
-67.0938
-66.8894
-66.7987
-66.9819
-66.8996
-67.0382
-67.1156
-66.8371
-67.0229
-66.7632
-67.1197
-66.793
-66.9314
-66.8301
-66.6916
-67.252
-66.9885
-67.1193
-66.9101
-66.7656
-66.8551
-66.8356
-66.876
-66.9288
-66.9488
-66.9633
-66.9976
-67.3015
-66.882
-67.0886
-66.9735
-66.8923
-66.8825
-67.1101
-66.9687
-66.9138
-66.9012
-67.1504
-67.1385
-66.7728
-67.1659
-67.0918
-66.7916
-67.0543
-66.9377
-66.7168
-66.9634
-66.7987
-66.8645
-66.8061
-66.9801
-66.8918
-66.8677
-66.8418
-66.9604
-66.9467
-66.9328
-66.9138
-66.7361
-66.8293
-66.7269
-66.8691
-66.8934
-66.8247
-66.9904
-67.1383
-66.9877
-66.8543
-66.7673
-66.8176
-66.7534
-66.647
-67.0613
-66.9046
-66.9437
-66.7099
-66.9811
-67.0829
-66.9218
-66.8465
-66.8265
-66.7422
-66.9187
-67.0633
-66.968
-66.7989
-66.8588
-66.9425
-66.8276
-66.9047
-66.947
-66.809
-66.8419
-66.8703
-67.0773
-67.0169
-67.1624
-67.11
-66.8521
-66.773
-66.8347
-67.0749
-66.8798
-66.8144
-66.9009
-66.8914
-66.6993
-66.945
-66.8883
-66.8039
-66.8255
-66.9276
-67.0502
-67.0536
-66.785
-66.8709
-66.8094
-67.1266
-67.0155
-67.0895
-66.8396
-66.8746
-66.8571
-66.8385
-66.773
-66.6651
-67.0369
-66.843
-66.8453
-66.6401
-67.0489
-66.8953
-67.1174
-66.7928
-66.9535
-66.7474
-66.6966
-66.9408
-66.8656
-66.9431
-66.607
-66.7355
-66.6648
-66.8583
-66.8511
-66.9685
-67.2105
-66.6856
-66.7623
-66.9045
-66.8443
-66.8985
-66.6453
-66.8421
-66.9408
-67.0511
-66.8352
-66.9141
-67.016
-66.7992
-66.7504
-66.8651
-66.7606
-66.7654
-66.7962
-66.6266
-66.8281
-66.6954
-66.8062
-66.7579
-66.7183
-66.6334
-66.7192
-66.9612
-66.8597
-66.661
-66.658
-66.821
-66.5947
-66.6652
-66.7871
-66.9311
-67.0561
-66.8894
-66.7163
-66.6127
-66.9218
-66.5763
-66.7825
-66.812
-66.6721
-66.845
-66.9793
-66.615
-66.9116
-66.9166
-66.571
-66.6881
-66.5957
-66.7643
-66.6683
-66.6146
-66.7779
-66.6821
-66.8536
-66.7233
-66.7163
-66.7181
-66.6918
-66.5502
-66.7618
-66.7248
-66.4801
-66.8256
-66.6422
-66.7594
-66.5891
-66.8324
-66.7839
-66.7059
-66.8151
-66.6891
-66.6922
-66.807
-66.7548
-66.7059
-66.7171
-66.7882
-66.739
-66.7309
-66.666
-66.7308
-66.7879
-66.8626
-66.5208
-66.8185
-66.3455
-66.8553
-66.6451
-66.7379
-66.73
-67.0204
-66.8161
-66.6343
-66.7518
-66.4183
-66.6944
-66.8533
-66.6661
-66.8618
-66.4477
-66.7507
-66.6858
-66.7283
-66.5317
-66.6317
-66.7616
-66.6918
-66.6549
-66.7632
-66.7198
-66.652
-66.9064
-66.8962
-66.7868
-66.6394
-66.4189
-66.424
-66.6953
-66.5611
-66.4367
-66.5958
-66.7978
-66.5209
-66.8536
-66.8291
-66.6506
-66.8257
-66.5493
-66.6375
-66.8057
-66.651
-66.6945
-66.6756
-66.8031
-66.6473
-66.7638
-66.9358
-66.7913
-66.5777
-66.6335
-66.5281
-66.5708
-66.575
-66.6453
-66.6544
-66.8228
-66.5861
-66.3421
-66.6325
-66.6357
-66.7244
-66.6105
-66.6961
-66.5417
-66.5223
-66.7881
-66.494
-66.5963
-66.5968
-66.4821
-66.7955
-66.5042
-66.4022
-66.7908
-66.6659
-66.5153
-66.4531
-66.389
-66.4974
-66.5624
-66.5236
-66.6219
-66.6159
-66.6336
-66.6197
-66.6429
-66.542
-66.7242
-66.465
-66.4583
-66.6165
-66.5848
-66.4891
-66.4286
-66.6541
-66.5424
-66.8515
-66.5699
-66.6126
-66.5135
-66.3998
-66.5716
-66.6529
-66.5278
-66.4422
-66.5983
-66.649
-66.4996
-66.5044
-66.5987
-66.6425
-66.4964
-66.6498
-66.4692
-66.4332
-66.5953
-66.7295
-66.7251
-66.4785
-66.5025
-66.5156
-66.3491
-66.5556
-66.4152
-66.6998
-66.699
-66.5654
-66.6431
-66.4488
-66.6363
-66.3013
-66.4311
-66.4783
-66.3931
-66.6572
-66.5281
-66.4752
-66.58
-66.7546
-66.6155
-66.5212
-66.3642
-66.627
-66.6821
-66.5043
-66.2657
-66.5946
-66.4135
-66.586
-66.5104
-66.561
-66.6947
-66.6292
-66.4871
-66.6549
-66.502
-66.5699
-66.5998
-66.5174
-66.4422
-66.4594
-66.3078
-66.6364
-66.3951
-66.4294
-66.2904
-66.6055
-66.3221
-66.5888
-66.4951
-66.43
-66.4141
-66.5196
-66.6734
-66.4618
-66.5632
-66.4844
-66.3871
-66.5106
-66.4106
-66.485
-66.2948
-66.6028
-66.3406
-66.4525
-66.5468
-66.4882
-66.5323
-66.4316
-66.4055
-66.7066
-66.5162
-66.4318
-66.3879
-66.4055
-66.4591
-66.8379
-66.2448
-66.4726
-66.3024
-66.4579
-66.5628
-66.2523
-66.4996
-66.4943
-66.3994
-66.8911
-66.5493
-66.2058
-66.6252
-66.4147
-66.5782
-66.4653
-66.3999
-66.2794
-66.6215
-66.5434
-66.2497
-66.3206
-66.4558
-66.5057
-66.4465
-66.3106
-66.5253
-66.5056
-66.4723
-66.6724
-66.2116
-66.3224
-66.2102
-66.5225
-66.5993
-66.6212
-66.4313
-66.5421
-66.5
-66.3902
-66.341
-66.5043
-66.4783
-66.1741
-66.2451
-66.3588
-66.3631
-66.3768
-66.3814
-66.3432
-66.3164
-66.3296
-66.5395
-66.3603
-66.3526
-66.5061
-66.6365
-66.407
-66.1673
-66.437
-66.3015
-66.2284
-66.4304
-66.523
-66.3312
-66.5546
-66.3383
-66.4462
-66.3064
-66.3363
-66.5139
-66.4111
-66.4095
-66.533
-66.1346
-66.4198
-66.4248
-66.46
-66.318
-66.355
-66.8186
-66.4674
-66.1089
-66.5725
-66.4948
-66.4999
-66.4317
-66.3808
-66.1308
-66.3941
-66.1877
-66.4187
-66.4581
-66.2659
-66.4368
-66.4265
-66.1577
-66.2477
-66.4096
-66.1875
-66.4416
-66.2602
-66.2334
-66.344
-66.4983
-66.3265
-66.3743
-66.2297
-66.1875
-66.2362
-66.2527
-66.5638
-66.5102
-66.3064
-66.1409
-66.2732
-66.271
-66.2662
-66.503
-66.1569
-66.2755
-66.0885
-66.3201
-66.4271
-66.6403
-66.4252
-66.0997
-66.4397
-66.219
-66.2954
-66.1723
-66.2324
-66.3181
-66.1691
-66.3428
-66.3902
-66.2902
-66.2286
-66.3229
-66.3783
-66.2394
-66.3336
-66.2447
-66.4246
-66.2738
-66.3679
-66.1811
-66.3123
-66.2888
-66.0688
-66.5333
-66.33
-66.456
-66.3018
-66.459
-66.2729
-66.4536
-66.5344
-66.3964
-66.3175
-66.4137
-66.2535
-66.1026
-66.1976
-66.2925
-66.408
-66.2914
-66.2646
-66.2531
-66.0994
-66.292
-66.1357
-66.3338
-66.3122
-66.2343
-66.2476
-66.3538
-66.3181
-66.1939
-66.3986
-66.3584
-66.2145
-66.1744
-66.1911
-65.9999
-66.2508
-66.3466
-66.3185
-66.148
-66.1455
-66.2391
-66.2411
-66.3067
-66.3409
-65.937
-66.4011
-65.9812
-66.3094
-66.0316
-66.4049
-66.2489
-66.2133
-66.3328
-66.4259
-66.1579
-66.1156
-66.2392
-66.2439
-66.46
-66.1203
-66.1314
-66.3232
-66.078
-66.2671
-66.0814
-66.1603
-66.4474
-66.063
-66.0185
-66.2926
-66.2009
-66.2179
-66.2071
-66.456
-66.1072
-66.216
-66.0869
-66.2366
-66.1873
-66.1319
-66.1476
-66.4359
-66.0256
-65.8257
-66.271
-66.0042
-66.1194
-66.1693
-66.3125
-66.1214
-66.0037
-65.9913
-66.3515
-66.2931
-66.2388
-66.0957
-66.1956
-66.0697
-66.2497
-66.3272
-66.2063
-65.8405
-66.1894
-66.2751
-66.1407
-66.2728
-66.0273
-66.0815
-66.1422
-66.0239
-66.1864
-65.917
-65.954
-65.9786
-66.3987
-66.0667
-66.339
-66.2245
-66.0826
-66.1564
-66.2061
-66.1596
-66.2498
-66.2285
-66.2086
-66.2903
-65.8422
-66.0682
-65.9847
-66.2366
-66.2352
-66.2557
-66.2214
-66.0972
-65.9816
-66.0926
-66.2167
-66.1504
-66.1108
-66.1887
-66.0885
-65.9851
-66.2021
-66.1649
-66.0484
-66.0975
-65.9501
-66.1164
-66.1636
-66.0264
-65.952
-66.0599
-66.2287
-66.1939
-66.0743
-66.1323
-66.2741
-66.1433
-66.1229
-66.2754
-65.9244
-66.2546
-66.3067
-66.0018
-65.96
-65.9795
-66.0764
-66.0958
-66.2426
-66.217
-65.9611
-66.1238
-66.0817
-65.984
-66.1076
-65.9729
-66.0226
-65.9399
-65.9917
-66.0321
-66.1845
-66.0901
-66.1459
-65.9489
-65.848
-66.2146
-65.9582
-66.1
-66.12
-66.0815
-66.0736
-65.9327
-66.212
-66.207
-66.0175
-66.1115
-65.863
-66.1508
-66.0546
-66.0464
-66.1215
-66.0533
-66.0586
-66.0832
-66.257
-66.0239
-66.0352
-65.9939
-65.9327
-66.1475
-65.92
-66.0808
-66.0643
-65.9356
-65.9354
-66.0212
-66.0031
-66.013
-66.185
-65.7988
-66.1033
-65.854
-66.1984
-66.0567
-66.1344
-65.8482
-66.0607
-65.8962
-65.9911
-65.9223
-66.0765
-66.2262
-65.7464
-66.3176
-66.0382
-66.1083
-66.0315
-66.2441
-66.1121
-66.0656
-65.8841
-65.8762
-65.9967
-66.0354
-65.9917
-66.1295
-65.9434
-66.1103
-65.9781
-65.9477
-66.0452
-66.0583
-65.816
-65.8091
-66.0897
-65.9207
-66.0617
-65.9845
-65.8787
-66.0456
-65.9855
-66.1118
-65.7991
-66.0336
-66.0324
-65.9519
-66.0072
-65.9794
-66.0491
-65.8539
-65.8833
-66.2307
-65.9911
-66.1382
-66.0842
-66.0513
-66.0194
-66.1698
-65.9137
-65.9462
-66.0938
-65.9393
-65.9574
-66.0885
-65.7509
-66.0318
-66.0331
-65.7316
-65.8782
-65.9371
-65.9683
-65.9492
-65.7696
-65.9759
-65.9158
-66.1518
-65.8902
-65.9982
-65.7829
-65.9769
-65.8887
-66.0123
-66.0421
-66.1339
-66.0785
-65.9385
-66.0848
-65.9622
-65.8439
-65.8153
-66.0351
-65.889
-65.9241
-66.0824
-65.9907
-66.0189
-66.0223
-65.8863
-65.8803
-65.9765
-65.9941
-65.7537
-65.9802
-66.0342
-65.7594
-65.9064
-66.0051
-65.7
-66.015
-65.8854
-65.959
-65.7201
-66.0409
-65.8955
-65.9574
-65.8068
-66.0595
-65.8818
-66.1015
-65.7878
-66.0892
-65.9555
-65.7744
-65.9734
-66.0018
-66.1114
-65.9277
-65.9633
-66.1835
-65.9996
-65.7336
-65.7189
-65.9303
-65.7987
-65.926
-65.7258
-65.9204
-65.9921
-65.8998
-65.8181
-65.9069
-65.8417
-65.8985
-66.2792
-65.9103
-65.7366
-65.8444
-65.949
-65.9032
-65.8661
-65.8954
-65.9784
-66.0303
-66.0222
-65.8386
-65.7451
-66.1703
-65.5351
-65.8683
-65.609
-66.0105
-66.0982
-65.7816
-66.1058
-65.9689
-66.0482
-65.7232
-65.6373
-65.8365
-65.8131
-65.6728
-66.0492
-65.8685
-65.8846
-65.9636
-65.973
-65.8458
-66.0527
-65.9237
-65.9145
-65.8487
-65.8568
-65.9637
-65.9662
-65.5387
-66.0157
-65.7257
-65.8679
-65.894
-66.0813
-65.9255
-65.8448
-65.7212
-65.9023
-65.8015
-65.972
-65.848
-66.0534
-65.751
-65.8728
-65.7014
-65.9929
-65.8642
-65.8078
-65.942
-66.122
-66.0087
-66.1312
-65.741
-65.9832
-65.8739
-65.8763
-65.7923
-65.783
-65.9215
-65.9854
-65.7576
-65.8886
-65.7431
-66.0511
-65.9511
-65.707
-65.8258
-65.8507
-66.0056
-65.9893
-65.7512
-66.0016
-65.7953
-65.9618
-65.8999
-66.1298
-65.7057
-65.9041
-65.8073
-66.0438
-65.8958
-65.7407
-65.764
-65.9009
-65.7746
-65.7247
-65.8494
-65.6926
-65.7844
-65.8622
-65.8993
-65.9927
-65.7019
-65.9705
-65.7512
-65.6744
-65.9498
-65.8012
-65.9331
-65.8674
-65.7102
-65.6905
-65.8611
-65.8025
-65.7162
-65.664
-65.8112
-65.8443
-65.7763
-65.6342
-65.7573
-65.9102
-65.7474
-65.8
-65.8293
-65.7827
-65.8599
-65.7024
-66.0281
-65.7012
-65.6571
-65.9472
-65.5351
-65.9003
-65.9364
-65.8197
-65.9777
-65.6447
-65.9345
-65.5111
-65.6328
-65.8535
-65.779
-65.9034
-65.9685
-65.8201
-65.9717
-65.5432
-65.6421
-65.5545
-65.6938
-65.8716
-65.7016
-65.9319
-65.7975
-65.9245
-65.68
-66.1214
-65.7551
-65.7212
-65.6546
-65.6809
-65.9462
-65.8648
-65.5838
-65.7111
-65.6976
-65.8332
-65.6854
-65.7049
-65.846
-66.0356
-65.764
-65.6617
-65.8073
-65.6144
-65.7919
-65.9293
-65.7322
-65.7971
-65.814
-65.8698
-65.9854
-65.7246
-65.6024
-65.7913
-65.5074
-65.7924
-65.7161
-65.64
-65.774
-65.7614
-65.9092
-65.7612
-65.7867
-65.4961
-65.6857
-65.7908
-65.968
-65.6847
-65.7397
-65.7213
-65.7351
-65.637
-65.8481
-65.8106
-65.9041
-65.7311
-66.0365
-65.7778
-65.509
-65.7095
-65.5848
-65.864
-65.847
-65.7953
-65.7235
-65.6154
-65.8089
-65.8852
-65.7038
-65.7857
-65.7567
-65.8193
-65.6637
-65.7981
-65.9057
-65.7573
-65.7606
-65.6891
-65.7392
-65.7086
-65.743
-65.6468
-65.569
-65.6138
-65.5733
-65.7456
-65.9918
-65.6971
-65.5897
-65.8839
-65.6749
-65.8156
-66.0011
-65.653
-65.829
-65.8141
-65.734
-65.7769
-65.8117
-65.6876
-65.634
-65.7733
-65.6534
-65.5953
-65.6547
-65.7264
-65.7476
-65.5138
-65.6922
-65.664
-66.139
-65.507
-65.508
-65.594
-65.5499
-65.8157
-65.6008
-65.6607
-65.5465
-65.6131
-65.6917
-65.5076
-65.7502
-65.846
-65.8978
-65.753
-65.8721
-65.8328
-65.4932
-65.8954
-65.6145
-65.7027
-65.5977
-65.5692
-65.7332
-65.7057
-65.5544
-65.7522
-65.7554
-65.603
-65.8777
-65.6033
-65.795
-65.5953
-65.6181
-65.9599
-65.8497
-65.8259
-65.5999
-65.5674
-65.8502
-65.4681
-65.6185
-65.4464
-65.8926
-65.7532
-65.7757
-65.5866
-65.4565
-65.8035
-65.5095
-65.8401
-65.5685
-65.536
-65.7013
-65.8226
-65.4626
-65.8235
-65.6766
-65.8066
-65.6846
-65.4592
-65.6107
-65.4935
-65.727
-65.7092
-65.5069
-65.6377
-65.4064
-65.7155
-65.5442
-65.9453
-65.8108
-65.8054
-65.5995
-65.7306
-65.6296
-65.8816
-65.3664
-65.6112
-65.73
-65.5295
-65.5984
-65.6851
-65.3775
-65.7507
-65.5194
-65.5965
-65.6595
-65.7179
-65.8875
-65.9259
-65.4763
-65.4421
-65.7716
-65.5975
-65.6306
-65.6789
-65.6117
-65.5098
-65.5691
-65.59
-65.743
-65.756
-65.8664
-65.7872
-65.9042
-65.8485
-65.6821
-65.7683
-65.45
-65.6054
-65.6879
-65.5948
-65.7943
-65.946
-65.6076
-65.5901
-65.8597
-65.6011
-65.6879
-65.978
-65.6153
-65.8313
-65.7256
-65.7255
-65.6413
-65.8553
-65.5659
-65.6879
-65.6409
-65.5676
-65.5194
-65.5896
-65.4462
-65.5344
-65.7918
-65.5905
-65.7598
-65.6278
-65.7218
-65.6077
-65.5658
-65.5944
-65.4949
-65.5871
-65.5703
-65.5338
-65.6403
-65.6605
-65.5821
-65.65
-65.5898
-65.4858
-65.6502
-65.5967
-65.6472
-65.6006
-65.5995
-65.7063
-65.5396
-65.9114
-65.6646
-65.5807
-65.5358
-65.5549
-65.6957
-65.66
-65.6139
-65.7868
-65.5239
-65.6552
-65.8389
-65.6608
-65.7615
-65.7249
-65.4447
-65.5928
-65.6176
-65.6818
-65.8313
-65.3905
-65.4484
-65.5714
-65.5146
-65.8021
-65.7716
-65.7055
-65.6305
-65.5029
-65.529
-65.6195
-65.5529
-65.57
-65.5813
-65.5915
-65.6276
-65.7755
-65.4735
-65.5664
-65.5958
-65.5458
-65.6487
-65.5207
-65.432
-65.7466
-65.7427
-65.6784
-65.5304
-65.761
-65.7056
-65.351
-65.8853
-65.6924
-65.8714
-65.3599
-65.6584
-65.3519
-65.5311
-65.3601
-65.5242
-65.6511
-65.8311
-65.6286
-65.7156
-65.6274
-65.4276
-65.2677
-65.4986
-65.362
-65.7274
-65.5999
-65.7085
-65.5913
-65.5837
-65.6889
-65.43
-65.4625
-65.6327
-65.7004
-65.7565
-65.508
-65.7523
-65.6019
-65.5384
-65.3978
-65.6258
-65.7631
-65.5671
-65.5563
-65.4964
-65.481
-65.5097
-65.7638
-65.5284
-65.4418
-65.6276
-65.782
-65.7211
-65.6785
-65.5369
-65.5411
-65.5402
-65.6885
-65.3894
-65.5401
-65.7201
-65.5491
-65.554
-65.6244
-65.636
-65.376
-65.4365
-65.5312
-65.6077
-65.5176
-65.5919
-65.5739
-65.8034
-65.675
-65.5466
-65.4402
-65.5624
-65.7926
-65.5245
-65.505
-65.7841
-65.3604
-65.4284
-65.535
-65.7073
-65.591
-65.7275
-65.4766
-65.5489
-65.564
-65.8352
-65.3529
-65.5753
-65.5013
-65.6546
-65.5313
-65.7059
-65.44
-65.7144
-65.5024
-65.5307
-65.7047
-65.5654
-65.6546
-65.2904
-65.7141
-65.3786
-65.5385
-65.5413
-65.6276
-65.559
-65.5792
-65.5933
-65.6036
-65.5476
-65.3392
-65.6145
-65.6048
-65.5941
-65.5183
-65.6615
-65.6095
-65.4649
-65.6557
-65.6458
-65.6154
-65.2852
-65.5004
-65.3668
-65.3841
-65.4795
-65.481
-65.6971
-65.431
-65.5913
-65.6499
-65.5392
-65.5677
-65.6754
-65.4756
-65.5692
-65.7293
-65.4741
-65.5305
-65.5511
-65.8037
-65.623
-65.6286
-65.5405
-65.4523
-65.6288
-65.446
-65.6261
-65.4634
-65.3849
-65.4085
-65.6327
-65.4278
-65.4921
-65.4661
-65.5067
-65.196
-65.5344
-65.5636
-65.6829
-65.5277
-65.4925
-65.444
-65.5632
-65.3766
-65.495
-65.3493
-65.4179
-65.6685
-65.6379
-65.5192
-65.4648
-65.4474
-65.4788
-65.466
-65.5825
-65.657
-65.559
-65.4638
-65.4777
-65.5414
-65.7466
-65.5047
-65.4815
-65.4199
-65.7104
-65.3911
-65.4546
-65.6349
-65.5228
-65.5049
-65.5132
-65.4444
-65.4873
-65.5099
-65.4128
-65.324
-65.4176
-65.3567
-65.3312
-65.5166
-65.4584
-65.5166
-65.4634
-65.6282
-65.5774
-65.5192
-65.502
-65.798
-65.4026
-65.737
-65.6459
-65.6191
-65.3876
-65.6141
-65.2879
-65.5348
-65.5759
-65.6671
-65.6043
-65.4566
-65.4761
-65.7008
-65.5664
-65.5832
-65.5915
-65.6709
-65.5736
-65.5641
-65.48
-65.2356
-65.4415
-65.5761
-65.5086
-65.6052
-65.4235
-65.3672
-65.6003
-65.3649
-65.5967
-65.7747
-65.6031
-65.5988
-65.8552
-65.4308
-65.3648
-65.527
-65.6173
-65.4059
-65.6134
-65.6161
-65.5867
-65.5022
-65.7152
-65.4554
-65.5522
-65.6384
-65.4339
-65.4961
-65.425
-65.6063
-65.6339
-65.6336
-65.4953
-65.4573
-65.3804
-65.6395
-65.6496
-65.6391
-65.5368
-65.6456
-65.4296
-65.5324
-65.4082
-65.5222
-65.4399
-65.4191
-65.3684
-65.5322
-65.6038
-65.5545
-65.4415
-65.6419
-65.5842
-65.4606
-65.2747
-65.692
-65.6713
-65.5964
-65.4879
-65.6604
-65.6737
-65.4114
-65.4229
-65.406
-65.5755
-65.3062
-65.4312
-65.6048
-65.4866
-65.4205
-65.449
-65.3398
-65.6802
-65.1979
-65.5599
-65.6267
-65.2717
-65.49
-65.5445
-65.4167
-65.5139
-65.5068
-65.4364
-65.4346
-65.5301
-65.3848
-65.3465
-65.6026
-65.5065
-65.435
-65.4419
-65.5069
-65.7681
-65.5452
-65.6674
-65.6698
-65.6059
-65.6491
-65.5411
-65.4489
-65.5831
-65.298
-65.4708
-65.4996
-65.3715
-65.6049
-65.6043
-65.5706
-65.6389
-65.348
-65.5185
-65.3469
-65.5438
-65.6631
-65.5374
-65.5613
-65.5505
-65.6052
-65.5032
-65.4169
-65.362
-65.5781
-65.4002
-65.4615
-65.6109
-65.4595
-65.6178
-65.5749
-65.4148
-65.3575
-65.4254
-65.4598
-65.4988
-65.5301
-65.2244
-65.3272
-65.5271
-65.1523
-65.4448
-65.3737
-65.4396
-65.4402
-65.3437
-65.3325
-65.6921
-65.4138
-65.7323
-65.3251
-65.5341
-65.3974
-65.5604
-65.5846
-65.6417
-65.7046
-65.3993
-65.6158
-65.3952
-65.5683
-65.6594
-65.2394
-65.39
-65.5063
-65.4158
-65.5807
-65.5575
-65.6152
-65.4842
-65.3226
-65.4583
-65.7684
-65.3142
-65.4218
-65.466
-65.462
-65.5445
-65.6453
-65.4831
-65.3334
-65.5823
-65.598
-65.4131
-65.2488
-65.5144
-65.3956
-65.4128
-65.3459
-65.5586
-65.5203
-65.6416
-65.7858
-65.4116
-65.667
-65.3889
-65.7321
-65.2687
-65.4036
-65.6675
-65.465
-65.3521
-65.484
-65.5145
-65.4568
-65.2532
-65.5237
-65.544
-65.4369
-65.3769
-65.3527
-65.4149
-65.5728
-65.3995
-65.4778
-65.4701
-65.4867
-65.7279
-65.4675
-65.3238
-65.3758
-65.4024
-65.6007
-65.5301
-65.5311
-65.4062
-65.4672
-65.4972
-65.4517
-65.5072
-65.3629
-65.6191
-65.4079
-65.3684
-65.5686
-65.4661
-65.5442
-65.6224
-65.6019
-65.5988
-65.5163
-65.7081
-65.4647
-65.7642
-65.465
-65.5315
-65.2553
-65.3271
-65.3752
-65.618
-65.6826
-65.531
-65.5525
-65.4661
-65.4606
-65.2587
-65.6407
-65.4343
-65.566
-65.4533
-65.6306
-65.388
-65.5786
-65.5549
-65.4413
-65.304
-65.4063
-65.4448
-65.3535
-65.4377
-65.5539
-65.6066
-65.312
-65.5144
-65.7293
-65.5774
-65.3829
-65.5218
-65.6808
-65.5322
-65.5812
-65.6854
-65.4846
-65.5067
-65.4694
-65.3671
-65.6147
-65.4474
-65.6005
-65.2177
-65.6035
-65.396
-65.4645
-65.4677
-65.53
-65.8077
-65.359
-65.3773
-65.4624
-65.5556
-65.5591
-65.5179
-65.5124
-65.3004
-65.6737
-65.5872
-65.5756
-65.5927
-65.4537
-65.5127
-65.4215
-65.4603
-65.6341
-65.5639
-65.4241
-65.3355
-65.3317
-65.5025
-65.4655
-65.3274
-65.4306
-65.6084
-65.5258
-65.5744
-65.5917
-65.3311
-65.4878
-65.5074
-65.6672
-65.3981
-65.2455
-65.6976
-65.4141
-65.5208
-65.4407
-65.4419
-65.4953
-65.526
-65.4324
-65.4706
-65.3053
-65.4066
-65.481
-65.3879
-65.5093
-65.4335
-65.4263
-65.3126
-65.4984
-65.5152
-65.5776
-65.5824
-65.6071
-65.4432
-65.6844
-65.4556
-65.5197
-65.5485
-65.3194
-65.5709
-65.5904
-65.6051
-65.4547
-65.4085
-65.5151
-65.4387
-65.5212
-65.7222
-65.3077
-65.5015
-65.7226
-65.4934
-65.375
-65.5511
-65.2746
-65.5222
-65.5164
-65.6164
-65.361
-65.5162
-65.4833
-65.5687
-65.5878
-65.4801
-65.7195
-65.3981
-65.3628
-65.4948
-65.5419
-65.4245
-65.4134
-65.4912
-65.4669
-65.2407
-65.5715
-65.5682
-65.5034
-65.437
-65.408
-65.6555
-65.4766
-65.6018
-65.5785
-65.4434
-65.5771
-65.4318
-65.4063
-65.5554
-65.117
-65.4165
-65.2119
-65.6281
-65.4639
-65.7669
-65.3934
-65.3837
-65.5988
-65.5236
-65.5111
-65.5815
-65.5811
-65.4517
-65.3827
-65.4106
-65.6505
-65.451
-65.2052
-65.2713
-65.4326
-65.5738
-65.5015
-65.2786
-65.4459
-65.261
-65.5579
-65.5055
-65.6946
-65.4923
-65.4202
-65.4369
-65.5171
-65.5253
-65.4483
-65.5676
-65.3403
-65.4145
-65.6648
-65.5197
-65.4575
-65.2281
-65.3575
-65.3273
-65.5149
-65.4597
-65.6923
-65.5769
-65.4394
-65.3401
-65.4283
-65.3496
-65.4243
-65.7024
-65.4883
-65.5061
-65.4238
-65.3515
-65.5529
-65.5233
-65.3458
-65.4538
-65.3049
-65.5247
-65.625
-65.3635
-65.5208
-65.2911
-65.529
-65.442
-65.6222
-65.5941
-65.6068
-65.503
-65.5411
-65.4013
-65.4854
-65.239
-65.4905
-65.3872
-65.5255
-65.4616
-65.4228
-65.4745
-65.5764
-65.5679
-65.647
-65.5419
-65.3213
-65.5576
-65.5562
-65.5121
-65.5019
-65.5264
-65.4866
-65.4382
-65.5722
-65.3791
-65.534
-65.5947
-65.6416
-65.184
-65.3202
-65.5711
-65.4149
-65.4006
-65.5256
-65.4745
-65.4907
-65.4253
-65.409
-65.6518
-65.3468
-65.4528
-65.4985
-65.2686
-65.5017
-65.3288
-65.4952
-65.4141
-65.3376
-65.7197
-65.4322
-65.4138
-65.4391
-65.6037
-65.4017
-65.4623
-65.4498
-65.4848
-65.5635
-65.4816
-65.6346
-65.6001
-65.7205
-65.7948
-65.5577
-65.6225
-65.5096
-65.5203
-65.6081
-65.5742
-65.3921
-65.5021
-65.2992
-65.3981
-65.5242
-65.498
-65.3518
-65.7722
-65.451
-65.5334
-65.4945
-65.4195
-65.3733
-65.5115
-65.493
-65.4701
-65.5424
-65.5603
-65.4454
-65.4952
-65.3105
-65.32
-65.6698
-65.4912
-65.567
-65.3666
-65.4644
-65.5068
-65.6152
-65.5708
-65.3765
-65.6833
-65.3563
-65.6191
-65.4427
-65.5626
-65.4753
-65.4705
-65.2955
-65.627
-65.4933
-65.5457
-65.6397
-65.5897
-65.4209
-65.394
-65.6865
-65.4866
-65.4467
-65.3878
-65.5026
-65.3843
-65.2936
-65.44
-65.3529
-65.4315
-65.5608
-65.5134
-65.3365
-65.7035
-65.3593
-65.5512
-65.6608
-65.3403
-65.5437
-65.497
-65.2625
-65.3355
-65.5365
-65.7011
-65.5423
-65.5837
-65.4218
-65.5102
-65.4282
-65.7813
-65.2818
-65.6402
-65.5356
-65.6588
-65.339
-65.6558
-65.3622
-65.6238
-65.4793
-65.6161
-65.4282
-65.0867
-65.3198
-65.3083
-65.3227
-65.6257
-65.7596
-65.5455
-65.31
-65.5907
-65.6385
-65.5314
-65.5704
-65.581
-65.4536
-65.4915
-65.3679
-65.4434
-65.4605
-65.2857
-65.4593
-65.4568
-65.4402
-65.4468
-65.63
-65.6222
-65.6442
-65.4992
-65.3546
-65.2714
-65.3384
-65.5712
-65.4888
-65.3942
-65.5911
-65.375
-65.547
-65.5438
-65.4849
-65.6947
-65.4158
-65.2987
-65.4189
-65.6821
-65.392
-65.6
-65.3964
-65.6108
-65.4559
-65.4551
-65.3157
-65.5835
-65.4983
-65.8272
-65.3601
-65.5046
-65.3635
-65.4153
-65.5846
-65.632
-65.5376
-65.4192
-65.6459
-65.5504
-65.4416
-65.6009
-65.7051
-65.5518
-65.6748
-65.7005
-65.7047
-65.5353
-65.6836
-65.5235
-65.5088
-65.4945
-65.4644
-65.5788
-65.377
-65.6193
-65.6577
-65.5003
-65.5164
-65.5319
-65.5294
-65.5366
-65.2392
-65.7146
-65.4296
-65.3978
-65.6746
-65.3826
-65.4324
-65.5912
-65.4858
-65.7074
-65.6437
-65.5956
-65.3981
-65.4007
-65.5457
-65.6517
-65.5435
-65.7072
-65.5659
-65.5883
-65.6559
-65.3571
-65.4988
-65.4627
-65.4689
-65.531
-65.5992
-65.314
-65.4433
-65.6065
-65.3921
-65.6228
-65.488
-65.5761
-65.4522
-65.9023
-65.5716
-65.4291
-65.6093
-65.422
-65.658
-65.522
-65.6275
-65.3104
-65.2661
-65.3009
-65.536
-65.6898
-65.5622
-65.8418
-65.4424
-65.5588
-65.3542
-65.6113
-65.686
-65.4664
-65.5092
-65.4861
-65.537
-65.6676
-65.616
-65.6051
-65.6832
-65.3401
-65.5537
-65.6274
-65.5112
-65.7146
-65.6659
-65.6135
-65.3864
-65.6323
-65.6089
-65.6229
-65.7361
-65.374
-65.8261
-65.7831
-65.37
-65.5673
-65.6239
-65.5078
-65.665
-65.3442
-65.4144
-65.5088
-65.5288
-65.5944
-65.5157
-65.5696
-65.6666
-65.4959
-65.4472
-65.5247
-65.645
-65.4588
-65.4247
-65.3513
-65.6008
-65.6087
-65.5622
-65.608
-65.553
-65.6787
-65.5651
-65.279
-65.4315
-65.3833
-65.4541
-65.5222
-65.4872
-65.7568
-65.4676
-65.7007
-65.5187
-65.6398
-65.3892
-65.6029
-65.4883
-65.5104
-65.5221
-65.813
-65.4676
-65.5956
-65.5147
-65.434
-65.5589
-65.5345
-65.4972
-65.3383
-65.5851
-65.6263
-65.4525
-65.5446
-65.6451
-65.6888
-65.3843
-65.5445
-65.4493
-65.457
-65.7096
-65.5643
-65.5044
-65.4205
-65.4104
-65.6492
-65.7647
-65.545
-65.6971
-65.584
-65.5759
-65.7345
-65.6825
-65.3064
-65.6483
-65.661
-65.8327
-65.4679
-65.4131
-65.5243
-65.2897
-65.7364
-65.7364
-65.5989
-65.5861
-65.7214
-65.544
-65.5741
-65.7301
-65.5211
-65.5939
-65.5378
-65.6566
-65.2611
-65.5774
-65.494
-65.5823
-65.5885
-65.5504
-65.5426
-65.3297
-65.5752
-65.5735
-65.4629
-65.5513
-65.2848
-65.5896
-65.5292
-65.5768
-65.6726
-65.4583
-65.5354
-65.5154
-65.4489
-65.4621
-65.5249
-65.4562
-65.4969
-65.6029
-65.5376
-65.5344
-65.4968
-65.541
-65.3788
-65.4981
-65.5061
-65.6495
-65.6515
-65.4739
-65.6945
-65.6522
-65.3749
-65.8541
-65.6868
-65.657
-65.56
-65.5341
-65.5148
-65.4971
-65.7154
-65.4404
-65.6201
-65.406
-65.5054
-65.7366
-65.5919
-65.6281
-65.7695
-65.6042
-65.419
-65.6058
-65.3525
-65.5373
-65.3747
-65.3814
-65.6794
-65.562
-65.8031
-65.7064
-65.6098
-65.5635
-65.6349
-65.6723
-65.673
-65.6432
-65.4593
-65.4656
-65.5683
-65.7465
-65.6625
-65.665
-65.57
-65.7152
-65.5914
-65.6874
-65.6002
-65.6366
-65.5415
-65.8189
-65.5082
-65.4847
-65.6436
-65.6687
-65.5044
-65.4393
-65.8231
-65.5918
-65.6317
-65.4686
-65.6294
-65.4887
-65.4152
-65.3838
-65.566
-65.6738
-65.6997
-65.5788
-65.4586
-65.7286
-65.7251
-65.4797
-65.5733
-65.6832
-65.6417
-65.5324
-65.4142
-65.6101
-65.7486
-65.5803
-65.518
-65.5321
-65.6956
-65.581
-65.761
-65.4846
-65.6251
-65.7739
-65.6462
-65.6062
-65.5056
-65.5677
-65.6326
-65.449
-65.5568
-65.6187
-65.4365
-65.5308
-65.7133
-65.5372
-65.3943
-65.5513
-65.6037
-65.5673
-65.5553
-65.6538
-65.6169
-65.5235
-65.667
-65.5935
-65.5652
-65.6583
-65.7255
-65.3715
-65.5159
-65.5517
-65.6138
-65.632
-65.5679
-65.6644
-65.7962
-65.6515
-65.6685
-65.7151
-65.5908
-65.4297
-65.6265
-65.5618
-65.666
-65.7675
-65.604
-65.5544
-65.8607
-65.6829
-65.488
-65.6466
-65.6435
-65.6387
-65.6073
-65.5858
-65.4562
-65.4391
-65.5858
-65.5887
-65.8328
-65.596
-65.4461
-65.6808
-65.631
-65.6359
-65.421
-65.472
-65.4876
-65.6489
-65.6691
-65.6919
-65.7553
-65.5061
-65.5496
-65.5675
-65.4041
-65.7452
-65.6633
-65.6382
-65.6539
-65.5611
-65.6892
-65.4927
-65.5973
-65.6969
-65.8831
-65.5054
-65.644
-65.7953
-65.6332
-65.4094
-65.5492
-65.4712
-65.6104
-65.7724
-65.7481
-65.5794
-65.7839
-65.5911
-65.9912
-65.5796
-65.4656
-65.796
-65.4405
-65.6091
-65.5027
-65.7143
-65.6694
-65.7935
-65.8044
-65.4589
-65.5892
-65.7125
-65.6339
-65.6216
-65.5612
-65.6779
-65.4344
-65.5859
-65.6031
-65.7538
-65.587
-65.8376
-65.7146
-65.5935
-65.6252
-65.6087
-65.5266
-65.5223
-65.6876
-65.5795
-65.43
-65.7444
-65.3966
-65.8834
-65.5962
-65.6064
-65.7141
-65.6217
-65.5901
-65.5563
-65.6555
-65.7166
-65.5666
-65.7237
-65.5691
-65.5202
-65.6134
-65.674
-65.7094
-65.6038
-65.7477
-65.903
-65.4283
-65.6806
-65.5846
-65.5944
-65.6334
-65.7511
-65.5685
-65.521
-65.5699
-65.6986
-65.8539
-65.8367
-65.8201
-65.6729
-65.5728
-65.7675
-65.7368
-65.8558
-65.6351
-65.6108
-65.5242
-65.6669
-65.5924
-65.4883
-65.674
-65.9093
-65.4346
-65.6537
-65.5082
-65.4298
-65.4615
-65.7486
-65.4838
-65.6828
-65.9175
-65.6113
-65.8665
-65.6927
-65.7256
-65.692
-65.5729
-65.7292
-65.7539
-65.619
-65.6035
-65.8643
-65.5606
-65.624
-65.5244
-65.5694
-65.6944
-65.4745
-65.8231
-65.6735
-65.6678
-65.5999
-65.4893
-65.6851
-65.8273
-65.6362
-65.7266
-65.5602
-65.5516
-65.8344
-65.803
-65.5519
-65.2882
-65.4255
-65.5789
-65.6935
-65.539
-65.4865
-65.7465
-65.7822
-65.7922
-65.7848
-65.8156
-65.75
-65.8622
-65.7879
-65.6147
-65.512
-65.4812
-65.7758
-65.8339
-65.8869
-65.606
-65.4722
-65.6852
-65.761
-65.6198
-65.8538
-65.7183
-65.53
-65.729
-65.8269
-65.7724
-65.424
-65.8125
-65.4885
-65.6161
-65.6387
-65.5359
-65.8523
-65.5349
-65.7946
-65.4335
-65.499
-65.78
-65.6469
-65.8292
-65.6903
-65.687
-65.8094
-65.5206
-65.6885
-65.6557
-65.7206
-65.6005
-65.8207
-65.5695
-65.8382
-65.8784
-65.9527
-65.6068
-65.6403
-65.6268
-65.6244
-65.6846
-65.8315
-65.6159
-65.4538
-65.5645
-65.6259
-65.6117
-65.7834
-65.72
-65.4238
-65.6309
-65.6998
-65.9451
-65.7935
-65.6051
-65.7397
-65.7968
-65.8301
-66.0234
-65.6753
-65.8554
-65.6624
-65.6804
-65.7916
-65.6003
-65.7514
-65.6593
-65.7202
-65.7626
-65.6945
-65.8056
-65.9109
-65.6703
-65.6866
-65.6688
-65.7007
-65.8331
-65.8121
-65.7822
-65.6001
-65.7557
-65.5706
-65.7719
-65.7358
-65.8217
-65.7564
-65.7182
-65.7256
-65.8235
-65.7812
-65.6715
-65.8247
-65.8718
-65.8864
-65.8653
-65.8544
-65.7927
-65.7514
-65.9054
-65.6457
-65.6218
-65.8148
-65.6562
-65.8124
-65.5908
-65.8392
-65.8312
-65.6188
-65.9599
-65.6768
-65.917
-65.7628
-65.5498
-65.6534
-65.6295
-65.8042
-65.6466
-65.698
-65.8253
-65.713
-65.5166
-65.7415
-65.8333
-65.7413
-65.9041
-65.8675
-65.8389
-65.528
-65.9218
-65.5899
-65.872
-65.7681
-65.6164
-65.931
-65.5822
-65.8408
-65.6947
-65.9506
-65.6026
-65.7919
-65.7297
-65.5636
-65.8886
-65.6813
-65.7772
-65.8366
-65.8693
-65.6878
-65.5651
-65.7653
-65.784
-65.8256
-65.8114
-65.6022
-65.6054
-65.8421
-65.733
-65.5917
-65.7924
-65.776
-65.6989
-65.734
-66.0817
-65.9537
-65.7252
-65.7573
-65.7077
-65.5237
-65.7309
-65.9608
-65.8033
-65.6753
-65.6912
-65.7444
-65.6536
-65.9242
-65.916
-65.6358
-65.8091
-65.7949
-65.5563
-65.832
-65.6465
-65.819
-65.7328
-65.4281
-66.0076
-65.5198
-65.5575
-65.9337
-65.7281
-65.6677
-65.8827
-65.9634
-65.6733
-65.4334
-65.7853
-65.6575
-65.8272
-65.8427
-65.8882
-65.6478
-65.9476
-65.5873
-65.7685
-65.623
-65.8355
-66.009
-65.901
-65.6907
-65.8852
-66.0547
-65.7192
-65.7904
-65.5433
-65.8972
-65.7651
-65.8503
-65.5747
-65.812
-65.9843
-65.4952
-65.5919
-65.5957
-65.7446
-65.8746
-65.6996
-65.6718
-65.563
-65.6769
-66.0008
-65.8725
-65.8808
-65.6393
-65.8766
-65.5582
-65.6998
-65.794
-65.7756
-65.7022
-65.7295
-65.8102
-65.7073
-65.8279
-65.674
-66.0816
-65.8491
-65.8353
-65.8189
-65.9747
-65.6379
-65.6739
-65.6734
-65.7642
-65.6838
-65.5882
-65.806
-65.8903
-65.74
-66.0288
-65.6665
-65.6102
-65.86
-65.847
-65.6645
-65.8829
-65.9411
-65.6341
-65.6683
-66.019
-65.7541
-65.9273
-65.7757
-65.5318
-65.8669
-65.6627
-65.9742
-65.4649
-65.8179
-65.9171
-65.799
-65.6862
-65.5702
-66.0669
-65.657
-65.9737
-65.8939
-65.7582
-65.6928
-65.7878
-65.7081
-65.8448
-65.839
-65.8235
-65.6508
-65.7597
-65.633
-65.6571
-65.8458
-65.8201
-65.5888
-65.8094
-65.6347
-65.6493
-65.773
-65.6613
-65.7521
-65.6376
-65.8928
-65.7191
-65.8932
-65.8257
-65.7331
-65.8232
-65.7517
-65.8176
-65.6221
-65.823
-65.8
-65.7898
-65.9296
-65.5933
-65.9905
-65.7117
-65.8029
-65.8715
-65.9491
-65.7311
-65.5912
-65.6597
-65.9161
-65.7578
-65.8864
-65.9325
-65.9787
-65.8338
-65.5913
-65.6799
-65.6979
-65.7303
-65.8661
-65.8716
-65.7536
-65.7161
-65.9244
-65.866
-65.8595
-65.852
-65.7725
-65.7327
-65.5683
-65.8246
-65.7064
-65.8583
-65.8533
-65.7861
-65.9434
-65.8353
-65.9222
-65.9781
-65.8034
-65.6757
-65.9221
-65.8531
-65.661
-66.1691
-65.8847
-65.9607
-65.9
-65.886
-65.9426
-65.771
-65.6507
-65.938
-65.7257
-65.9887
-65.7425
-65.8851
-65.7431
-65.7726
-65.8292
-65.7853
-66.1567
-65.6456
-65.8679
-65.8451
-65.8833
-65.798
-65.8281
-65.8826
-65.9379
-65.8931
-65.9711
-65.8197
-66.0681
-65.8386
-65.9184
-65.8031
-65.7368
-65.7526
-65.9459
-65.8785
-65.7001
-65.8613
-65.8232
-65.7521
-65.6895
-65.6848
-66.0605
-65.7733
-65.8215
-65.7024
-66.0447
-66.0007
-66.0163
-65.7502
-65.8883
-65.6839
-65.67
-65.7993
-65.8415
-65.8463
-65.7643
-65.7631
-65.8637
-65.7758
-65.9998
-65.789
-65.8675
-65.8076
-65.8197
-65.7755
-65.8598
-65.7116
-65.8958
-65.474
-65.6907
-65.8658
-65.6928
-66.0898
-65.9861
-65.7237
-65.9165
-65.7667
-65.7082
-65.9754
-65.9921
-65.7169
-65.9115
-65.7705
-65.9056
-65.7269
-65.7328
-65.9077
-65.7362
-65.848
-65.7259
-65.7201
-65.8329
-65.9377
-65.6449
-65.7919
-65.6855
-65.7643
-65.8978
-65.8503
-65.973
-65.7095
-65.777
-65.9332
-65.6925
-65.8831
-65.9793
-65.7286
-65.747
-66.007
-65.725
-65.7165
-65.8918
-65.9437
-65.9194
-65.9594
-65.9166
-65.9673
-65.9014
-65.9162
-65.7633
-65.876
-66.0452
-65.9154
-65.8861
-65.9684
-65.8131
-65.8067
-65.9266
-65.7583
-65.8522
-65.7229
-66.1045
-65.8361
-65.6966
-66.0287
-65.7473
-65.9396
-65.6945
-65.7806
-65.8599
-66.0215
-65.9149
-65.8414
-65.8228
-65.781
-65.6233
-65.8376
-65.9078
-65.9655
-65.8571
-65.9255
-66.0137
-65.756
-65.6934
-65.9305
-65.7841
-65.7552
-65.8882
-65.8044
-65.8118
-65.8087
-65.8428
-65.8579
-65.7179
-65.7981
-65.7805
-65.7467
-65.8953
-65.8408
-65.9345
-65.7383
-66.0026
-65.872
-66.0618
-65.8746
-65.776
-65.8508
-66.0683
-65.834
-65.9089
-65.8638
-65.8203
-65.8127
-65.8979
-65.9767
-65.9016
-65.9313
-65.9014
-65.9345
-65.9304
-66.039
-65.8232
-65.9206
-65.7861
-65.6069
-65.9125
-66.0239
-65.8595
-65.8399
-65.8841
-65.9046
-65.764
-65.8984
-65.6749
-65.8402
-66.007
-65.8864
-66.0302
-65.7131
-65.753
-65.9358
-65.6982
-65.6194
-65.898
-66.0683
-65.8489
-65.9554
-65.8429
-65.9397
-65.8336
-65.9726
-65.8943
-65.9464
-65.9271
-65.7767
-65.9993
-65.897
-65.9124
-66.0188
-66.1058
-65.9503
-65.8222
-65.9303
-65.9129
-66.0332
-65.7795
-65.6779
-65.8158
-65.9315
-65.9656
-65.7895
-65.8101
-66.0504
-66.0353
-65.7012
-66.0085
-65.8915
-65.785
-65.9492
-65.9222
-65.9565
-66.0287
-66.0203
-65.9664
-65.9956
-65.7933
-65.8951
-65.9723
-65.9876
-65.7381
-65.7312
-65.916
-66.0615
-65.9202
-65.8622
-65.8246
-65.947
-66.142
-65.8792
-65.95
-65.6854
-65.7487
-65.964
-65.2155
-66.0524
-65.7869
-65.9045
-65.9569
-65.8797
-65.9906
-65.7344
-66.0734
-65.9804
-65.8392
-65.9817
-65.746
-65.995
-65.8899
-65.9599
-65.7924
-66.2442
-65.9044
-65.9678
-65.8287
-65.9731
-66.0823
-66.0925
-66.0954
-66.1668
-65.7622
-65.8423
-66.055
-66.1737
-65.8435
-65.9175
-65.8977
-65.8496
-65.8533
-66.0304
-65.8801
-65.9151
-65.8267
-65.8512
-65.8852
-66.0149
-65.9917
-65.859
-65.7212
-65.7919
-65.9183
-65.8511
-65.8722
-65.9237
-65.9823
-65.8036
-65.8247
-65.9985
-65.8424
-65.9891
-65.7919
-65.967
-65.8969
-66.0657
-65.9768
-66.0322
-65.985
-65.8472
-65.9103
-66.0019
-65.9745
-65.709
-65.8814
-65.8392
-66.0254
-65.9755
-66.0402
-65.8039
-65.8344
-65.9899
-65.7435
-65.7873
-65.9335
-65.7993
-65.8184
-66.0378
-65.8597
-65.9796
-66.0106
-65.7726
-65.8471
-65.8436
-66.001
-65.9326
-65.9227
-65.8168
-66.0739
-65.9632
-66.0123
-66.0935
-65.9533
-66.0609
-66.0602
-65.7999
-66.012
-65.9819
-65.8575
-66.0155
-66.0169
-65.8632
-65.8604
-66.0171
-65.9098
-65.9174
-65.7578
-66.0375
-65.8216
-65.9664
-65.897
-65.6955
-65.7815
-65.9724
-65.9904
-66.1195
-66.1744
-65.9595
-65.7267
-65.9691
-65.8509
-66.0904
-66.1628
-65.9025
-66.1144
-65.8824
-65.8464
-66.0923
-65.8428
-66.0366
-66.0517
-66.0369
-66.2336
-66.0874
-65.94
-65.8077
-66.1776
-65.8299
-66.0168
-65.8793
-65.9716
-65.8176
-65.9073
-66.1644
-65.9839
-65.7541
-65.9091
-66.113
-66.0704
-65.8975
-65.9374
-65.9588
-65.8906
-66.0454
-66.0115
-65.8555
-66.0355
-65.9012
-65.8923
-65.9369
-66.1107
-65.6998
-65.984
-66.009
-66.2095
-65.9294
-65.9585
-65.9843
-66.1749
-66.0711
-65.8821
-65.846
-66.0773
-65.9818
-65.9773
-66.0096
-65.836
-65.8172
-65.9807
-66.0719
-65.8586
-66.1939
-65.9718
-66.0677
-66.0763
-65.8276
-66.0601
-66.1407
-65.8031
-65.9548
-65.794
-66.2125
-65.9326
-65.7932
-66.2466
-66.052
-66.0829
-65.9712
-65.7525
-66.1131
-65.9137
-65.7597
-66.1151
-65.8813
-66.1334
-65.9316
-66.1705
-66.018
-65.9909
-65.818
-66.0524
-66.1243
-65.9884
-66.0428
-66.3098
-66.0414
-66.1317
-65.897
-66.0921
-65.9923
-65.7599
-66.0377
-65.7144
-65.9707
-65.8551
-65.9457
-66.1329
-66.092
-66.1322
-66.0677
-65.8767
-65.8914
-66.0014
-66.2103
-66.03
-66.0446
-66.0648
-65.9613
-66.0846
-66.0517
-66.1939
-66.0635
-65.8905
-66.0058
-66.1213
-66.1336
-65.9471
-66.017
-65.8009
-66.0623
-65.993
-66.0769
-65.9179
-65.9796
-66.143
-66.1348
-65.8323
-65.9142
-65.9018
-65.7549
-65.9597
-65.9269
-66.0466
-66.0606
-65.9734
-65.9868
-66.0563
-66.1669
-66.0956
-66.1855
-65.9406
-66.0204
-65.9808
-66.2039
-66.0711
-66.0997
-65.8651
-66.0956
-66.0307
-66.1516
-66.189
-65.9584
-66.0283
-65.8737
-66.0957
-66.0834
-65.9725
-66.1467
-66.1602
-66.0962
-66.03
-65.6996
-65.8955
-65.7869
-65.9428
-65.8234
-65.8437
-66.0214
-65.9839
-66.0173
-66.101
-65.8573
-66.1231
-66.2373
-65.8714
-66.0752
-66.002
-66.2216
-66.0268
-66.129
-65.8894
-66.1021
-66.1302
-66.0859
-65.9793
-66.2353
-65.8795
-65.9665
-66.2146
-66.0249
-65.9762
-66.0356
-65.9156
-65.9629
-66.0244
-66.0706
-66.2285
-66.1151
-65.9804
-66.0867
-65.9389
-66.0659
-65.9872
-66.1643
-65.9504
-65.9112
-66.1129
-66.0814
-66.0079
-66.4422
-65.9987
-66.2359
-66.1504
-66.1477
-66.0162
-66.1215
-66.1219
-65.9354
-65.8786
-65.9946
-66.117
-65.8096
-65.8524
-66.0157
-65.8968
-65.8749
-66.0452
-66.0362
-66.0464
-66.0613
-66.2452
-66.1008
-65.7162
-66.0035
-66.2326
-66.1056
-66.0111
-66.126
-65.999
-65.8428
-66.0867
-66.0425
-65.9956
-65.9408
-65.9278
-65.9637
-65.8271
-66.0198
-66.0215
-66.033
-66.3124
-65.9962
-66.1124
-65.8712
-65.8468
-66.1519
-65.9684
-66.0037
-65.8471
-66.0601
-66.0126
-66.0625
-65.746
-65.9947
-65.9642
-65.9426
-65.9995
-66.1509
-66.165
-65.9669
-66.1465
-66.2542
-65.844
-66.0974
-66.2228
-65.9103
-66.0056
-66.1346
-66.122
-66.0938
-65.9594
-65.9008
-66.1313
-66.1696
-65.9925
-65.9996
-66.1675
-66.1026
-66.0507
-66.129
-66.162
-66.1514
-66.132
-66.2308
-66.0666
-66.1897
-65.8666
-66.163
-66.0068
-65.9314
-65.9677
-66.1389
-65.9729
-66.2748
-66.0751
-66.0582
-66.0489
-66.2633
-65.9477
-65.9787
-66.2466
-65.9884
-66.082
-66.0941
-65.9025
-66.0562
-66.0454
-66.1049
-65.8288
-66.1481
-65.9751
-66.1084
-66.0051
-65.9328
-66.2398
-66.0423
-66.1982
-66.0219
-66.0198
-65.9949
-65.9753
-66.1612
-65.9744
-66.2996
-66.1927
-66.0826
-66.0877
-66.1059
-66.0258
-66.1201
-66.2271
-65.9824
-66.0995
-66.038
-66.0762
-65.8987
-66.3045
-66.0154
-66.0083
-66.1382
-66.0808
-65.9423
-66.1411
-66.0678
-65.9346
-66.3968
-66.1247
-66.2575
-66.1229
-66.1687
-65.9668
-66.4146
-65.9212
-66.1655
-65.9338
-66.0688
-66.104
-66.0201
-66.0746
-65.9493
-66.2233
-66.0121
-66.0177
-66.049
-66.1775
-66.0165
-66.049
-66.1023
-66.1712
-66.1213
-66.0259
-66.1578
-65.9314
-66.0668
-66.1683
-66.0608
-65.9765
-66.0005
-66.05
-66.146
-65.8615
-66.114
-66.0143
-66.0572
-65.9904
-66.0765
-66.1379
-66.0444
-65.8999
-66.2507
-66.2923
-65.9573
-66.1406
-66.1406
-66.0384
-65.867
-66.1765
-65.9749
-66.0092
-65.8788
-66.2917
-66.0801
-66.3374
-66.1775
-65.8564
-66.3717
-66.3083
-65.9476
-66.0859
-65.9875
-66.2206
-65.9411
-65.9941
-65.9378
-66.0303
-66.1073
-66.3278
-66.1009
-66.0349
-65.9537
-66.1613
-65.9444
-66.0767
-66.1329
-65.9994
-66.0489
-66.2505
-65.8976
-66.0978
-66.1999
-65.9698
-66.1574
-66.3722
-65.9741
-65.8297
-65.8844
-66.278
-66.3056
-66.2347
-66.1333
-66.256
-66.1956
-65.8991
-65.9307
-66.0403
-65.8937
-66.0184
-65.9562
-66.2695
-66.1855
-66.0816
-66.1282
-66.137
-66.0739
-66.041
-66.1211
-66.0415
-66.216
-66.1124
-65.9733
-66.1602
-66.0442
-65.8642
-65.9133
-66.1192
-66.1708
-66.199
-65.9575
-66.1684
-65.8735
-65.3402
-49.3182
-65.2069
-65.7706
-66.069
-66.1124
-66.0476
-66.2118
-66.0524
-65.9326
-65.9425
-65.8343
-66.1966
-66.2136
-66.2887
-66.1039
-66.1678
-65.5892
-66.0694
-65.7963
-66.124
-66.0668
-66.0829
-65.9829
-65.9697
-66.1852
-66.138
-66.0243
-66.0331
-65.9497
-66.2049
-66.0818
-66.1383
-66.1767
-66.1673
-66.3288
-66.0811
-66.1989
-66.219
-66.1539
-66.2473
-66.1019
-66.1818
-66.0686
-66.0611
-66.1774
-66.1077
-65.9672
-66.3866
-66.0251
-66.1791
-66.1791
-65.9788
-66.2709
-66.2636
-65.9345
-66.0849
-66.2851
-66.0126
-66.2375
-66.0729
-66.1021
-66.1497
-66.1488
-66.1681
-66.0431
-66.1875
-65.9981
-66.1717
-66.0387
-66.0301
-66.0712
-66.2057
-66.0464
-66.109
-66.1132
-66.0339
-65.8464
-66.0106
-66.1487
-65.9599
-66.0233
-66.063
-66.1193
-66.0769
-66.1329
-66.026
-65.9185
-66.2869
-66.0809
-66.027
-66.1347
-66.0568
-65.8906
-66.2212
-66.0892
-66.0943
-66.0276
-66.1204
-66.0372
-66.212
-66.1147
-66.1131
-66.0116
-66.0363
-66.1148
-66.2514
-66.1891
-66.1183
-66.0247
-65.8484
-66.0536
-66.025
-66.148
-66.1654
-66.0489
-66.0515
-66.3612
-66.2561
-66.1115
-66.3454
-65.9868
-66.15
-66.092
-66.0543
-66.0447
-66.1025
-65.8365
-65.9054
-66.0933
-66.2235
-66.0785
-66.0531
-66.1627
-66.3832
-65.9352
-66.2311
-66.0348
-66.0696
-66.1638
-66.1423
-66.0958
-66.248
-66.1269
-66.0146
-66.0465
-66.0333
-66.3001
-66.0286
-66.219
-66.0432
-66.0035
-66.1898
-65.9536
-66.3403
-66.1561
-66.1828
-66.2713
-66.1264
-66.1004
-66.2198
-66.1318
-66.1517
-66.1725
-66.2591
-66.2017
-66.3017
-66.1444
-66.0055
-66.2524
-66.2565
-66.2653
-66.1567
-65.8642
-66.1822
-65.9763
-66.1869
-66.0911
-66.1546
-66.312
-66.1652
-65.887
-66.0718
-65.981
-66.2414
-66.0382
-66.086
-65.9476
-66.1058
-66.0416
-66.2263
-66.2018
-66.1409
-66.0657
-65.8819
-66.048
-66.189
-66.0467
-66.2685
-66.1324
-66.1367
-66.0766
-66.2513
-66.0443
-66.3119
-66.135
-65.9953
-66.0992
-66.1919
-66.1695
-66.3144
-65.9615
-66.0857
-66.0709
-66.2691
-66.1916
-66.1846
-66.186
-66.3191
-66.2941
-65.9911
-66.1412
-65.9729
-66.2069
-66.1593
-66.2727
-66.1291
-66.3658
-66.2576
-66.4097
-66.3134
-66.0771
-66.0062
-65.9397
-66.1114
-66.1933
-65.9384
-66.1401
-66.1922
-66.0114
-66.0047
-66.3062
-66.2423
-66.0716
-66.2889
-66.2782
-66.3269
-66.1775
-66.1748
-66.0141
-66.3687
-66.0616
-66.0808
-66.2714
-66.4147
-66.2469
-66.188
-66.2378
-66.2079
-66.1339
-66.0315
-66.1657
-66.2929
-66.204
-66.0242
-66.2222
-65.9764
-66.3382
-66.1267
-66.1391
-66.0829
-66.0211
-66.1987
-66.0578
-66.1744
-66.0333
-65.9701
-66.2142
-66.2189
-66.164
-66.2645
-66.1307
-66.0776
-66.1212
-65.9764
-66.2984
-66.2477
-66.0598
-66.178
-66.056
-65.7585
-66.1967
-66.394
-65.8624
-66.1379
-66.2644
-66.1915
-66.0073
-66.0705
-66.2045
-66.0456
-66.1153
-66.0513
-66.0943
-66.1871
-66.0631
-66.1471
-66.2576
-66.1284
-66.3292
-65.9938
-66.2246
-66.4066
-66.1788
-65.922
-66.2441
-66.0404
-66.1756
-66.2153
-66.2673
-66.3918
-66.1974
-66.1859
-66.3985
-66.0895
-66.0333
-66.0242
-66.0326
-66.069
-65.8568
-66.3153
-66.0636
-66.2907
-66.1893
-66.3322
-66.196
-66.1389
-65.9868
-66.0744
-65.9675
-66.3956
-66.2628
-66.0365
-66.1075
-66.2429
-65.919
-66.1344
-66.0661
-66.2156
-66.2485
-66.0064
-66.1324
-66.2269
-66.1773
-66.169
-66.2455
-65.8976
-66.2429
-66.2777
-66.1248
-65.9696
-66.0896
-66.2709
-66.248
-66.1977
-66.0916
-66.086
-66.1329
-66.1575
-66.3885
-66.1521
-66.0942
-65.9766
-66.0022
-66.1615
-65.8889
-66.1973
-66.0682
-66.2001
-66.1303
-66.1737
-66.1519
-66.2994
-66.2297
-66.1506
-66.0013
-66.3558
-66.0846
-66.0013
-66.2897
-66.2858
-66.2519
-65.9103
-66.1987
-66.3314
-66.1779
-66.3438
-66.01
-66.0288
-65.9262
-66.3668
-66.0391
-66.1787
-66.2104
-66.0319
-66.4275
-66.0945
-65.8891
-66.3764
-66.1142
-66.1748
-66.3686
-65.9794
-65.9277
-66.2788
-66.1519
-66.3453
-66.2095
-66.3078
-66.1141
-66.2788
-66.1968
-65.9439
-66.1128
-66.2131
-66.2044
-66.0886
-66.0948
-66.1383
-66.1766
-66.1432
-66.0536
-66.2346
-66.1903
-66.2183
-66.2396
-65.9382
-66.0784
-66.4995
-66.2736
-66.1511
-66.179
-66.1188
-66.0629
-66.178
-65.97
-66.0347
-66.323
-65.9831
-66.1009
-66.4292
-66.2895
-66.2039
-66.2816
-66.3329
-66.3004
-65.9888
-66.4198
-66.2486
-65.7434
-66.0991
-66.2837
-66.2569
-66.1194
-66.2047
-66.1378
-66.2795
-66.1948
-66.055
-66.0994
-66.2252
-66.0915
-66.2603
-66.035
-66.2518
-66.1399
-66.3155
-66.0579
-66.148
-66.2383
-66.2791
-66.0977
-66.1211
-66.329
-66.4335
-66.002
-66.0277
-65.8661
-66.3327
-66.2002
-66.1927
-66.1028
-66.2245
-65.9502
-66.3045
-66.085
-66.398
-66.0602
-66.1327
-66.1268
-66.2144
-66.012
-66.0944
-66.2615
-66.3321
-66.0158
-66.246
-66.2533
-65.986
-66.1942
-66.1616
-66.1868
-66.1623
-66.1248
-66.1951
-66.2754
-66.0576
-66.2959
-66.3009
-66.2353
-66.0381
-66.3246
-66.036
-66.2649
-66.1034
-66.2705
-66.2461
-66.3376
-66.2689
-66.0674
-66.186
-66.2879
-66.0873
-66.2322
-66.1259
-66.0128
-66.008
-66.1044
-66.2064
-66.1169
-66.0681
-66.3287
-66.3297
-65.8742
-66.3749
-66.0428
-66.3166
-65.9833
-66.0328
-66.0286
-66.121
-66.2038
-66.0786
-66.0596
-66.4319
-66.3256
-66.1827
-66.2496
-66.3156
-66.2182
-66.2625
-66.2381
-66.4648
-66.1823
-66.133
-66.4004
-66.0534
-66.075
-66.2552
-66.2028
-65.9815
-65.9768
-65.8891
-66.0914
-66.2026
-66.2252
-66.1817
-66.1816
-66.0447
-66.2032
-65.9816
-66.0727
-66.4018
-66.0539
-66.084
-66.0565
-65.9848
-66.1335
-66.1621
-66.049
-66.0918
-66.1634
-66.1568
-66.3011
-66.2412
-66.0379
-66.175
-66.2391
-66.3041
-66.0301
-66.294
-66.4632
-66.1121
-66.1
-66.3317
-66.2934
-66.2264
-66.1094
-66.2454
-66.2123
-66.217
-66.0964
-66.104
-66.1904
-65.7762
-66.0024
-65.0708
-66.0946
-66.2524
-66.2055
-66.1356
-65.9984
-66.1509
-66.1846
-66.1008
-66.0541
-66.1788
-66.0984
-66.0203
-66.1926
-65.9632
-66.0926
-66.1264
-66.2822
-66.2032
-66.3218
-66.3278
-66.3602
-66.1881
-66.0562
-66.04
-66.0589
-66.2018
-66.2065
-66.1091
-66.1272
-66.1664
-66.0992
-66.1648
-66.1953
-66.3166
-66.0634
-66.1288
-66.1162
-66.3386
-66.317
-66.1858
-66.4325
-66.1553
-66.0176
-65.9663
-66.2142
-66.1632
-66.1027
-66.1398
-66.1807
-66.1341
-66.0647
-66.1402
-66.1838
-66.2051
-66.3201
-66.0416
-66.4264
-66.1926
-66.2922
-66.3529
-66.2551
-66.2987
-66.2418
-66.1849
-65.9774
-66.4855
-66.0964
-66.2221
-66.2691
-66.0655
-66.2047
-66.5282
-66.0953
-66.4475
-66.2435
-66.0313
-66.1582
-65.9778
-66.2385
-65.9966
-66.239
-66.2162
-66.1866
-66.1447
-66.2315
-66.2285
-66.1821
-65.9981
-66.0197
-65.9991
-66.1815
-65.9388
-66.1801
-66.065
-65.9889
-66.1737
-66.2437
-66.0842
-66.3085
-66.1336
-66.2842
-66.2379
-66.1596
-66.3449
-65.8664
-66.2271
-66.1622
-65.9333
-66.3934
-66.0486
-66.2136
-66.3394
-66.3582
-66.3952
-66.0058
-66.126
-66.0823
-66.0715
-66.2928
-66.0158
-66.279
-66.1816
-66.0353
-66.1358
-66.1183
-66.0185
-66.0543
-66.1659
-66.1575
-66.2848
-66.003
-66.3558
-66.1209
-66.2154
-66.2226
-66.073
-66.1035
-66.2418
-66.0105
-66.1727
-66.1653
-66.1875
-66.0635
-66.0043
-66.1544
-66.311
-66.127
-66.295
-66.3658
-66.2184
-65.879
-66.2516
-66.2389
-66.0368
-66.053
-66.1476
-66.2699
-66.116
-66.1091
-66.3003
-66.2871
-66.2096
-66.0842
-66.485
-66.1042
-66.0912
-66.1535
-66.1966
-66.2924
-66.0508
-66.0079
-66.4385
-66.04
-66.0596
-66.0186
-66.2182
-66.0494
-66.3755
-66.3983
-66.1035
-66.1275
-66.2129
-66.0608
-66.1717
-66.106
-66.1544
-66.0437
-66.0728
-66.3525
-66.1607
-66.0496
-66.0799
-66.1979
-66.1097
-66.2034
-66.1212
-66.108
-65.9308
-66.2877
-66.1385
-66.0405
-66.2503
-66.1481
-66.2691
-66.1604
-66.1901
-66.3629
-66.1016
-66.3597
-66.3517
-66.105
-66.4087
-66.1554
-66.1554
-66.1994
-66.0861
-66.2113
-66.44
-66.1869
-66.1625
-66.0993
-66.1026
-66.0966
-65.9719
-66.1356
-65.9799
-66.417
-65.9066
-66.183
-66.2563
-66.2016
-66.1214
-66.259
-66.1608
-65.9562
-66.1382
-66.0508
-65.9171
-66.1818
-66.1741
-66.0539
-66.2639
-66.1321
-66.4135
-65.9525
-66.4135
-66.0427
-66.1258
-66.0613
-66.172
-66.186
-66.2089
-66.2329
-66.0532
-66.0031
-66.1288
-66.181
-66.3602
-66.1949
-66.1314
-66.3094
-65.9956
-66.1065
-66.0291
-66.0848
-66.0142
-66.1333
-65.9909
-66.141
-66.0652
-66.0591
-66.2549
-65.9898
-66.1196
-66.1165
-66.1089
-66.2148
-66.1706
-66.2891
-66.3006
-66.182
-65.9714
-66.4692
-66.0657
-66.2403
-65.8523
-66.1673
-66.1047
-66.0267
-66.2015
-65.9977
-65.8954
-66.2893
-65.9871
-66.1255
-66.2506
-66.1696
-66.065
-66.1366
-66.0474
-66.0725
-66.2781
-66.144
-66.1865
-66.4867
-66.1512
-66.1885
-66.1387
-65.889
-66.1432
-66.1867
-66.2465
-66.3128
-65.9406
-66.2436
-66.3438
-66.0691
-66.1428
-66.1811
-66.0786
-66.1809
-66.3347
-66.1893
-66.1625
-66.1572
-66.0078
-66.1594
-66.2094
-66.2413
-66.0878
-66.2279
-66.1711
-66.2639
-65.9127
-65.983
-66.2467
-66.1572
-66.1678
-66.0104
-66.3676
-66.3185
-66.5007
-66.1606
-66.3832
-66.1315
-66.227
-66.2428
-65.9545
-66.1041
-66.0999
-66.2436
-66.2657
-66.1624
-65.9383
-66.2246
-66.1922
-66.2931
-66.223
-66.1933
-66.0365
-66.2578
-66.1536
-66.0656
-65.853
-66.0082
-66.4192
-66.014
-66.1128
-66.0535
-66.2167
-66.2335
-65.9439
-66.3124
-66.165
-66.0958
-66.2608
-66.1271
-65.9671
-66.0565
-66.144
-66.2329
-66.1364
-66.1019
-66.308
-66.1947
-65.9593
-66.1984
-66.0683
-66.255
-66.2451
-66.064
-66.2309
-66.2024
-66.3202
-66.1581
-66.0356
-66.1008
-66.1655
-66.2241
-66.2573
-66.137
-66.0494
-66.2472
-65.9512
-66.1325
-66.3033
-66.3942
-66.2395
-66.07
-66.1538
-65.858
-66.134
-66.2595
-66.0598
-66.0704
-66.1648
-66.2138
-66.3111
-66.2577
-66.0375
-66.077
-65.9404
-66.0923
-66.0435
-66.1366
-66.2662
-66.0166
-66.2604
-66.1348
-66.1392
-66.2521
-66.1474
-66.1138
-66.1638
-65.9445
-66.2779
-66.1361
-66.2658
-66.0348
-66.2091
-66.219
-66.3084
-66.1542
-66.1551
-66.0804
-66.1235
-66.1605
-66.1545
-66.2104
-66.0661
-65.7996
-66.1679
-66.259
-66.0414
-66.201
-65.9221
-66.074
-66.482
-66.0722
-65.906
-65.936
-66.0032
-65.9543
-66.3004
-66.2869
-66.0011
-66.0277
-66.0549
-66.0255
-66.3484
-66.3696
-66.2147
-66.3962
-66.2008
-66.2446
-66.2669
-66.24
-65.8997
-66.297
-66.2966
-66.3187
-66.0059
-66.1465
-66.0756
-66.1018
-66.3425
-66.0552
-66.0742
-66.0287
-66.0452
-66.1699
-66.0095
-66.2049
-66.2819
-66.1742
-66.2693
-66.2851
-66.1219
-66.1318
-66.2598
-66.1612
-66.0053
-66.2276
-66.2157
-66.19
-65.9388
-66.021
-66.1815
-65.9397
-66.2331
-66.0089
-66.2932
-66.0944
-66.1411
-66.1272
-66.2522
-66.0381
-66.1577
-66.1858
-66.0805
-66.3257
-66.4472
-66.0511
-65.9667
-66.1282
-66.248
-66.181
-66.1626
-66.2026
-65.8404
-66.1795
-66.1251
-66.1077
-66.154
-65.9329
-66.2886
-66.0833
-66.2324
-66.1758
-66.2638
-66.1618
-66.0056
-66.2527
-66.1161
-66.2378
-66.3406
-66.0254
-65.9834
-66.0428
-66.1594
-66.3505
-66.0223
-66.1484
-66.2319
-66.0648
-66.1132
-66.3563
-66.094
-66.0834
-66.0969
-66.2003
-66.2458
-66.1776
-66.1438
-66.1335
-65.8489
-66.2018
-66.2355
-66.0946
-66.2375
-65.9113
-65.9217
-66.2109
-66.2854
-66.3976
-65.8775
-66.0445
-66.3133
-66.0863
-66.2452
-66.1694
-66.1836
-66.0505
-66.1763
-66.0811
-66.0548
-66.2776
-66.4377
-66.3579
-65.9724
-66.074
-66.3064
-66.3736
-66.2439
-66.2124
-66.2528
-66.0775
-66.0409
-66.1606
-66.3185
-66.2733
-66.0472
-66.0283
-66.1305
-66.2032
-66.1073
-65.9929
-66.0386
-66.2382
-66.3189
-66.1317
-66.2965
-66.1669
-66.1561
-66.2077
-65.8658
-66.0211
-66.2033
-66.1259
-66.1695
-65.9522
-66.053
-66.0816
-66.081
-66.1957
-65.8773
-66.0166
-66.1794
-66.2451
-66.0612
-66.219
-66.1305
-66.0549
-66.1808
-66.1882
-66.1839
-65.918
-66.0587
-66.338
-66.0265
-65.944
-66.0605
-66.257
-66.2788
-66.1147
-66.0455
-65.9682
-66.1045
-65.9439
-66.1314
-66.2394
-66.1753
-66.3445
-66.0218
-66.2646
-66.0861
-65.9733
-66.0896
-66.2597
-66.2609
-66.0404
-66.0952
-65.9422
-65.8269
-65.9664
-66.2503
-65.9867
-65.9915
-65.99
-66.139
-66.1154
-65.97
-66.2468
-66.1659
-66.2473
-65.883
-66.2495
-66.3461
-66.2174
-66.3594
-66.144
-66.259
-66.1855
-66.0944
-66.0923
-66.0896
-65.9425
-66.2701
-65.9669
-66.0877
-66.0627
-65.9114
-66.2429
-66.1131
-66.1775
-66.033
-66.1889
-66.2285
-66.1098
-65.928
-66.0466
-66.2624
-66.0372
-66.1293
-66.0496
-66.0015
-66.2062
-66.2027
-66.1665
-66.1804
-66.0928
-66.0134
-66.2891
-65.954
-66.2671
-66.0754
-66.1475
-66.1467
-66.5446
-66.1788
-66.0465
-65.8717
-66.2507
-66.257
-66.1077
-66.0776
-66.2869
-66.1933
-66.4633
-66.0724
-66.3435
-66.0248
-66.2043
-66.249
-66.1984
-66.1514
-66.1349
-66.1515
-66.1054
-66.0269
-66.162
-66.169
-66.0912
-66.1152
-66.1119
-66.1583
-66.0822
-66.0725
-66.1016
-66.1385
-65.9508
-65.9792
-66.1137
-66.2589
-66.1751
-66.1013
-66.1232
-66.2794
-66.1609
-66.2958
-66.1894
-66.2421
-66.1527
-66.2424
-66.3906
-65.8834
-66.0862
-66.3938
-66.0194
-65.9254
-65.946
-65.867
-65.9966
-66.0369
-66.0591
-66.3614
-66.2159
-66.0747
-66.2845
-65.8894
-66.0656
-66.0929
-66.1002
-66.2159
-66.2154
-66.0891
-66.1106
-66.0926
-65.8504
-66.4487
-66.0709
-65.9754
-66.3872
-66.2621
-66.2937
-66.0885
-66.2374
-66.188
-66.1711
-66.2556
-66.212
-66.2516
-66.2428
-66.3691
-65.9964
-66.3343
-66.0666
-66.2627
-66.2579
-66.2022
-65.9365
-66.4634
-65.9921
-66.3353
-65.9502
-66.0182
-66.0982
-66.1561
-65.5671
-66.1092
-65.8656
-66.1354
-66.1198
-66.24
-65.9013
-66.0051
-66.1026
-66.0596
-66.0667
-65.9602
-66.0154
-66.1482
-66.1277
-65.9045
-65.9875
-66.0354
-66.0692
-66.0004
-66.2215
-66.3716
-66.2572
-66.1613
-66.339
-65.8809
-66.2651
-66.0806
-66.1889
-66.0681
-66.1935
-66.3192
-65.8276
-66.1815
-66.0719
-66.1319
-65.9134
-65.9424
-66.1555
-66.0178
-66.1146
-66.0866
-65.9818
-65.9653
-65.9413
-66.3783
-66.2194
-66.2098
-66.1644
-65.9783
-65.9126
-66.1974
-66.0044
-66.0175
-66.3309
-66.0323
-66.0211
-66.2082
-66.291
-66.1233
-66.2372
-66.1678
-66.1299
-66.3
-65.8737
-66.2964
-65.9531
-66.1164
-66.1483
-66.1987
-66.2144
-66.0257
-65.9425
-65.9931
-66.1845
-66.1722
-66.0387
-66.0756
-66.0312
-66.0259
-66.1938
-66.1416
-66.2428
-66.0369
-66.0032
-65.989
-66.1565
-66.0448
-66.3554
-66.183
-65.9388
-65.939
-66.0525
-66.1423
-66.0466
-66.1445
-66.1558
-66.1191
-66.1337
-66.1861
-65.9606
-66.2014
-66.1717
-66.2101
-66.1578
-66.0666
-65.936
-66.0229
-66.0048
-66.1617
-66.1263
-66.0735
-66.0941
-66.1354
-66.1736
-66.1129
-65.9105
-66.0877
-65.943
-66.0426
-65.9026
-66.2509
-66.0212
-66.0391
-66.2852
-66.1259
-66.0902
-66.0347
-66.147
-66.1428
-66.2636
-66.0491
-66.1744
-66.1347
-66.3419
-66.0143
-65.9786
-66.1119
-66.2017
-66.0931
-66.0549
-66.1478
-66.1565
-66.4332
-66.3271
-66.1814
-66.0559
-66.0382
-66.202
-66.4213
-66.0846
-66.1075
-66.1086
-66.0885
-66.0582
-66.0419
-65.9263
-66.0746
-66.0811
-66.0975
-66.1949
-66.1971
-66.0104
-66.044
-66.241
-66.1367
-66.107
-65.9331
-66.1444
-66.271
-66.2358
-66.0931
-65.9583
-66.1054
-65.9459
-66.0036
-66.1327
-66.2598
-66.0846
-66.0841
-66.0052
-65.9108
-66.1406
-66.0177
-66.2855
-66.1001
-66.224
-65.994
-66.3036
-65.9933
-66.0864
-66.068
-66.2052
-65.9539
-65.9894
-65.9825
-66.0262
-65.7846
-66.005
-66.0738
-66.064
-66.3054
-65.9577
-65.8968
-66.118
-66.1503
-66.2258
-66.1863
-66.1261
-66.0972
-66.2601
-65.9863
-66.0292
-65.8487
-66.0452
-65.9281
-65.953
-65.97
-66.2806
-66.0505
-66.1171
-66.1643
-66.1228
-66.2441
-65.8942
-66.0628
-66.2004
-66.2913
-65.9113
-66.0953
-66.1301
-66.0528
-66.3034
-66.243
-65.9925
-66.1315
-66.2687
-66.1063
-66.2027
-66.2488
-65.9667
-65.9258
-66.2758
-66.3469
-66.096
-66.2235
-66.0991
-66.2059
-65.9979
-66.1086
-65.9263
-65.7626
-66.1094
-66.0809
-66.1478
-65.9145
-65.9133
-66.0384
-66.0583
-66.0629
-66.1615
-66.0677
-66.1456
-66.2154
-66.3499
-66.227
-66.124
-66.2439
-65.9565
-66.2635
-66.2157
-66.2469
-66.2
-66.0748
-66.0768
-66.1589
-65.8222
-65.9953
-65.9982
-65.9476
-66.1056
-66.1203
-66.045
-66.0724
-66.0056
-66.0112
-66.0049
-66.2294
-65.9673
-65.9404
-66.0684
-65.8856
-66.1241
-65.7552
-66.0158
-66.1301
-65.9454
-66.1438
-66.0911
-65.9424
-65.9595
-65.8391
-66.1365
-66.1315
-66.2979
-65.9863
-66.1943
-65.9937
-66.0855
-66.1723
-66.0184
-66.0351
-65.978
-66.0323
-66.1601
-66.3547
-65.9689
-65.9014
-65.7989
-66.1241
-66.0282
-65.9693
-65.9537
-66.0064
-66.2528
-66.1223
-66.0077
-66.0075
-66.0007
-65.8885
-66.2175
-66.0432
-66.2559
-66.1686
-66.0135
-66.0927
-66.068
-66.0202
-65.9294
-65.9774
-66.0096
-66.0098
-66.0109
-66.0728
-66.1681
-66.1135
-65.9343
-66.0501
-66.2653
-66.0817
-66.0215
-66.0848
-66.1996
-66.1612
-66.1978
-66.0866
-66.2108
-66.1157
-66.0028
-65.9662
-66.1994
-66.3028
-66.2316
-66.1105
-66.1028
-65.9911
-66.0962
-66.1049
-65.9591
-66.0804
-66.0145
-65.9119
-65.9815
-66.1481
-66.0606
-65.9224
-66.0631
-65.8887
-66.1134
-66.0507
-66.0344
-66.2529
-66.1017
-66.1021
-65.8503
-66.0425
-66.0867
-65.8979
-66.1456
-65.9766
-66.094
-66.163
-66.0935
-65.903
-66.036
-65.9395
-66.2554
-66.1029
-65.7286
-66.2589
-65.9427
-65.9194
-65.9693
-66.1001
-65.967
-66.1511
-65.9624
-66.0636
-66.1767
-66.068
-66.1399
-66.0039
-65.921
-66.1786
-65.9707
-66.1392
-66.0303
-65.9627
-66.162
-66.0129
-66.1334
-66.0405
-66.2142
-66.1812
-65.8854
-66.2543
-66.3802
-66.0641
-66.1265
-66.0349
-66.0251
-66.0148
-65.974
-66.1826
-65.8155
-65.9216
-65.9423
-66.0166
-66.3199
-66.0556
-66.2553
-66.0399
-66.114
-66.1484
-65.9612
-66.1651
-66.1131
-66.0216
-65.9663
-66.1081
-66.0074
-66.1011
-66.0384
-66.055
-66.0753
-66.239
-66.2831
-66.0948
-65.916
-66.1013
-65.8918
-66.0928
-65.9741
-66.1307
-66.0254
-66.2182
-66.1787
-66.0528
-65.7737
-65.9656
-66.087
-66.0733
-66.1964
-66.159
-65.9043
-66.0213
-66.0656
-65.9036
-66.2437
-65.9904
-66.1428
-66.0622
-65.8746
-65.9814
-66.1466
-66.1294
-65.9972
-65.9201
-65.9669
-66.1197
-66.0749
-66.1182
-66.1166
-66.027
-66.0381
-65.9977
-65.9831
-66.0142
-66.2372
-65.967
-65.9778
-65.9972
-66.0623
-65.9157
-65.9343
-65.9499
-65.6388
-66.1659
-66.171
-66.1635
-66.2597
-66.204
-65.9533
-65.9498
-66.0206
-66.128
-66.1144
-66.3871
-65.9351
-66.0504
-66.3188
-66.0534
-65.8133
-66.2535
-66.2259
-66.1906
-66.0925
-65.9562
-66.1216
-66.1805
-66.0181
-66.0004
-65.8514
-66.0776
-65.8598
-66.2606
-65.9835
-65.9842
-66.0636
-66.3484
-66.1094
-65.8827
-65.9537
-65.9995
-66.0314
-66.0145
-66.0646
-66.0611
-66.0581
-66.3171
-66.098
-65.953
-66.2164
-66.1559
-66.237
-66.0738
-65.9046
-66.0435
-66.0612
-66.1095
-66.0002
-66.0807
-66.0839
-66.182
-66.1173
-65.9678
-65.8902
-66.0344
-65.998
-65.7639
-66.0682
-65.9927
-65.8859
-65.9791
-66.0564
-66.0421
-66.0169
-66.091
-65.794
-66.0325
-66.1129
-66.1393
-66.1919
-66.0287
-66.1136
-65.9874
-66.2052
-65.9039
-65.9875
-66.0364
-66.0578
-66.1093
-65.9514
-66.1202
-65.9019
-65.7297
-65.9545
-66.1552
-66.004
-66.147
-66.0789
-66.0695
-66.2835
-66.1303
-65.9834
-66.1036
-65.9609
-66.1736
-66.0598
-66.3601
-66.119
-66.2102
-66.0862
-66.1024
-65.8231
-66.0151
-66.0777
-66.2158
-66.0547
-66.0107
-66.3079
-66.0354
-66.2386
-66.1571
-65.8836
-66.1292
-66.1538
-66.131
-65.7661
-66.1263
-66.0956
-66.063
-65.911
-66.0328
-66.2243
-65.8857
-65.8438
-66.1674
-65.9388
-66.0734
-66.0182
-66.0406
-66.1288
-66.0843
-66.1665
-66.1626
-66.0895
-65.9406
-65.9705
-66.1639
-66.2112
-65.9689
-66.0648
-65.8957
-66.1172
-66.2383
-66.1315
-66.0482
-66.0126
-66.1943
-65.9261
-65.8401
-65.9025
-65.8571
-66.0501
-65.9361
-65.8893
-66.1511
-66.0818
-65.8639
-66.1193
-66.0225
-66.1918
-66.0058
-66.1584
-65.9859
-65.9005
-65.9326
-66.1248
-66.1815
-65.9707
-66.0762
-65.9138
-66.0952
-65.9069
-66.021
-66.1014
-65.7799
-65.9648
-65.884
-66.1181
-66.0278
-66.0703
-65.933
-66.0894
-65.9228
-65.972
-66.1796
-66.1092
-66.1819
-65.9431
-65.9268
-66.0715
-66.002
-66.012
-66.1333
-65.8865
-66.0285
-66.0693
-65.9802
-66.3214
-66.1205
-66.1685
-66.2479
-66.0444
-66.0669
-66.0035
-66.0213
-65.8924
-65.8089
-65.9803
-66.063
-66.2696
-66.014
-65.9142
-66.0954
-65.9998
-66.1095
-65.965
-66.1094
-65.8838
-66.0547
-65.8087
-65.7784
-66.0486
-65.8899
-65.9032
-66.0854
-65.6608
-66.2501
-66.2274
-65.9522
-66.0496
-66.1582
-65.9114
-66.1461
-66.035
-65.9371
-66.0184
-66.015
-66.1599
-66.05
-65.9482
-66.1005
-66.2412
-66.2562
-65.9825
-65.8978
-66.0124
-66.1012
-66.0356
-66.1896
-66.1741
-66.0309
-66.1195
-66.1858
-65.8922
-66.173
-66.0668
-65.9937
-66.0638
-66.0225
-66.0663
-66.1278
-66.1905
-65.9898
-66.0401
-66.1699
-66.0916
-65.9996
-65.9366
-66.1078
-65.993
-66.0841
-65.9511
-65.9789
-66.1733
-65.8414
-66.0108
-66.1459
-65.8712
-65.9091
-66.0422
-65.8913
-66.1461
-65.9716
-65.8983
-66.2115
-66.0003
-66.0973
-65.9366
-65.8745
-65.7579
-65.9407
-65.8623
-65.9824
-65.9702
-65.9672
-65.7439
-66.108
-66.1405
-66.3444
-65.8455
-66.0873
-66.2086
-65.9947
-66.3053
-66.223
-65.9701
-65.9667
-66.0688
-65.9241
-66.0166
-66.0123
-65.9607
-66.1963
-65.8288
-65.8381
-65.951
-65.9117
-66.1689
-65.9195
-66.0886
-66.1133
-66.0654
-65.9394
-65.8553
-66.0253
-65.9718
-66.1705
-66.0314
-65.9648
-66.0888
-65.9659
-65.7536
-65.9702
-65.8401
-66.1212
-66.0106
-65.7916
-65.8577
-66.2722
-66.1602
-65.929
-66.1222
-66.0349
-66.0909
-65.9672
-65.9693
-65.8172
-65.8745
-65.854
-66.035
-66.1194
-65.8854
-66.0227
-65.8573
-66.1295
-66.2132
-66.3179
-66.2284
-66.1228
-65.9482
-66.0615
-66.0637
-65.9154
-65.9013
-65.8775
-66.1278
-66.0242
-66.025
-66.2291
-65.9174
-65.9119
-66.0792
-66.0314
-66.0624
-65.8847
-65.9104
-65.8663
-66.0226
-65.9718
-65.9796
-65.824
-66.1528
-66.0631
-65.9338
-66.1879
-65.887
-65.959
-66.0819
-65.8797
-65.86
-66.097
-65.9425
-65.9515
-66.0246
-65.8958
-66.159
-65.8493
-66.1443
-65.9179
-65.8873
-65.9647
-66.0473
-65.9646
-66.0472
-66.202
-66.0511
-65.9255
-66.1323
-65.8561
-65.8855
-66.0091
-65.8563
-66.0582
-65.9525
-65.7934
-66.1649
-65.8593
-65.798
-65.9541
-65.8473
-66.0326
-66.1272
-65.7774
-66.0711
-65.9041
-65.9802
-66.0596
-66.0361
-66.3207
-66.103
-66.221
-66.098
-65.8325
-66.0237
-65.9443
-66.0004
-65.9455
-66.0136
-66.0239
-66.0085
-66.1694
-66.3424
-65.9322
-66.145
-65.9649
-65.8583
-66.0553
-65.7572
-66.0002
-65.9589
-66.0788
-65.921
-65.7475
-65.9373
-66.0382
-65.9353
-66.0834
-66.0422
-65.9369
-66.0313
-65.8616
-66.0096
-65.992
-65.9343
-65.7828
-66.0009
-66.0146
-65.8089
-65.9326
-66.0514
-65.8095
-65.8973
-66.0601
-66.0589
-65.7982
-65.9401
-66.0476
-66.197
-66.0218
-66.0445
-66.0413
-65.9028
-65.8885
-66.1344
-66.1019
-65.917
-65.929
-66.3549
-66.1565
-65.8646
-65.8363
-66.0443
-65.7507
-65.9775
-66.093
-66.0667
-66.0729
-65.8459
-66.2348
-65.7879
-66.0027
-66.1406
-66.1382
-65.7509
-66.131
-66.1673
-65.9534
-65.8909
-66.1254
-66.2293
-65.9507
-66.0004
-66.0551
-65.7905
-65.8571
-66.0813
-65.8688
-66.133
-65.8507
-66.1897
-65.9453
-65.92
-65.9664
-65.7792
-65.8868
-66.1431
-66.0267
-66.3089
-65.9221
-65.9437
-65.9617
-66.1413
-66.0228
-66.0037
-65.8541
-65.8
-66.0743
-65.8969
-66.0971
-66.0322
-65.8735
-65.8397
-65.8774
-66.019
-65.9688
-66.1208
-65.8733
-65.884
-65.9191
-66.0923
-66.1356
-65.937
-66.0663
-66.1534
-66.1223
-66.0173
-65.9893
-65.9839
-66.2469
-66.0022
-66.1331
-65.9592
-66.1104
-66.1273
-66.12
-66.1324
-66.0233
-65.919
-65.8909
-65.8765
-65.9607
-66.0762
-65.9617
-66.0452
-65.9532
-65.9587
-65.779
-66.0259
-65.9926
-65.9
-65.9159
-65.9372
-65.9652
-66.0609
-65.9833
-65.9432
-65.9688
-65.9492
-65.9123
-65.8256
-65.9622
-65.8578
-66.1419
-66.1387
-65.9964
-66.0093
-65.9425
-66.0473
-66.0934
-66.0843
-65.948
-66.3011
-66.127
-66.0379
-65.9696
-66.0479
-65.9112
-65.9702
-65.9275
-65.8885
-66.2305
-65.996
-66.0265
-66.0874
-66.0742
-65.9444
-66.1276
-65.7811
-66.0314
-66.1842
-66.1436
-66.1189
-65.9285
-65.9695
-66.0127
-66.0165
-66.139
-65.9741
-66.3523
-66.066
-66.0723
-66.0708
-66.0377
-65.9131
-65.9214
-66.1079
-66.2339
-65.8562
-65.9908
-65.9559
-65.8694
-66.0258
-65.8949
-65.9636
-65.9942
-65.8064
-66.0216
-66.0046
-66.0556
-65.9625
-66.2406
-65.9778
-66.0665
-66.2859
-66.0423
-65.9639
-65.9865
-66.0351
-65.9507
-65.9547
-66.0678
-66.0114
-66.0494
-66.0296
-65.9011
-66.0263
-66.0912
-66.0452
-66.2654
-65.9338
-66.0117
-65.9032
-65.9532
-66.0037
-66.0686
-65.9731
-66.0815
-65.9776
-66.0889
-66.0435
-66.138
-66.0013
-66.1161
-66.222
-66.207
-66.0805
-65.8714
-66.1363
-65.9487
-65.926
-65.9421
-66.118
-66.0541
-65.9899
-66.0633
-65.9754
-66.0753
-66.0387
-65.9721
-66.3
-65.999
-65.8907
-66.1034
-65.9294
-65.8979
-66.0015
-66.1647
-65.9976
-66.203
-66.0159
-66.0729
-65.8354
-66.0193
-65.8869
-66.0432
-65.9107
-66.0693
-65.9436
-65.9239
-66.0023
-66.0956
-65.8358
-66.0076
-66.0124
-66.1257
-65.8543
-66.1843
-66.0998
-66.0414
-65.9062
-65.9139
-66.1051
-66.1377
-66.0411
-65.9237
-66.1877
-65.8755
-65.8212
-65.9455
-66.0783
-66.2357
-65.8755
-65.9659
-66.3237
-66.0098
-65.9697
-66.1802
-66.0382
-66.0373
-66.2769
-65.9061
-65.9762
-66.1217
-65.9826
-65.8342
-65.8539
-65.7531
-66.0647
-65.8414
-65.9984
-65.9832
-65.9657
-66.0398
-66.1176
-65.7179
-65.8229
-66.0301
-65.9862
-66.1814
-65.9261
-66.022
-65.8472
-65.8558
-65.9778
-65.9695
-66.081
-66.0097
-66.1942
-66.0249
-66.1376
-65.9385
-65.903
-66.2183
-65.9328
-65.895
-66.0573
-65.9377
-65.7553
-66.074
-66.0907
-66.072
-65.9796
-65.9465
-65.6923
-65.9816
-66.1061
-66.0142
-66.2148
-65.9943
-66.0616
-66.1049
-66.1335
-65.9843
-65.9836
-66.2084
-65.9772
-66.009
-66.155
-65.8778
-65.8055
-65.9917
-66.1098
-66.1546
-66.1507
-66.1424
-66.0068
-66.075
-65.773
-66.0078
-66.1017
-66.0034
-66.1854
-65.9316
-66.1874
-65.9319
-65.9882
-66.0209
-65.9803
-66.0827
-65.9386
-65.9959
-65.9576
-65.8275
-66.0585
-66.1846
-65.91
-65.9891
-65.9004
-66.1186
-66.0098
-66.0558
-65.8665
-65.9832
-66.1001
-66.2454
-65.9822
-66.0836
-65.948
-66.0346
-66.0684
-65.9657
-66.0379
-65.8983
-65.9016
-65.9721
-65.9836
-65.9936
-66.0226
-65.9216
-65.9412
-66.118
-66.1997
-66.0279
-66.1166
-66.0958
-66.0914
-66.1423
-66.0688
-66.0231
-66.1441
-65.932
-66.192
-66.2
-65.991
-65.9211
-66.0503
-65.9783
-66.0148
-65.8935
-65.9493
-66.033
-66.0253
-65.975
-66.0828
-65.9473
-65.8924
-65.828
-66.0863
-66.0431
-65.8108
-66.0959
-65.8847
-65.9973
-66.0125
-65.8383
-65.8891
-66.0276
-65.9441
-65.9514
-66.0064
-66.0077
-65.9672
-65.8838
-66.1524
-65.8966
-65.9672
-66.0275
-66.0033
-65.8206
-65.9269
-66.0596
-65.9439
-66.1083
-66.0018
-65.7828
-66.0656
-65.946
-65.8253
-65.8139
-66.0413
-65.8957
-65.9983
-66.0861
-65.9168
-66.2379
-65.7988
-66.1646
-66.1959
-66.0801
-66.0837
-65.9356
-66.0703
-66.0187
-66.0774
-66.1466
-66.174
-66.1545
-66.0025
-65.985
-66.1196
-65.8199
-66.2685
-65.7737
-66.0741
-65.9635
-66.1269
-65.9876
-66.008
-66.1395
-66.0831
-66.1723
-66.0835
-66.1065
-66.0039
-65.9974
-65.8972
-66.1127
-66.1509
-66.117
-66.0538
-66.0508
-66.1815
-65.9857
-66.112
-66.1804
-65.8498
-65.7514
-65.9147
-65.9236
-66.1533
-66.0834
-66.0444
-65.9429
-65.8145
-65.9143
-65.9962
-65.9362
-66.0305
-66.1341
-66.015
-65.8278
-65.9633
-65.8994
-66.1467
-66.1323
-66.0821
-65.8295
-66.0593
-65.984
-66.0163
-66.041
-65.8365
-66.0397
-65.9288
-66.1554
-66.0317
-66.0983
-65.9921
-66.0466
-66.1053
-65.8712
-66.0569
-66.1244
-65.9483
-66.0896
-65.9762
-66.1368
-66.013
-65.9987
-66.1999
-66.0361
-66.2886
-65.97
-66.055
-66.0473
-66.0993
-66.0056
-66.0983
-65.9187
-66.3039
-66.2079
-65.9636
-66.2876
-65.9057
-65.9997
-66.1912
-66.1241
-66.0661
-65.7539
-66.3524
-66.0992
-66.0407
-65.9087
-65.9394
-66.1275
-66.1247
-65.9882
-66.0555
-65.9413
-66.2798
-66.1135
-65.8224
-66.0632
-66.0394
-66.0209
-65.7584
-66.0398
-66.3584
-66.0652
-66.0901
-65.7457
-65.9746
-66.1737
-66.0876
-66.0901
-66.1534
-66.0622
-65.9706
-66.0927
-66.0368
-66.0459
-65.8546
-66.0005
-65.8046
-66.0968
-66.223
-65.9569
-66.005
-66.0507
-65.9571
-65.8577
-65.841
-65.8052
-66.0447
-65.9828
-65.9344
-66.1791
-66.1416
-66.0544
-65.947
-65.966
-66.0949
-65.9337
-65.845
-65.9624
-66.0788
-66.1392
-66.0548
-66.0127
-66.069
-66.1205
-65.9218
-66.1272
-66.1608
-66.1277
-66.0232
-66.1042
-66.1745
-66.1211
-66.0231
-65.838
-65.9412
-65.9958
-66.2098
-65.8756
-65.9369
-65.9271
-66.0717
-65.9886
-65.999
-65.8859
-66.1167
-66.1867
-66.1629
-65.9139
-66.2533
-66.1274
-65.9684
-65.9738
-66.0379
-65.9372
-66.1065
-65.7983
-66.3684
-66.014
-65.8636
-65.7183
-65.8472
-65.8916
-66.0741
-66.0227
-65.8556
-66.1193
-65.9849
-66.1004
-66.0651
-65.9538
-66.133
-65.9865
-66.0341
-66.1448
-66.1391
-66.1058
-66.1574
-66.3926
-65.8462
-66.2032
-65.9069
-65.7769
-65.9977
-66.0524
-65.7341
-66.3636
-66.2299
-65.8168
-66.0182
-66.0587
-65.9382
-65.8747
-65.9613
-66.0262
-66.0251
-66.0782
-66.0689
-66.1721
-65.8949
-66.1892
-66.102
-65.9828
-66.1918
-65.9852
-65.9177
-66.0469
-65.7688
-66.0871
-66.0365
-66.0332
-65.9314
-66.1768
-65.8094
-66.0171
-65.886
-65.961
-65.8741
-66.0774
-66.0956
-65.863
-65.9613
-66.0275
-66.1223
-65.9727
-65.9463
-66.0983
-66.194
-66.0617
-66.2126
-65.9105
-66.1212
-66.0637
-65.9802
-65.8327
-66.1338
-65.9238
-66.0142
-65.8939
-66.1421
-66.0154
-66.0397
-66.0861
-65.9897
-66.0264
-65.898
-66.0622
-66.0662
-66.1825
-65.8736
-65.9898
-66.3282
-65.9854
-65.9897
-66.147
-66.2041
-66.0997
-66.1775
-65.9076
-66.3024
-65.9773
-66.036
-65.8202
-66.116
-66.018
-65.8729
-66.1107
-66.2421
-66.1673
-65.8742
-65.9675
-66.2058
-65.9794
-66.177
-66.0716
-66.1625
-65.9337
-66.0571
-65.9331
-66.056
-66.0978
-65.7852
-65.8609
-66.2401
-66.0202
-66.0275
-66.2067
-65.9473
-66.0117
-65.821
-66.099
-66.046
-65.8342
-65.8627
-65.9119
-66.0988
-65.8917
-66.0451
-65.8265
-66.0857
-66.1846
-65.8607
-66.0157
-66.0817
-66.1625
-65.923
-65.8931
-66.0828
-65.8275
-66.2906
-66.1406
-65.7994
-65.9563
-66.0831
-65.9093
-66.0566
-65.8435
-65.9227
-65.8953
-65.9143
-66.0834
-66.211
-66.165
-66.0089
-65.8912
-65.8928
-66.2184
-66.2089
-66.0382
-66.1596
-65.9743
-66.1
-65.9288
-66.1866
-65.9572
-66.2072
-65.7575
-66.0891
-66.1199
-65.7503
-66.0858
-66.1476
-65.6766
-66.0501
-65.8985
-66.2516
-66.1411
-65.9053
-66.1144
-65.977
-66.0459
-65.8393
-65.9633
-66.2111
-66.0811
-66.1384
-66.2587
-66.1386
-66.1581
-66.1235
-65.846
-65.8944
-66.0458
-65.8476
-65.9455
-65.8129
-66.0447
-66.152
-66.0455
-66.0644
-65.8573
-66.029
-66.1517
-66.0474
-66.0376
-65.9525
-65.9671
-66.2195
-66.0055
-65.9637
-65.881
-65.7886
-65.8909
-65.9631
-66.026
-65.9048
-65.8385
-66.1157
-66.0707
-65.9575
-66.2047
-66.0809
-66.0651
-65.9666
-66.2244
-66.2775
-66.0438
-66.3207
-65.9194
-65.769
-66.0494
-66.0003
-65.8624
-66.0147
-66.1861
-65.95
-66.0908
-66.2697
-66.2079
-65.9817
-66.0465
-66.1592
-66.2128
-66.2394
-66.0569
-65.9703
-66.1601
-66.0696
-66.0793
-66.1771
-65.9707
-66.1005
-66.0291
-65.9398
-66.308
-66.0991
-66.065
-66.0399
-66.0064
-66.0063
-66.1367
-66.1483
-65.8809
-66.0318
-65.9929
-66.0391
-65.9182
-66.0986
-66.2819
-65.8722
-66.1313
-65.9936
-66.0971
-65.9806
-66.2184
-65.9366
-66.1454
-65.9953
-65.8631
-66.1859
-65.9928
-65.9829
-65.9327
-65.9901
-66.0675
-66.1486
-66.2427
-65.8568
-66.1395
-66.3807
-65.9488
-65.8339
-66.2603
-66.1874
-66.0263
-65.9214
-66.2065
-65.9391
-66.0595
-66.2924
-66.0542
-65.911
-66.117
-66.3428
-66.2311
-66.3239
-66.17
-66.08
-66.3379
-65.9494
-66.0988
-65.661
-66.3301
-65.9852
-65.8622
-66.0915
-66.0488
-66.0698
-66.4692
-65.8054
-66.0189
-65.9052
-66.1145
-65.9084
-66.263
-66.1752
-66.0861
-66.085
-66.133
-66.2738
-65.9581
-65.9284
-66.3557
-66.1917
-66.2321
-65.8643
-66.2113
-66.1012
-66.1053
-66.1887
-66.0853
-66.0583
-66.2807
-66.0714
-66.1216
-66.3715
-66.0915
-66.1284
-66.2639
-66.0531
-65.9934
-65.9779
-65.908
-65.9604
-66.1866
-66.0747
-66.1848
-66.281
-65.9557
-65.8918
-66.1304
-66.1055
-65.9853
-66.198
-66.2181
-65.9731
-66.0823
-66.0234
-65.9569
-66.201
-65.9562
-65.9413
-66.2524
-66.191
-65.9619
-66.1038
-66.4428
-66.0188
-66.1025
-66.0418
-66.0249
-65.9261
-66.0585
-65.9774
-66.0217
-66.0555
-65.8426
-66.007
-66.0455
-66.0316
-66.0416
-66.1415
-66.155
-66.0891
-66.2529
-65.9902
-65.9712
-65.9329
-66.211
-66.0855
-66.1422
-66.1377
-66.0199
-66.0962
-65.9709
-66.1771
-66.0134
-66.1345
-66.1306
-65.7435
-66.1047
-66.1721
-66.0723
-66.1397
-66.0865
-65.9989
-66.2105
-66.1685
-66.1705
-66.0325
-66.0358
-66.0203
-66.2971
-66.2942
-65.9622
-66.1029
-66.1405
-66.1175
-66.0942
-66.1173
-66.0964
-66.3397
-66.2474
-65.9019
-65.954
-66.1494
-65.8601
-66.1684
-66.4997
-66.147
-66.1227
-66.1521
-66.135
-66.1073
-66.1578
-66.0634
-65.9318
-65.9443
-66.0955
-65.9106
-66.1301
-65.9898
-66.1611
-66.292
-66.0692
-65.883
-66.0977
-65.7864
-66.4897
-66.1096
-66.2894
-65.9885
-65.9601
-66.1881
-66.0431
-66.024
-66.3526
-66.2805
-66.1488
-65.9956
-66.0941
-66.1392
-66.08
-66.2749
-66.0924
-66.2088
-65.9715
-65.9678
-66.1705
-66.0375
-66.2076
-66.0585
-66.3419
-66.1475
-66.0773
-66.2072
-66.1737
-66.2569
-65.8488
-66.1079
-66.0375
-66.1565
-66.092
-66.0924
-66.0298
-66.2754
-66.106
-66.1232
-66.1771
-66.014
-66.106
-65.9576
-66.0682
-65.8678
-66.0855
-66.0324
-66.4133
-66.1108
-66.0771
-66.3034
-66.1104
-66.0332
-66.0707
-66.075
-66.1824
-66.042
-66.0165
-65.9239
-65.9794
-66.1976
-65.9776
-66.2111
-66.0611
-66.1678
-66.0499
-66.1265
-66.0688
-65.9405
-66.1479
-66.2443
-66.2144
-66.1549
-66.3028
-66.2332
-66.2682
-66.1259
-66.0561
-66.2088
-66.1244
-66.0647
-66.0498
-66.2414
-66.1396
-65.9856
-66.134
-66.0037
-66.0408
-66.1715
-66.1674
-66.1593
-66.2551
-66.0498
-65.9505
-66.1427
-66.0177
-66.1054
-65.929
-66.0003
-66.1524
-66.1272
-66.0806
-66.3648
-66.0352
-66.044
-66.1748
-66.0759
-66.1076
-66.1968
-66.4893
-65.9838
-66.0375
-66.0218
-66.0602
-66.0763
-66.292
-66.4239
-65.9947
-65.9311
-66.1754
-66.1329
-65.8019
-66.2149
-65.8138
-66.3365
-66.4847
-66.224
-66.2687
-66.0947
-65.9111
-66.3308
-65.6571
-65.9901
-66.2523
-66.0679
-66.1562
-66.1584
-65.8936
-66.0988
-66.1542
-65.9766
-66.0849
-66.1564
-66.0686
-66.1949
-66.0829
-66.149
-66.0289
-66.3642
-66.0213
-65.9157
-65.8741
-66.0624
-66.1801
-66.1197
-65.9156
-65.9883
-66.0934
-65.7643
-65.9377
-66.056
-65.9865
-66.1362
-65.9715
-66.3049
-65.9523
-66.1678
-66.1397
-66.3258
-66.0709
-66.2352
-65.9849
-66.2365
-66.3252
-66.061
-65.8454
-66.1539
-66.1975
-66.1405
-66.067
-66.316
-66.1256
-66.0555
-66.1528
-66.3449
-65.9784
-66.0347
-66.1946
-66.0946
-66.1252
-66.1765
-66.1045
-66.2015
-66.1019
-65.9217
-66.3233
-66.2767
-66.0915
-66.0018
-66.1759
-66.2935
-66.2516
-65.7711
-66.2415
-65.8777
-66.1835
-66.0918
-66.2815
-66.2727
-66.29
-66.1029
-66.1929
-66.0937
-66.323
-66.1075
-66.1369
-66.128
-66.2042
-66.2555
-66.4056
-66.1716
-66.2566
-65.8188
-66.1214
-66.0514
-66.0649
-66.1384
-66.0594
-66.0303
-66.2047
-65.97
-66.1984
-66.0289
-66.1736
-65.9812
-66.0294
-66.1856
-66.1618
-66.0603
-66.3488
-66.3332
-66.0273
-66.0426
-66.2567
-66.1851
-66.1724
-65.9919
-66.1059
-66.1748
-66.1103
-66.0296
-66.0741
-65.9848
-65.9626
-66.2508
-65.9735
-66.1394
-66.1207
-66.1956
-65.9518
-66.1764
-66.1962
-66.0606
-66.0012
-66.1814
-66.209
-66.2921
-66.2304
-66.254
-65.9495
-66.3447
-66.1983
-65.9391
-66.2696
-66.0539
-66.1008
-65.9831
-66.221
-66.392
-66.2388
-66.1519
-65.9984
-66.2531
-66.207
-66.2929
-66.3627
-66.0857
-66.1019
-66.181
-66.2442
-66.2558
-66.1206
-66.269
-66.2672
-66.2541
-66.1606
-66.008
-66.0071
-66.0806
-66.1504
-66.2116
-66.3823
-66.2553
-66.0591
-66.2272
-66.258
-66.2502
-66.2233
-66.2961
-66.0608
-66.2218
-66.2072
-66.1632
-66.1486
-65.9883
-66.3627
-65.9935
-66.0552
-66.2755
-65.8181
-66.2045
-66.3241
-66.0663
-66.4924
-66.3121
-66.0178
-66.1423
-66.2233
-66.1152
-66.1827
-66.0766
-65.9839
-66.1776
-65.9972
-66.2159
-66.2266
-65.9345
-66.0667
-66.2089
-66.2195
-66.3512
-66.1432
-66.1529
-66.2837
-66.3621
-66.3962
-66.309
-66.162
-66.2581
-66.2814
-66.1101
-66.0277
-66.047
-66.5487
-66.4877
-66.425
-66.1192
-66.0067
-66.2496
-66.1566
-66.13
-66.1887
-66.2787
-66.2868
-66.2633
-66.0342
-66.1839
-66.1702
-66.1411
-66.2397
-66.1293
-66.0873
-66.0455
-66.0616
-66.1829
-66.1435
-65.9943
-66.1617
-66.1867
-66.1377
-66.1512
-66.1772
-65.998
-66.248
-66.1667
-66.2394
-66.0796
-66.1227
-66.346
-66.4118
-66.2701
-66.1928
-66.307
-66.3187
-66.2133
-66.1666
-66.1261
-66.3115
-65.8969
-66.1015
-66.2162
-66.1294
-66.2188
-66.2794
-66.2059
-66.2562
-66.0909
-65.9647
-66.392
-66.231
-65.9129
-66.3087
-66.278
-66.0915
-66.1856
-66.306
-66.032
-66.3003
-66.1703
-66.3103
-66.2492
-66.2071
-66.0808
-66.0791
-66.0734
-66.0122
-66.1099
-66.0056
-66.4474
-66.1063
-66.2153
-66.073
-66.1337
-66.2381
-66.3022
-66.0587
-66.2198
-66.2347
-66.2188
-66.4323
-66.3438
-66.333
-66.0451
-66.3293
-66.1784
-66.4513
-66.2241
-66.159
-66.414
-66.2149
-66.1709
-66.3435
-66.3198
-66.1479
-66.2945
-66.3208
-66.4158
-65.9011
-66.2353
-66.289
-66.2006
-66.2183
-66.0674
-66.0912
-66.28
-66.146
-66.0318
-66.3707
-66.115
-66.0619
-66.3746
-65.8721
-66.1756
-66.128
-66.2544
-66.215
-66.2037
-66.0341
-66.1732
-66.1094
-66.3442
-66.2212
-66.1558
-66.3021
-66.2047
-66.1292
-66.1588
-65.9165
-66.3337
-66.1332
-66.0809
-66.0718
-66.3582
-66.1553
-66.4397
-66.1067
-66.0167
-66.3441
-66.1714
-66.2857
-66.1677
-66.1682
-66.3716
-66.1335
-66.2204
-66.1695
-66.1046
-66.0758
-66.43
-66.4395
-66.2755
-66.1971
-66.3131
-66.1393
-66.2882
-66.1284
-66.165
-66.2433
-66.1395
-66.1577
-66.0745
-66.2528
-66.2511
-66.2644
-66.0904
-66.2774
-65.9981
-66.2472
-66.146
-66.1303
-66.125
-66.3805
-66.3068
-66.2732
-66.2435
-66.2255
-66.3996
-65.9737
-66.3608
-66.1272
-66.1194
-66.3594
-66.0631
-66.1675
-65.9785
-66.2784
-66.3272
-66.2281
-66.3101
-66.1013
-66.1827
-66.1164
-66.149
-66.2806
-65.1809
-66.1967
-66.139
-66.0975
-66.155
-66.3785
-66.0918
-66.2248
-66.0603
-66.3677
-66.0915
-66.4861
-66.1964
-66.1376
-66.5096
-66.2743
-66.1932
-66.3349
-66.3144
-66.3155
-66.1445
-66.3062
-66.1957
-66.1649
-66.3026
-66.332
-66.3533
-66.1896
-66.0804
-65.9851
-66.343
-66.0461
-66.2688
-66.1775
-66.2981
-66.2086
-66.3261
-66.1656
-66.1483
-66.1612
-66.0912
-66.137
-66.4136
-66.231
-66.3057
-66.0621
-65.9482
-66.2277
-66.2593
-66.315
-66.2588
-66.422
-66.2996
-66.2598
-66.1597
-66.3544
-66.2244
-66.2939
-66.2199
-66.2289
-66.0655
-66.3335
-66.4895
-66.2965
-66.4149
-66.0508
-66.4289
-66.3115
-66.0235
-66.0271
-66.3416
-66.0914
-66.4658
-66.0861
-66.2831
-66.2418
-66.0422
-66.2538
-66.5054
-66.0256
-66.2488
-66.1831
-66.1812
-66.2286
-66.3224
-66.1749
-66.3522
-66.5688
-66.0702
-66.2193
-66.2578
-66.3221
-66.1796
-66.4132
-66.2736
-66.4769
-66.0643
-66.1749
-66.0526
-66.5126
-66.4722
-66.0627
-65.9496
-66.3125
-66.3336
-66.1186
-66.2327
-66.3616
-66.4829
-66.4903
-66.3568
-66.3046
-66.0917
-66.104
-66.4203
-66.302
-66.1051
-66.0891
-66.2388
-66.1485
-66.2567
-66.1099
-66.2362
-66.3538
-66.3785
-66.0662
-66.3018
-66.2993
-66.0591
-66.4089
-66.2064
-66.3088
-66.1892
-66.1775
-66.1032
-66.2967
-66.2866
-66.2695
-66.2362
-66.2926
-66.2481
-66.3197
-66.2295
-66.2349
-66.1439
-66.2906
-66.2169
-66.4124
-66.2886
-66.0973
-66.17
-66.3465
-66.3107
-66.3306
-66.5318
-66.2972
-66.2927
-66.254
-66.1902
-66.2107
-66.4586
-66.3334
-66.3109
-66.2903
-66.2145
-66.1347
-66.2387
-66.2817
-66.3054
-66.3194
-66.3014
-66.2724
-66.3254
-66.368
-66.434
-66.4277
-66.3616
-66.2263
-66.3893
-66.4436
-66.3409
-66.3934
-66.2154
-66.164
-66.1204
-66.2268
-66.6052
-66.0814
-66.2587
-66.2112
-66.1183
-66.0029
-66.2066
-66.2629
-66.3504
-66.3109
-66.4114
-66.1561
-66.0804
-66.1585
-66.2102
-66.2231
-66.2855
-66.2878
-66.2368
-66.4651
-66.3663
-66.1379
-66.4009
-66.3006
-66.4197
-66.0276
-66.1024
-66.1597
-66.3203
-66.267
-66.2694
-66.1827
-66.3176
-66.1165
-66.3092
-66.3651
-66.3008
-66.3081
-66.3235
-66.1157
-66.1928
-66.0784
-66.3411
-66.3643
-66.4051
-66.246
-66.0936
-66.3678
-66.252
-66.3717
-66.3517
-66.0054
-66.2757
-66.2132
-66.1252
-66.4751
-66.1501
-66.4275
-66.186
-66.1823
-66.3948
-66.2039
-66.2622
-66.2754
-66.3153
-66.3676
-66.2429
-66.2456
-66.4375
-66.1818
-66.2317
-66.332
-66.1997
-66.4682
-66.1171
-66.3936
-66.1354
-66.4128
-66.2943
-66.0387
-66.2408
-66.4097
-66.3518
-66.3453
-66.2467
-66.2694
-66.356
-66.2074
-66.291
-66.4719
-66.1582
-66.2106
-66.3157
-66.3377
-66.2277
-66.332
-66.2922
-66.538
-66.3992
-66.17
-66.1712
-66.3137
-66.3361
-66.3481
-66.1826
-66.1726
-66.2151
-66.3093
-66.2495
-66.26
-66.2438
-66.1322
-66.4074
-66.1242
-65.9379
-66.1707
-66.2805
-66.3838
-66.3345
-66.14
-66.6796
-66.359
-66.3747
-66.2543
-66.2945
-66.3178
-66.288
-66.3924
-66.3856
-65.9865
-66.2935
-66.2371
-66.2413
-66.3002
-66.3849
-66.1994
-66.2655
-66.2963
-66.3026
-66.2747
-66.3466
-66.2519
-66.4175
-66.2724
-66.4231
-66.4242
-66.278
-66.3628
-66.3414
-66.3009
-66.266
-66.3425
-66.3859
-66.571
-66.4354
-66.3255
-66.2234
-66.4846
-66.3229
-66.0666
-66.3348
-66.4447
-66.0744
-66.3636
-66.1021
-66.3815
-66.3746
-66.3064
-66.3698
-66.2546
-66.1659
-66.2955
-66.1075
-66.258
-66.2918
-66.3167
-66.4198
-66.3047
-66.4875
-66.3185
-66.2059
-66.4621
-66.196
-66.1938
-66.393
-66.3169
-66.2143
-66.2794
-66.295
-66.2876
-66.2781
-66.2002
-66.4639
-66.4402
-66.2384
-66.3739
-66.3187
-66.3135
-66.6467
-66.2401
-66.4668
-66.3305
-66.228
-66.2244
-66.3128
-66.4628
-66.4683
-66.309
-66.1292
-66.5118
-66.3705
-66.3355
-66.3358
-66.3222
-66.2642
-66.2653
-66.408
-66.2549
-66.4076
-66.3076
-66.3283
-66.2284
-66.3622
-66.1959
-66.3157
-66.2155
-66.2492
-66.2824
-66.5148
-66.1862
-66.3507
-66.2018
-66.4303
-66.2825
-66.216
-66.4088
-66.4404
-66.5082
-66.236
-66.6598
-66.1459
-66.5507
-66.3743
-66.477
-66.6119
-66.3326
-66.5643
-66.3427
-66.4251
-66.3657
-66.3907
-66.3991
-66.3968
-66.1209
-66.2825
-66.4693
-66.218
-66.1645
-66.2779
-66.0927
-66.4582
-66.3757
-66.295
-66.4059
-66.3009
-66.2629
-66.3937
-66.4449
-66.4698
-66.0334
-66.3592
-66.2871
-66.336
-66.2672
-66.2637
-66.4312
-66.5563
-66.3377
-66.1302
-66.44
-66.373
-66.1621
-66.1814
-66.2294
-66.1479
-66.0803
-66.316
-66.2495
-66.4689
-66.2322
-66.3694
-66.187
-66.0962
-66.3202
-66.4478
-66.3732
-66.512
-66.3173
-66.3086
-66.1413
-66.229
-66.4939
-66.2164
-66.2132
-66.6513
-66.2365
-66.3074
-66.4137
-66.5131
-66.5237
-66.4188
-66.3404
-66.2611
-66.4115
-66.3075
-66.3992
-66.5362
-66.196
-66.2982
-66.3112
-66.3714
-66.2274
-66.44
-66.2057
-66.4457
-66.4736
-66.3239
-66.4702
-66.3795
-66.2113
-66.2369
-66.3071
-66.2258
-66.5875
-66.6108
-66.4099
-66.3985
-66.4456
-66.4259
-66.2865
-66.3008
-66.3845
-66.1288
-66.3941
-66.3891
-66.3578
-66.3734
-66.1217
-66.5926
-66.4443
-66.4301
-66.3757
-66.5181
-66.403
-66.2983
-66.6375
-66.1436
-66.2143
-66.6189
-66.3743
-66.3314
-66.4665
-66.5707
-66.1458
-66.3682
-66.514
-66.279
-66.4203
-66.6549
-66.2664
-66.5016
-66.4901
-66.1325
-66.4694
-66.1433
-66.335
-66.4637
-66.4465
-66.4606
-66.246
-66.5236
-66.2734
-66.4011
-66.4622
-66.2052
-66.4577
-66.5274
-66.3022
-66.3588
-66.3737
-66.4773
-66.4088
-66.2724
-66.2337
-66.324
-66.2884
-66.4358
-66.4507
-66.3013
-66.3647
-66.3471
-66.3486
-66.2788
-66.4641
-66.091
-66.2875
-66.3552
-66.2917
-66.1669
-66.4016
-66.6357
-66.293
-66.5802
-66.4747
-66.1254
-66.5225
-66.4407
-66.3873
-66.4313
-66.5474
-66.4083
-66.2626
-66.2264
-66.4179
-66.5109
-66.4708
-66.3304
-66.3631
-65.8529
-66.4066
-66.4596
-66.3457
-66.2849
-66.3724
-66.3584
-66.4676
-66.4567
-66.6093
-66.5046
-66.5432
-66.2564
-66.196
-66.2586
-66.5775
-66.4476
-66.4008
-66.4285
-66.3589
-66.1292
-66.4599
-66.3945
-66.4614
-66.2566
-66.2794
-66.3497
-66.3477
-66.4258
-66.3041
-66.4689
-66.3519
-66.826
-66.1574
-66.4593
-66.4682
-66.2807
-66.5829
-66.3872
-66.428
-66.336
-66.1925
-66.1858
-66.4346
-66.4492
-66.3527
-66.2979
-66.392
-66.3886
-66.3983
-66.2971
-66.3922
-66.3547
-66.3942
-66.3158
-66.4216
-66.4156
-66.4251
-66.2765
-66.3607
-66.5969
-66.2561
-66.5324
-66.4534
-66.3428
-66.3611
-66.4316
-66.4217
-66.292
-66.2803
-66.4333
-66.4224
-66.4908
-66.2927
-66.3133
-66.5173
-66.411
-66.3999
-66.2752
-66.446
-66.5668
-66.3503
-66.5772
-66.2805
-66.4686
-66.4093
-66.5443
-66.3033
-66.3291
-66.4137
-66.3808
-66.2979
-66.4284
-66.5026
-66.4435
-66.4596
-66.2621
-66.4594
-66.2661
-66.2018
-66.8299
-66.4073
-66.5517
-66.4159
-66.5521
-66.2928
-66.5186
-66.4931
-66.6433
-66.4328
-66.1991
-66.707
-66.4557
-66.4431
-66.3628
-66.5006
-66.5879
-66.2701
-66.3192
-66.3421
-66.4861
-66.664
-66.519
-66.3408
-66.7248
-66.4382
-66.5877
-66.576
-66.4269
-66.2419
-66.4049
-66.3624
-66.4788
-66.3951
-66.4098
-66.3641
-66.2667
-66.4337
-66.254
-66.4324
-66.3049
-66.3687
-66.4267
-66.5238
-66.5938
-66.5654
-66.5334
-66.3737
-66.5266
-66.5637
-66.3874
-66.174
-66.5625
-66.4021
-66.4757
-66.5644
-66.5878
-66.5037
-66.4854
-66.4874
-66.3185
-66.4071
-66.4598
-66.3862
-66.4769
-66.3979
-66.4073
-66.2978
-66.4732
-66.2824
-66.2232
-66.3625
-66.3321
-66.569
-66.499
-66.3913
-66.2509
-66.4614
-66.5374
-66.6163
-66.4101
-66.4629
-66.5019
-66.5254
-66.4565
-66.3973
-66.4414
-66.5178
-66.556
-66.5256
-66.4061
-66.4506
-66.3778
-66.5605
-66.395
-66.5368
-66.439
-66.4527
-66.4614
-66.5285
-66.4382
-66.3552
-66.3868
-66.1943
-66.5272
-66.4725
-66.3892
-66.4295
-66.5033
-66.2448
-66.3776
-66.4709
-66.441
-66.5225
-66.444
-66.5821
-66.5743
-66.3493
-66.3299
-66.6009
-66.5057
-66.4318
-66.3241
-66.2203
-66.4301
-66.6237
-66.4024
-66.3629
-66.3605
-66.431
-66.5317
-66.4049
-66.1909
-66.4849
-66.2997
-66.365
-66.2564
-66.4081
-66.4646
-66.6734
-66.4826
-66.3355
-66.4794
-66.3154
-66.5285
-66.3639
-66.3822
-66.4124
-66.6235
-66.4233
-66.4174
-66.3349
-66.5207
-66.4617
-66.5306
-66.5165
-66.4163
-66.5599
-66.4232
-66.3906
-66.3986
-66.4595
-66.4433
-66.3959
-66.7307
-66.4906
-66.4834
-66.4928
-66.4219
-66.3779
-66.5808
-66.5206
-66.5797
-66.6172
-66.466
-66.3172
-66.6156
-66.6397
-66.5645
-66.5753
-66.5932
-66.2708
-66.4228
-66.5369
-66.4495
-66.3697
-66.7599
-66.3316
-66.6467
-66.4594
-66.5183
-66.5741
-66.3582
-66.4244
-66.5538
-66.4323
-66.5401
-66.5171
-66.4887
-66.3533
-66.3134
-66.4806
-66.4526
-66.473
-66.3812
-66.5323
-66.6959
-66.5308
-66.664
-66.7522
-66.4962
-66.4915
-66.5227
-66.5406
-66.3031
-66.6173
-66.4065
-66.3755
-66.4228
-66.3317
-66.3367
-66.6244
-66.4475
-66.552
-66.3173
-66.4907
-66.4052
-66.759
-66.5009
-66.3358
-66.6411
-66.6027
-66.5027
-66.6878
-66.4903
-66.4535
-66.4658
-66.4541
-66.338
-66.6046
-66.3198
-66.4579
-66.3994
-66.5582
-66.5693
-66.4306
-66.376
-66.5085
-66.4252
-66.6309
-66.4154
-66.5542
-66.3914
-66.4261
-66.5911
-66.6091
-66.3543
-66.4457
-66.4321
-66.5823
-66.3123
-66.5431
-66.5504
-66.6176
-66.5563
-66.4913
-66.4944
-66.3849
-66.5121
-66.467
-66.43
-66.4324
-66.6387
-66.4303
-66.5914
-66.5777
-66.5651
-66.6016
-66.3696
-66.4975
-66.6292
-66.2969
-66.2972
-66.6574
-66.3226
-66.3778
-66.5084
-66.3662
-66.6445
-66.3374
-66.4678
-66.6308
-66.5187
-66.5214
-66.4477
-66.5425
-66.4318
-66.6074
-66.5651
-66.4264
-66.5834
-66.5165
-66.4849
-66.5409
-66.4523
-66.4957
-66.5058
-66.5078
-66.4721
-66.4732
-66.3939
-66.3401
-66.4239
-66.4426
-66.5456
-66.814
-66.4717
-66.2407
-66.6763
-66.4431
-66.556
-66.4772
-66.5078
-66.5883
-66.3998
-66.4044
-66.625
-66.5631
-66.2747
-66.6086
-66.4976
-66.5437
-66.6227
-66.6048
-66.4168
-66.3756
-66.4872
-66.6857
-66.5189
-66.5199
-66.5969
-66.4842
-66.5138
-66.4827
-66.1925
-66.5531
-66.7301
-66.5089
-66.3542
-66.4838
-66.4239
-66.5511
-66.5829
-66.3142
-66.411
-66.639
-66.3462
-66.7165
-66.4801
-66.4636
-66.5116
-66.4847
-66.4926
-66.4725
-66.3342
-66.5395
-66.4129
-66.6067
-66.7294
-66.3908
-66.4477
-66.3908
-66.684
-66.5613
-66.6318
-66.6949
-66.5562
-66.4899
-66.719
-66.5572
-66.3896
-66.4433
-66.4562
-66.3113
-66.6708
-66.5135
-66.3661
-66.6054
-66.4834
-66.4624
-66.5676
-66.4612
-66.5101
-66.4377
-66.4228
-66.5093
-66.4395
-66.5169
-66.4654
-66.2638
-66.4016
-66.5208
-66.759
-66.4446
-66.3944
-66.508
-66.5264
-66.6275
-66.563
-66.3182
-66.5507
-66.5885
-66.5431
-66.6299
-66.5667
-66.4837
-66.6037
-66.4596
-66.5339
-66.5407
-66.418
-66.3136
-66.7157
-66.5744
-66.4353
-66.3181
-66.5038
-66.5057
-66.5424
-66.5092
-66.5377
-66.6851
-66.51
-66.6497
-66.4305
-66.625
-66.4952
-66.5311
-66.4749
-66.7599
-66.4261
-66.6274
-66.5295
-66.4373
-66.6219
-66.4527
-66.4997
-66.6706
-66.5553
-66.4903
-66.2616
-66.371
-66.6431
-66.6781
-66.68
-66.4448
-66.6125
-66.4028
-66.5084
-66.3774
-66.5856
-66.3718
-66.4726
-66.477
-66.3659
-66.3351
-66.6379
-66.7195
-66.7082
-66.5524
-66.4467
-66.5481
-66.4769
-66.3393
-66.5821
-66.6252
-66.5326
-66.528
-66.6218
-66.514
-66.6374
-66.521
-66.5237
-66.3866
-66.4622
-66.7043
-66.4606
-66.623
-66.7062
-66.3691
-66.3997
-66.4871
-66.5442
-66.5811
-66.4417
-66.4953
-66.5016
-66.5187
-66.6441
-66.5205
-66.5685
-66.375
-66.5225
-66.5288
-66.712
-66.4653
-66.5824
-66.6527
-66.6401
-66.4371
-66.5051
-66.7122
-66.525
-66.582
-66.7332
-66.2841
-66.3821
-66.6119
-66.6273
-66.5832
-66.2239
-66.5849
-66.5514
-66.4912
-66.6196
-66.3821
-66.6735
-66.5499
-66.5975
-66.2411
-66.4576
-66.4626
-66.5259
-66.582
-66.5205
-66.7313
-66.4862
-66.6434
-66.6688
-66.7082
-66.6275
-66.5752
-66.3454
-66.5357
-66.5278
-66.4191
-66.3813
-66.5509
-66.5229
-66.5869
-66.5816
-66.3959
-66.5104
-66.4258
-66.7616
-66.6999
-66.5155
-66.3957
-66.4347
-66.2943
-66.5521
-66.4949
-66.4629
-66.491
-66.7236
-66.6942
-66.644
-66.425
-66.4177
-66.5032
-66.7868
-66.3296
-66.6122
-66.5539
-66.4011
-66.3378
-66.4868
-66.4979
-66.3886
-66.7491
-66.6002
-66.4422
-66.6355
-66.7525
-66.5717
-66.4911
-66.3993
-66.7664
-66.4983
-66.6559
-66.534
-66.3206
-66.5072
-66.3626
-66.3405
-66.2975
-66.5731
-66.3993
-66.5996
-66.6958
-66.6072
-66.6262
-66.6011
-66.4364
-66.4393
-66.6349
-66.4561
-66.6832
-66.5339
-66.6591
-66.4442
-66.618
-66.476
-66.6192
-66.5216
-66.4268
-66.6455
-66.6408
-66.6067
-66.5566
-66.6665
-66.5708
-66.6679
-66.3206
-66.5968
-66.3549
-66.6803
-66.828
-66.5833
-66.7578
-66.695
-66.6684
-66.4494
-66.3879
-66.4597
-66.7155
-66.5976
-66.6129
-66.616
-66.4957
-66.5812
-66.6501
-66.5058
-66.5971
-66.6542
-66.2349
-66.6047
-66.5966
-66.438
-66.5458
-66.5599
-66.4946
-66.4843
-66.5858
-66.465
-66.658
-66.3837
-66.5717
-66.6786
-66.5532
-66.5089
-66.489
-66.5684
-66.5342
-66.4145
-66.461
-66.7374
-66.5561
-66.5722
-66.6534
-66.3768
-66.5516
-66.5102
-66.6639
-66.5476
-66.4375
-66.3971
-66.5969
-66.5265
-66.5332
-66.5483
-66.4657
-66.5717
-66.4653
-66.6063
-66.2451
-66.447
-66.6017
-66.6467
-66.7434
-66.7284
-66.3218
-66.6177
-66.5836
-66.7306
-66.6848
-66.5278
-66.6622
-66.6811
-66.6414
-66.508
-66.6275
-66.4407
-66.5254
-66.7316
-66.5806
-66.5585
-66.786
-66.4989
-66.4766
-66.5368
-66.5412
-66.4859
-66.5714
-66.547
-66.5146
-66.6052
-66.4119
-66.6971
-65.287
-66.5604
-66.6167
-66.6826
-66.5133
-66.4849
-66.531
-66.6387
-66.4632
-66.7147
-66.5854
-66.6606
-66.48
-66.5762
-66.6551
-66.8431
-66.3269
-66.7867
-66.6527
-66.5934
-66.4169
-66.6838
-66.5639
-66.7563
-66.6589
-66.4531
-66.4254
-66.4569
-66.3037
-66.6433
-66.5658
-66.5967
-66.5901
-66.6384
-66.5115
-66.4531
-66.5199
-66.6854
-66.4944
-66.6366
-66.4888
-66.6605
-66.6174
-66.4118
-66.7068
-66.3558
-66.5672
-66.565
-66.6076
-66.7099
-66.6108
-66.6086
-66.5563
-66.507
-66.5247
-66.56
-66.5966
-66.5726
-66.4023
-66.6078
-66.383
-66.6262
-66.5586
-66.2473
-66.4077
-66.4822
-66.689
-66.3263
-66.7238
-66.5245
-66.5575
-66.3983
-66.5097
-66.5863
-66.4082
-66.5945
-66.5108
-66.6647
-66.5479
-66.7587
-66.478
-66.5547
-66.552
-66.6238
-66.6269
-66.4735
-66.5582
-66.6458
-66.6967
-66.6207
-66.5146
-66.6376
-66.6543
-66.6623
-66.6186
-66.5581
-66.6921
-66.5603
-66.4972
-66.5962
-66.2652
-66.6038
-66.4616
-66.4885
-66.7026
-66.624
-66.6321
-66.4572
-66.6898
-66.7488
-66.3993
-66.6091
-66.5365
-66.5747
-66.5612
-66.7681
-66.7431
-66.839
-66.5641
-66.7475
-66.4324
-66.7113
-66.8097
-66.5763
-66.3755
-66.5237
-66.4043
-66.9497
-66.524
-66.6852
-66.6635
-66.5207
-66.6184
-66.6553
-66.6773
-66.7164
-66.4791
-66.4438
-66.6168
-66.657
-66.7389
-66.7063
-66.7141
-66.6253
-66.6404
-66.4711
-66.4465
-66.6422
-66.5829
-66.7035
-66.7179
-66.6519
-66.5807
-66.3098
-66.5672
-66.6987
-66.4287
-66.4595
-66.6257
-66.552
-66.5322
-66.2606
-66.61
-66.3498
-66.5063
-66.9423
-66.4954
-66.5396
-66.5121
-66.5279
-66.4578
-66.7173
-66.2823
-66.4839
-66.593
-66.6107
-66.3878
-66.5665
-66.5809
-66.6251
-66.4845
-66.404
-66.4721
-66.2744
-66.4444
-66.373
-66.7087
-66.6699
-66.5801
-66.5457
-66.4831
-66.5528
-66.6876
-66.6983
-66.563
-66.5941
-66.6067
-66.526
-66.4886
-66.5749
-66.4788
-66.6714
-66.5553
-66.6342
-66.5491
-66.3412
-66.6003
-66.5389
-66.7387
-66.341
-66.9664
-66.6081
-66.6834
-66.4322
-66.5975
-66.6163
-66.6484
-66.3667
-66.762
-66.5869
-66.6108
-66.3598
-66.7201
-66.4858
-66.6589
-66.3479
-66.6314
-66.7196
-66.629
-66.4884
-66.5255
-66.708
-66.5404
-66.5875
-66.5167
-66.5709
-66.5382
-66.611
-66.5306
-66.6952
-66.6686
-66.4612
-66.5894
-66.5142
-66.6833
-66.5167
-66.5785
-66.5098
-66.6538
-66.6044
-66.6665
-66.4572
-66.6117
-66.8729
-66.4916
-66.4937
-66.6916
-66.6267
-66.7685
-66.7005
-66.5433
-66.3425
-66.9584
-66.7105
-66.6055
-66.5722
-66.4761
-66.5559
-66.5065
-66.4776
-66.4802
-66.3896
-66.5056
-66.6527
-66.7594
-66.6382
-66.8411
-66.5275
-66.4797
-66.5659
-66.3807
-66.5058
-66.6389
-66.6507
-66.4644
-66.5547
-66.8466
-66.4455
-66.6657
-66.4782
-66.7014
-66.7403
-66.5373
-66.5908
-66.4939
-66.6098
-66.7091
-66.3787
-66.4854
-66.932
-66.6463
-66.5834
-66.4767
-66.7065
-66.2326
-66.4198
-66.4746
-66.6445
-66.4745
-66.5604
-66.3899
-66.8467
-66.6823
-66.5386
-66.6401
-66.5146
-66.6035
-66.676
-66.3512
-66.5702
-66.6136
-66.6918
-66.4905
-66.4005
-66.5104
-66.6387
-66.5848
-66.6305
-66.5492
-66.597
-66.4292
-66.4688
-66.4631
-66.2912
-66.4933
-66.4109
-66.7421
-66.7326
-66.4248
-66.6115
-66.5796
-66.4788
-66.7049
-66.7181
-66.6403
-66.6005
-66.4815
-66.6758
-66.5528
-66.4033
-66.8623
-66.5875
-66.4772
-66.4977
-66.6659
-66.4289
-66.7097
-66.5956
-66.7453
-66.5623
-66.7078
-66.6464
-66.6673
-66.5494
-66.7694
-66.6315
-66.6416
-66.4787
-66.7024
-66.4588
-66.4732
-66.5451
-66.4742
-66.7636
-66.5378
-66.5237
-66.531
-66.7255
-66.4645
-66.596
-66.5509
-66.7374
-66.5361
-66.5221
-66.6807
-66.6195
-66.4228
-66.5674
-66.3519
-66.4966
-66.8303
-66.6574
-66.7932
-66.6562
-66.5901
-66.547
-66.5834
-66.3684
-66.4217
-66.6744
-66.4855
-66.7079
-66.5111
-66.8574
-66.9089
-66.7936
-66.4823
-66.5494
-66.7051
-66.6203
-66.5444
-66.5843
-66.7687
-66.4657
-66.8526
-66.7153
-66.6032
-66.446
-66.4356
-66.5998
-66.4235
-66.735
-66.4348
-66.5979
-66.5768
-66.6888
-66.5694
-66.6116
-66.6056
-66.4922
-66.6808
-66.6116
-66.6908
-66.462
-66.7641
-66.5684
-66.7542
-66.6523
-66.5573
-66.4942
-66.6192
-66.6318
-66.5137
-66.4836
-66.4829
-66.6936
-66.3511
-66.5668
-66.6166
-66.3749
-66.449
-66.5262
-66.6327
-66.6438
-66.6651
-66.7104
-66.3996
-66.6629
-66.5389
-66.5691
-66.5827
-66.4167
-66.4506
-66.6191
-66.6574
-66.767
-66.38
-66.5443
-66.5701
-66.5474
-66.581
-66.618
-66.5461
-66.625
-66.4826
-66.4638
-66.64
-66.4951
-66.6219
-66.5891
-66.5671
-66.689
-66.7431
-66.7169
-66.4691
-66.3726
-66.4316
-66.4683
-66.4599
-66.5468
-66.7096
-66.7369
-66.7109
-66.4983
-66.6188
-66.5617
-66.7238
-66.5271
-66.5354
-66.4947
-66.6214
-66.6112
-66.5117
-66.468
-66.5737
-66.3924
-66.6625
-66.4494
-66.476
-66.7463
-66.5261
-66.5449
-66.4951
-66.8379
-66.5687
-66.5894
-66.7412
-66.6152
-66.4031
-66.4635
-66.402
-66.5222
-66.5516
-66.5892
-66.6312
-66.5781
-66.4564
-66.545
-66.3737
-66.5893
-66.4238
-66.6056
-66.7468
-66.608
-66.5576
-66.6791
-66.634
-66.8217
-66.5285
-66.5721
-66.6952
-66.4457
-66.4802
-66.4429
-66.4641
-66.8109
-66.5554
-66.5355
-66.4542
-66.4152
-66.5723
-66.4768
-66.6665
-66.7265
-66.4389
-66.7212
-66.3539
-66.7707
-66.6799
-66.5795
-66.4688
-66.5376
-66.5525
-66.4981
-66.584
-66.7062
-66.654
-66.4604
-66.5736
-66.8221
-66.5438
-66.5908
-66.4372
-66.5766
-66.6483
-66.5869
-66.437
-66.5521
-66.6894
-66.64
-66.5718
-66.4328
-66.4833
-66.5087
-66.6416
-66.8455
-66.6345
-66.5784
-66.7178
-66.5608
-66.6906
-66.7491
-66.4603
-66.4486
-66.6373
-66.5698
-66.4345
-66.5814
-66.5859
-66.6662
-66.5351
-66.4581
-66.5931
-66.4301
-66.326
-66.4411
-66.6626
-66.4611
-66.6723
-66.4714
-66.5012
-66.829
-66.6304
-66.7573
-66.613
-66.7471
-66.3237
-66.7642
-66.5387
-66.6392
-66.7164
-66.6056
-66.514
-66.5751
-66.5366
-66.6921
-66.667
-66.5841
-66.5424
-66.4946
-66.5476
-66.6548
-66.6797
-66.5861
-66.555
-66.4611
-66.3484
-66.795
-66.3507
-66.6994
-66.8147
-66.5361
-66.5751
-66.641
-66.5816
-66.7271
-66.7298
-66.7895
-66.5014
-66.4302
-66.3264
-66.6187
-66.4932
-66.6582
-66.4886
-66.4555
-66.6539
-66.6249
-66.5103
-66.641
-66.4462
-66.6798
-66.553
-66.5791
-66.4382
-66.6354
-66.7141
-66.5116
-66.4649
-66.6223
-66.5903
-66.4084
-66.4312
-66.6987
-66.5424
-66.5112
-66.6555
-66.3761
-66.6424
-66.6819
-66.3723
-66.5518
-66.55
-66.6324
-66.6951
-66.6337
-66.448
-66.4546
-66.6137
-66.4134
-66.3843
-66.4704
-66.6861
-66.7085
-66.4926
-66.5935
-66.4571
-66.5292
-66.3028
-66.717
-66.3683
-66.5802
-66.4846
-66.5381
-66.5011
-66.6797
-66.6257
-66.3633
-66.5323
-66.828
-66.5742
-66.6064
-66.8651
-66.4824
-66.478
-66.5824
-66.6577
-66.7852
-66.6858
-66.5019
-66.4905
-66.5619
-66.7004
-66.7044
-66.8721
-66.5002
-66.6549
-66.6309
-66.7128
-66.2597
-66.4969
-66.6382
-66.748
-66.7552
-66.5632
-66.6408
-66.465
-66.6578
-66.5775
-66.4938
-66.6751
-66.6329
-66.3473
-66.481
-66.4103
-66.5079
-66.6962
-66.4894
-66.6957
-66.5809
-66.5177
-66.5045
-66.7838
-66.7206
-66.5123
-66.6308
-66.5116
-66.4858
-66.7182
-66.6864
-66.3823
-66.6579
-66.4041
-66.4429
-66.5299
-66.5532
-66.6486
-66.4886
-66.6573
-66.6446
-66.4336
-66.5429
-66.6001
-66.5061
-66.758
-66.6107
-66.5424
-66.3788
-66.463
-66.4603
-66.6479
-66.4404
-66.6465
-66.515
-66.6407
-66.7712
-66.6736
-66.7589
-66.6188
-66.5085
-66.3864
-66.5594
-66.4008
-66.6283
-66.4326
-66.4678
-66.6919
-66.4941
-66.5921
-66.6678
-66.6225
-66.7416
-66.6659
-66.6997
-66.6067
-66.5346
-66.5288
-66.3055
-66.6734
-66.3067
-66.5242
-66.393
-66.384
-66.5007
-66.4537
-66.3242
-66.3636
-66.6895
-66.7804
-66.486
-66.4215
-66.4508
-66.5821
-66.336
-66.3659
-66.4549
-66.5562
-66.8111
-66.4528
-66.4018
-66.5914
-66.5819
-66.6021
-66.4926
-66.4981
-66.6233
-66.3826
-66.3084
-66.237
-66.4733
-66.452
-66.6241
-66.6602
-66.2748
-66.5083
-66.6007
-66.6582
-66.6665
-66.2218
-66.4952
-66.544
-66.5439
-66.5345
-66.5555
-66.4543
-66.6079
-66.7008
-66.4068
-66.6252
-66.5963
-66.635
-66.7173
-66.3709
-66.6679
-66.3832
-66.6268
-66.7449
-66.3983
-66.4433
-66.6881
-66.7038
-66.6223
-66.3833
-66.4487
-66.6285
-66.4429
-66.6566
-66.3723
-66.3355
-66.6683
-66.5597
-66.5442
-66.558
-66.4499
-66.349
-66.6344
-66.6617
-66.6172
-66.7352
-66.4499
-66.5038
-66.5555
-66.6378
-66.4008
-66.6204
-66.5048
-66.3428
-66.4765
-66.3815
-66.4129
-66.5496
-66.4486
-66.4237
-66.4578
-66.5774
-66.4794
-66.4725
-66.6818
-66.4803
-66.4625
-66.6818
-66.3789
-66.6802
-66.6881
-66.4578
-66.5346
-66.6015
-66.4738
-66.4772
-66.6601
-66.5824
-66.5644
-66.6056
-66.5447
-66.5237
-66.5779
-66.4863
-66.4787
-66.6426
-66.5873
-66.6722
-66.4561
-66.512
-66.3642
-66.6754
-66.6346
-66.5877
-66.717
-66.5753
-66.5058
-66.4413
-66.4672
-66.6599
-66.4821
-66.4297
-66.5375
-66.5234
-66.3564
-66.5442
-66.43
-66.6745
-66.4272
-66.4977
-66.5212
-66.656
-66.7487
-66.4301
-66.4969
-66.5862
-66.4091
-66.4817
-66.5457
-66.5148
-66.4978
-66.7862
-66.5557
-66.5352
-66.493
-66.5295
-66.5265
-66.6216
-66.5166
-66.6786
-66.6305
-66.7213
-66.555
-66.6263
-66.5131
-66.516
-66.7112
-66.2906
-66.6954
-66.4996
-66.6338
-66.4928
-66.7547
-66.522
-66.7884
-66.5424
-66.3801
-66.6308
-66.4664
-66.5977
-66.6652
-66.2786
-66.4552
-66.727
-66.5776
-66.7178
-66.559
-66.2887
-66.3718
-66.3023
-66.4952
-66.5562
-66.4637
-66.644
-66.6377
-66.6336
-66.7411
-66.4665
-66.3798
-66.6037
-66.6918
-66.5364
-66.4736
-66.4465
-66.7397
-66.6347
-66.5192
-66.4142
-66.6786
-66.5725
-66.4207
-66.4252
-66.3764
-66.5914
-66.5777
-66.4783
-66.4941
-66.4878
-66.538
-66.5613
-66.5488
-66.6095
-66.5545
-66.559
-66.3743
-66.5555
-66.4858
-66.4893
-66.4097
-66.3305
-66.7557
-66.4203
-66.5682
-66.5327
-66.5373
-66.3699
-66.2251
-66.3503
-66.4693
-66.5387
-66.4642
-66.5777
-66.4965
-66.5848
-66.4402
-66.3122
-66.5542
-66.3417
-66.4606
-66.3249
-66.3713
-66.5249
-66.3728
-66.6487
-66.5581
-66.545
-66.5057
-66.7678
-66.3808
-66.3851
-66.3785
-66.5311
-66.5517
-66.5147
-66.6476
-66.5379
-66.4048
-66.3906
-66.6702
-66.4534
-66.405
-66.5879
-66.5507
-66.6729
-66.2496
-66.6863
-66.4824
-66.4299
-66.7941
-66.2693
-66.6681
-66.4689
-66.5739
-66.5586
-66.7396
-66.3348
-66.4879
-66.453
-66.3111
-66.677
-66.5081
-66.7093
-66.539
-66.5666
-66.6596
-66.4181
-66.4445
-66.5769
-66.4654
-66.5308
-66.4238
-66.5658
-66.5363
-66.3661
-66.2611
-66.5462
-66.7649
-66.3697
-66.6903
-66.4015
-66.4432
-66.3403
-66.316
-66.6455
-66.4877
-66.5607
-66.2798
-66.4622
-66.8046
-66.4205
-66.486
-66.3643
-66.4529
-66.4795
-66.4276
-66.3199
-66.4734
-66.3805
-66.7774
-66.3109
-66.6194
-66.7625
-66.34
-66.4121
-66.2894
-66.5155
-66.4254
-66.3915
-66.4867
-66.7568
-66.4209
-66.3415
-66.4284
-66.4984
-66.4122
-66.546
-66.4172
-66.6046
-66.4303
-66.5584
-66.4727
-66.3603
-66.6227
-66.3972
-66.5071
-66.5319
-66.3904
-66.6317
-66.3801
-66.4445
-66.5355
-66.5789
-66.543
-66.597
-66.493
-66.4525
-66.6413
-66.5231
-66.4405
-66.5454
-66.5533
-66.2399
-66.4087
-66.5959
-66.5434
-66.2993
-66.469
-66.5138
-66.5484
-66.6393
-66.3832
-66.4186
-66.4561
-66.4626
-66.413
-66.2536
-66.5151
-66.4506
-66.4195
-66.3504
-66.5963
-66.4598
-66.1474
-66.3649
-66.5338
-66.5689
-66.6172
-66.2289
-66.7161
-66.3243
-66.5506
-66.4089
-66.5231
-66.6388
-66.3505
-66.7307
-66.435
-66.516
-66.5927
-66.4174
-66.5687
-66.3012
-66.5079
-66.5169
-66.4604
-66.3316
-66.5751
-65.5586
-66.6174
-66.4814
-66.4674
-66.5587
-66.3446
-66.4285
-66.3071
-66.54
-66.5251
-66.5656
-66.3189
-66.6088
-66.624
-66.4926
-66.326
-66.4293
-66.3863
-66.3448
-66.2861
-66.5325
-66.5587
-66.3199
-66.3983
-66.2587
-66.5883
-66.3833
-66.5988
-66.4291
-66.3585
-66.5525
-66.4827
-66.6834
-66.4685
-66.479
-66.4186
-66.4895
-66.3986
-66.3741
-66.4812
-66.5274
-66.2778
-66.3966
-66.7439
-66.3295
-66.5618
-66.3647
-66.4398
-66.5798
-66.5483
-66.4111
-66.4358
-66.4046
-66.454
-66.6173
-66.5333
-66.0509
-66.4457
-66.4997
-66.2824
-66.4252
-66.3535
-66.4878
-66.4942
-66.502
-66.3999
-66.5338
-66.6579
-66.3166
-66.416
-66.2749
-66.2347
-66.2582
-66.519
-66.488
-66.495
-66.4032
-66.2838
-66.2599
-66.4731
-66.3721
-66.2199
-66.3352
-66.5334
-66.1565
-66.6293
-66.3747
-66.3341
-66.3999
-66.5134
-66.3654
-66.3146
-66.4501
-66.4504
-66.5188
-66.367
-66.5202
-66.3232
-66.3069
-66.3607
-66.4237
-66.4617
-66.492
-66.5076
-66.4562
-66.4392
-66.4741
-66.5404
-66.4976
-66.3033
-66.4172
-66.2042
-66.3461
-66.4875
-66.5509
-66.6035
-66.4185
-66.5575
-66.3607
-66.5798
-66.384
-66.207
-66.5073
-66.1908
-66.4602
-66.4631
-66.2594
-66.3245
-66.6595
-66.4261
-66.2934
-66.5663
-66.3417
-66.3807
-66.425
-66.6694
-66.277
-66.4391
-66.3383
-66.3687
-66.1514
-66.4786
-66.5551
-66.4959
-66.5284
-66.469
-66.4755
-66.358
-66.558
-66.2297
-66.5839
-66.2913
-66.3894
-66.5258
-66.4147
-66.3051
-66.4977
-66.3836
-66.4612
-66.4955
-66.3918
-66.4145
-66.3721
-66.5318
-66.5955
-66.3022
-66.5341
-66.532
-66.4686
-66.3293
-66.1584
-66.5914
-66.5483
-66.4502
-66.3692
-66.4755
-66.4846
-66.2922
-66.4906
-66.3623
-66.4557
-66.4249
-66.4224
-66.4985
-66.3548
-66.4505
-66.3724
-66.4429
-66.2912
-66.3384
-66.3449
-66.544
-66.5488
-66.4769
-66.5133
-66.5721
-66.2675
-66.5752
-66.2075
-66.303
-66.4806
-66.412
-66.3471
-66.4251
-66.6045
-66.4194
-66.1776
-66.8144
-66.4091
-66.488
-66.4017
-66.6693
-66.5069
-66.5179
-66.3564
-66.4326
-66.5431
-66.3397
-66.5148
-66.4471
-66.4519
-66.4366
-66.3086
-66.4826
-66.5644
-66.3931
-66.2747
-66.4596
-66.4398
-66.3246
-66.5356
-66.5855
-66.3319
-66.6854
-66.4492
-66.2699
-66.5324
-66.4256
-66.3703
-66.4878
-66.1344
-66.403
-66.1866
-66.144
-66.449
-66.6176
-66.4695
-66.3262
-66.4316
-66.4615
-66.3048
-66.39
-66.2597
-66.351
-66.4507
-66.4608
-66.5343
-66.3759
-66.3728
-66.2682
-66.2642
-66.3251
-66.1879
-66.5073
-66.3692
-66.3535
-66.3421
-66.3972
-66.3767
-66.2319
-66.2835
-66.4262
-66.4254
-66.2924
-66.3927
-66.4993
-66.5484
-66.3453
-66.3481
-66.3623
-66.2599
-66.6579
-66.5168
-66.1263
-66.5142
-66.2792
-66.4817
-66.1879
-66.3589
-66.2538
-66.1634
-66.3738
-66.1486
-66.4841
-66.1584
-66.2432
-66.4386
-66.2906
-66.5162
-66.2202
-66.5335
-66.1712
-66.4822
-66.5089
-66.3801
-66.1483
-66.4548
-66.4318
-66.3801
-66.2133
-66.2908
-66.192
-66.3918
-66.3901
-66.4879
-66.5863
-66.5062
-66.3562
-66.1992
-66.3103
-66.6108
-66.3624
-66.352
-66.1941
-66.4642
-66.2867
-66.3907
-66.497
-66.5112
-66.397
-66.2372
-66.0324
-66.4289
-66.4078
-66.5067
-66.4871
-66.1258
-66.2511
-66.5112
-65.9968
-66.2533
-66.3769
-66.3598
-66.2676
-66.4348
-66.5713
-66.393
-66.5378
-66.3269
-66.2718
-66.5318
-66.4057
-66.31
-66.3509
-66.3363
-66.2996
-66.5195
-66.438
-66.586
-66.474
-66.2418
-66.4902
-66.5015
-66.2014
-66.2991
-66.5454
-66.4589
-66.5773
-66.205
-66.399
-66.4267
-66.2696
-66.5121
-66.5115
-66.3221
-66.431
-66.5415
-66.3975
-66.1822
-66.5441
-66.586
-66.4219
-66.3333
-66.5274
-66.4741
-66.4881
-66.2317
-66.2921
-66.2789
-66.2278
-66.279
-66.3327
-66.4113
-66.1747
-66.3566
-66.4158
-66.3159
-66.2641
-66.5528
-66.3378
-66.2832
-66.3697
-66.4183
-66.2812
-66.2449
-66.4106
-66.3042
-66.3566
-66.2142
-66.414
-66.4006
-66.418
-66.3242
-66.3821
-66.3324
-66.5753
-66.3351
-66.1496
-66.4933
-66.239
-66.3251
-66.5468
-66.1293
-66.2957
-66.4556
-66.2408
-66.4103
-66.4441
-66.5594
-66.4073
-66.257
-66.1994
-66.2261
-66.406
-66.2611
-66.4671
-66.3021
-66.4715
-66.424
-66.1448
-66.4612
-66.3314
-66.5251
-66.5035
-66.3176
-66.3621
-66.3343
-66.2359
-66.2566
-66.2118
-66.3312
-66.3462
-66.0711
-66.2793
-66.3215
-66.3786
-66.4738
-66.2666
-66.3504
-66.5553
-66.4305
-66.1387
-66.2508
-66.1146
-66.4292
-66.1632
-66.4557
-66.5662
-66.3611
-66.283
-66.1657
-66.2075
-66.2392
-66.23
-66.2603
-66.4363
-66.3663
-66.0341
-66.2497
-66.3356
-66.4727
-66.3289
-66.4771
-66.2852
-66.6875
-66.4758
-66.3992
-66.6649
-66.4115
-66.1947
-66.2836
-66.2138
-66.3847
-66.4158
-66.3377
-66.2076
-66.3388
-66.261
-66.1343
-66.3549
-66.4967
-66.2731
-66.3569
-66.1408
-66.5756
-66.4922
-66.3668
-66.0385
-66.2769
-66.4458
-66.3418
-66.1168
-66.323
-66.1863
-66.3418
-66.241
-66.3257
-66.3196
-66.3903
-66.2166
-66.2704
-66.3741
-66.655
-66.3089
-66.2275
-66.3568
-66.3628
-66.2342
-66.2368
-66.6542
-66.1872
-66.3045
-66.2615
-66.0549
-66.2337
-66.1118
-66.5652
-66.2502
-66.2414
-66.2324
-66.2206
-66.3424
-66.1979
-66.1352
-66.4486
-66.4428
-66.1294
-66.3682
-66.3569
-66.0719
-66.4591
-66.2926
-66.545
-66.2389
-66.3934
-66.1922
-66.1644
-66.3771
-66.1974
-66.2448
-66.4998
-66.0964
-66.4438
-66.4241
-66.1697
-66.0659
-66.2474
-66.2804
-66.2375
-66.3169
-66.3843
-66.2725
-66.2834
-66.2814
-66.197
-66.5694
-66.2844
-66.4615
-66.4739
-66.6497
-66.1823
-66.3314
-66.3129
-66.4079
-66.3606
-66.1267
-66.3434
-66.4798
-66.4937
-66.5062
-66.162
-66.3663
-66.3079
-66.5095
-66.3571
-66.3808
-66.2493
-66.2326
-66.2146
-66.2116
-66.2092
-66.5353
-66.2505
-66.24
-66.4552
-66.4358
-66.273
-66.2026
-66.2118
-66.3252
-66.1717
-66.2586
-66.2762
-66.1421
-66.0833
-66.3207
-66.3994
-66.2893
-66.3325
-66.3741
-66.2401
-66.4538
-66.1573
-66.2352
-66.3688
-66.3191
-66.2938
-66.2992
-66.4433
-66.2809
-66.4351
-66.5168
-66.2948
-66.3594
-66.6124
-66.2613
-66.4683
-66.1091
-65.9055
-65.9802
-66.5571
-66.2768
-66.1254
-66.2925
-66.2705
-66.2319
-66.2405
-66.288
-66.2588
-66.3264
-66.3274
-66.2546
-66.2728
-66.4689
-66.457
-66.292
-66.3865
-66.3254
-66.343
-66.1396
-66.1893
-66.2529
-66.2091
-66.4841
-66.5789
-66.2486
-66.4943
-66.2495
-66.2383
-66.329
-66.0846
-66.3949
-66.2838
-66.177
-66.1586
-66.3924
-66.0022
-66.2593
-66.1132
-66.3179
-66.4294
-66.2171
-66.2417
-66.3012
-66.3689
-66.1024
-66.2619
-66.2194
-66.1005
-66.111
-66.5644
-66.2874
-66.2159
-66.4503
-66.3891
-66.3345
-66.0806
-66.1744
-66.2536
-66.2843
-66.2502
-66.2745
-66.1899
-66.2181
-66.3362
-66.4077
-66.1595
-66.3311
-66.4545
-66.2426
-66.1811
-66.187
-66.1849
-66.2474
-66.2818
-66.1962
-66.4274
-66.2718
-66.2683
-66.2746
-66.1497
-66.2888
-66.3764
-66.2552
-66.1705
-66.2055
-66.382
-66.3094
-66.3386
-66.3423
-66.0835
-66.3387
-66.3666
-66.199
-66.1183
-66.2207
-66.1957
-66.0888
-66.3398
-66.3276
-66.2677
-66.3314
-66.2935
-66.1732
-66.551
-66.3148
-66.2196
-66.1594
-66.1752
-66.45
-66.3033
-66.2889
-66.2474
-66.4387
-66.2867
-66.1419
-66.2094
-66.2884
-66.4347
-66.2378
-66.2647
-66.3512
-66.2352
-66.1503
-66.1782
-66.1486
-66.1832
-66.1207
-66.0897
-66.4269
-66.3605
-66.5217
-66.3603
-66.3362
-66.1482
-66.3524
-66.1917
-66.2555
-66.2451
-66.1192
-66.1505
-66.2823
-66.0117
-66.1189
-66.1551
-66.3529
-66.2766
-66.1358
-66.1821
-66.1152
-66.3609
-66.053
-66.5135
-66.2252
-66.2466
-66.1284
-66.3051
-66.2263
-66.1615
-66.3252
-66.132
-66.3035
-65.9826
-66.1731
-66.2727
-66.2583
-66.1139
-66.4723
-66.2407
-66.2111
-66.3025
-66.2075
-66.1986
-66.3675
-66.1302
-66.2118
-66.5005
-66.1568
-66.2227
-66.2159
-66.1755
-66.3058
-66.308
-66.2636
-66.2899
-66.2483
-66.3746
-66.1139
-66.249
-66.3497
-66.2904
-66.2179
-66.1668
-66.0531
-66.3328
-66.4071
-66.3376
-66.1661
-66.1982
-66.3099
-66.1705
-66.2396
-66.2661
-66.5057
-66.1904
-66.0413
-66.2114
-66.1132
-66.374
-66.0978
-66.4209
-66.2851
-66.2007
-66.3336
-66.2017
-66.2882
-66.0521
-66.3593
-66.2325
-66.2086
-66.1777
-66.3036
-66.0563
-66.2609
-66.2267
-66.3115
-66.289
-66.3003
-66.21
-66.3505
-66.1388
-66.6573
-66.0209
-66.2697
-66.1456
-66.0448
-66.1061
-66.1884
-66.1813
-66.1533
-66.2776
-66.153
-66.1973
-66.1749
-66.1323
-66.2033
-66.4739
-66.0349
-66.2548
-66.2788
-66.2472
-66.2384
-66.3942
-66.275
-66.324
-66.3601
-66.4173
-66.2917
-66.413
-66.1158
-66.3832
-66.2755
-66.386
-66.1677
-66.2085
-66.217
-66.1643
-66.3096
-66.2096
-66.2863
-66.0974
-66.1018
-66.3647
-66.2376
-66.377
-66.0278
-66.2318
-66.0935
-66.2046
-66.2011
-65.9308
-66.1388
-66.2351
-66.2462
-66.1776
-66.2002
-66.0476
-66.3636
-66.0881
-66.0567
-66.2063
-66.4624
-66.4751
-66.3895
-66.2742
-66.2172
-66.2798
-66.1328
-66.1798
-66.2035
-66.0965
-66.2938
-66.3235
-66.1445
-65.9862
-66.3785
-66.2707
-66.1737
-66.2733
-66.3082
-66.106
-66.2862
-66.1608
-66.2773
-65.9604
-65.8789
-66.1515
-66.0753
-66.1212
-66.1881
-66.2963
-66.2844
-66.2438
-66.2372
-65.9982
-66.1389
-66.0029
-66.2037
-66.0733
-66.1985
-66.1499
-66.2894
-66.1292
-66.2948
-66.1975
-66.3323
-66.4856
-66.0702
-66.3228
-66.2695
-66.0572
-66.1417
-66.1614
-66.1298
-66.4102
-66.302
-65.9014
-66.0173
-65.9804
-66.3483
-66.3684
-66.1225
-66.3802
-66.2427
-66.3008
-66.4009
-66.1934
-66.209
-66.1996
-66.1963
-66.1622
-66.1674
-66.2065
-66.1519
-66.0775
-66.1459
-66.1675
-65.9433
-66.1544
-66.1632
-66.3385
-66.1576
-65.8553
-66.3224
-66.157
-66.248
-66.1583
-66.4689
-66.296
-66.1816
-66.0989
-66.2277
-66.219
-66.4112
-66.1479
-65.9955
-66.1534
-66.2367
-66.054
-66.1339
-66.1378
-66.2343
-66.27
-66.2342
-66.0467
-66.0747
-66.2554
-66.2317
-66.2372
-66.1085
-66.3137
-65.9756
-66.1645
-66.3436
-66.1905
-66.1393
-66.1947
-66.2438
-66.1608
-66.1468
-66.0907
-65.9948
-66.0707
-66.1939
-66.0808
-66.3626
-66.0672
-65.82
-66.333
-66.1425
-66.329
-66.2326
-66.2701
-66.2331
-66.1893
-66.0838
-66.1117
-66.0979
-66.1119
-65.9431
-66.1866
-66.1971
-66.2166
-66.3306
-66.1966
-66.0829
-66.0624
-66.2471
-66.2308
-66.1066
-66.1763
-66.003
-66.2261
-66.1334
-65.9748
-66.3666
-66.2899
-66.0546
-66.1466
-66.1601
-66.1466
-66.1967
-66.0224
-66.1558
-66.4307
-66.1398
-66.3251
-66.2325
-66.3828
-66.1853
-65.9035
-66.2509
-66.0239
-66.2248
-66.4336
-66.1892
-66.092
-66.4396
-66.2475
-66.0558
-66.3036
-66.0171
-66.1088
-65.9967
-66.2901
-66.1905
-66.2285
-66.0122
-66.1165
-66.5645
-66.152
-65.9709
-66.015
-65.9433
-66.3793
-66.3886
-66.2222
-66.3063
-65.9295
-65.8815
-65.9513
-66.0393
-66.2901
-66.0548
-66.1329
-66.4099
-66.2214
-66.2707
-66.2187
-66.2707
-66.009
-66.1585
-66.0515
-66.2373
-66.1607
-66.2011
-66.3773
-65.9592
-66.1881
-66.1394
-66.2804
-66.3902
-66.1419
-66.1706
-66.3044
-66.2103
-66.1605
-66.0836
-66.2059
-66.3266
-66.2659
-66.2557
-66.0408
-66.1404
-66.1611
-66.1779
-66.1245
-66.0651
-66.299
-66.1289
-66.0932
-66.1873
-66.0302
-65.9838
-65.9566
-66.0407
-66.1981
-66.0893
-66.2688
-66.1181
-66.0208
-66.3562
-66.0345
-66.1131
-65.9891
-66.4033
-66.2918
-66.1502
-66.2704
-66.2198
-66.1941
-66.2557
-66.2939
-65.8471
-66.0321
-66.352
-66.2535
-66.1669
-65.9874
-66.2182
-65.9892
-66.3263
-66.1998
-66.1572
-66.1241
-65.9665
-66.1365
-65.9871
-66.0626
-66.3189
-66.0253
-66.1291
-66.2426
-66.218
-66.3298
-66.0401
-66.138
-66.2531
-66.0918
-66.2523
-65.9746
-66.1314
-66.2664
-66.1528
-66.0109
-66.0731
-66.2589
-66.3491
-66.1692
-66.2102
-66.0661
-66.1563
-66.2136
-66.3023
-66.2469
-66.1419
-66.0958
-66.0906
-66.0581
-66.0838
-66.0971
-66.1035
-66.3318
-66.208
-66.0677
-66.2194
-66.096
-66.2354
-65.9654
-66.2003
-66.0865
-66.1326
-66.0245
-66.2237
-66.2699
-65.9591
-66.234
-66.0471
-66.1386
-66.0876
-66.1779
-66.1084
-66.2345
-66.1168
-66.1722
-66.0919
-66.2231
-66.2832
-66.2702
-66.0801
-66.2838
-66.1218
-66.0255
-65.9868
-66.3065
-66.0357
-66.0938
-66.0953
-66.1392
-66.1304
-66.1827
-66.2269
-65.8842
-66.1708
-66.0203
-66.2691
-66.2038
-66.3183
-66.2108
-66.1826
-66.2881
-66.1884
-65.971
-66.3924
-66.1497
-66.2621
-65.8542
-65.9955
-66.3818
-66.0686
-66.1993
-66.2164
-66.1804
-66.154
-66.0878
-66.4333
-66.0564
-66.214
-66.1667
-66.3094
-66.1952
-65.9234
-65.9099
-66.1344
-66.1828
-66.1202
-65.9238
-65.9591
-66.2982
-66.1757
-66.0797
-66.2731
-66.3917
-66.0673
-66.1464
-65.918
-66.2651
-66.3581
-66.0834
-66.1656
-66.1686
-66.2286
-66.0675
-66.1204
-66.1686
-66.1503
-66.2761
-66.001
-65.8623
-66.2657
-66.458
-65.9328
-66.1408
-66.1128
-65.9288
-66.0647
-66.1829
-66.3379
-66.014
-66.0589
-66.0961
-66.0004
-66.0988
-66.0018
-66.0248
-66.0414
-66.1036
-66.257
-65.8597
-66.3011
-66.0344
-66.1179
-66.0356
-66.235
-66.3032
-66.2396
-66.0143
-65.8835
-66.2444
-66.3474
-66.0698
-66.0962
-66.1264
-65.947
-65.9818
-66.0639
-66.0844
-66.0195
-65.9351
-66.4228
-66.2537
-66.0222
-66.2191
-66.0036
-66.1526
-65.9879
-66.1879
-66.1748
-66.1014
-66.231
-66.1639
-66.1145
-66.2308
-65.9719
-66.0303
-66.0421
-66.0593
-66.108
-66.2962
-66.2605
-66.1887
-66.0384
-66.2325
-65.9845
-66.099
-66.1988
-66.0089
-66.2145
-66.1637
-66.1541
-66.1488
-66.3543
-66.2899
-66.1935
-66.0798
-66.1486
-66.049
-66.1516
-66.1534
-66.3483
-66.0311
-66.1062
-65.8855
-66.1159
-66.1381
-66.2286
-66.0413
-66.0367
-66.0467
-66.1931
-66.0195
-65.9698
-66.0577
-66.0092
-66.1123
-66.1062
-66.1342
-66.215
-65.9781
-66.1431
-66.1154
-65.8827
-66.0276
-66.1301
-66.1673
-66.0675
-66.035
-66.0386
-66.0828
-66.105
-66.3672
-66.3673
-66.1872
-66.1037
-66.3562
-66.1083
-66.1855
-66.2586
-66.0731
-66.0348
-66.0191
-66.0565
-66.2012
-65.9622
-66.1285
-66.0217
-66.2264
-66.0789
-66.2479
-66.3993
-66.3771
-66.0943
-66.1004
-66.1899
-66.1488
-66.0098
-66.2199
-66.1647
-66.0458
-65.9978
-66.1695
-66.0508
-66.0604
-66.0039
-66.337
-66.0809
-66.2771
-66.1423
-66.0267
-66.1424
-66.0577
-66.5525
-66.2613
-65.9281
-66.14
-66.0012
-66.1375
-65.9752
-66.1983
-66.2414
-66.2482
-66.21
-66.0899
-66.0959
-66.2128
-66.232
-66.262
-66.0142
-66.4193
-65.9628
-66.0536
-66.1683
-66.0855
-65.7604
-66.1714
-65.8974
-66.0792
-66.2449
-66.0957
-66.1631
-66.3518
-66.2299
-65.8116
-66.3267
-66.2273
-66.1905
-66.0702
-66.1687
-65.8462
-66.2936
-66.2105
-66.0933
-66.029
-66.439
-66.0984
-66.1733
-65.9835
-66.0434
-66.0738
-66.0586
-66.1437
-66.2023
-66.0153
-66.035
-66.2231
-66.2071
-66.3596
-66.0826
-66.131
-65.9019
-66.1136
-66.1316
-66.1135
-66.0834
-66.1001
-66.0039
-66.289
-66.04
-65.8903
-66.0971
-66.1183
-66.0171
-65.9643
-66.2061
-66.1296
-66.0794
-66.1944
-66.026
-66.1323
-66.0662
-66.2157
-65.9329
-66.0907
-65.9784
-66.0603
-66.203
-66.1236
-66.2124
-66.0521
-66.3477
-65.9989
-66.1917
-66.2183
-66.1656
-66.0873
-65.8779
-66.3062
-66.1869
-66.2003
-66.1346
-65.9719
-65.9087
-65.7697
-66.0732
-66.1144
-66.3154
-66.028
-65.9601
-66.2795
-66.0861
-66.0652
-65.9984
-66.0389
-66.1379
-65.8043
-66.0055
-66.2355
-66.0144
-66.25
-66.3426
-66.1198
-66.1277
-66.0603
-66.025
-66.0413
-66.2099
-66.201
-66.0094
-66.0462
-66.0332
-66.2066
-65.9921
-65.9793
-66.0148
-65.8376
-66.0054
-65.9798
-66.0097
-66.0526
-65.9784
-65.8761
-65.9226
-66.1984
-66.0127
-66.2066
-66.3058
-66.2009
-66.0314
-66.2636
-66.0814
-66.3336
-66.1786
-65.9997
-66.1084
-66.1967
-66.0768
-66.0403
-66.1973
-66.2286
-66.4366
-66.1377
-66.1944
-66.0889
-65.9395
-66.0647
-65.6952
-66.1384
-66.2297
-66.1735
-66.0055
-66.3077
-66.1308
-66.0187
-66.1048
-66.2533
-66.0929
-65.8994
-66.1157
-66.0209
-66.285
-66.1309
-66.1521
-66.1639
-65.9221
-66.0983
-66.2038
-66.0335
-66.0318
-66.1381
-66.0051
-66.1816
-66.1625
-66.082
-66.0293
-66.0601
-66.282
-66.1837
-66.0133
-66.035
-66.009
-66.2645
-66.3009
-66.2314
-66.3261
-66.0491
-66.2795
-66.0277
-65.8877
-66.0423
-66.1766
-66.2804
-66.1021
-66.2904
-65.9977
-66.1169
-66.2285
-66.0243
-66.3287
-66.2233
-66.0238
-66.3225
-66.0571
-66.0848
-66.1893
-65.9172
-66.2324
-66.0772
-65.9516
-66.1458
-65.869
-65.8711
-66.2055
-66.1338
-66.1618
-66.071
-66.1721
-65.9924
-66.0626
-66.138
-66.038
-66.3196
-66.2888
-66.3041
-66.0038
-66.1725
-66.0366
-66.1058
-66.153
-66.1506
-66.2041
-65.9185
-66.1748
-66.2254
-66.0601
-66.3427
-65.9284
-66.0998
-66.2035
-66.1416
-66.0609
-65.8484
-66.1919
-66.0508
-66.0946
-66.2739
-66.0922
-66.2198
-66.166
-66.2738
-66.1729
-66.3112
-66.2582
-66.0534
-66.216
-66.0782
-66.0666
-66.1354
-66.0218
-66.1683
-65.9867
-66.1813
-66.0001
-66.0893
-66.0865
-66.2099
-65.8522
-65.9111
-65.9757
-66.1966
-65.9758
-66.0472
-66.1967
-66.1968
-66.0584
-65.9035
-66.0027
-66.2116
-66.0688
-66.5282
-66.3642
-66.0569
-66.2214
-66.2988
-65.9832
-65.9768
-65.8783
-66.1702
-66.222
-66.0354
-65.9413
-65.9502
-66.2776
-66.3631
-66.0399
-66.094
-66.1945
-66.2616
-66.3009
-66.2998
-66.1094
-66.1622
-66.403
-66.1414
-66.0489
-66.0356
-66.0498
-65.9015
-66.2526
-65.8498
-66.1954
-66.3
-66.393
-66.2139
-66.4405
-66.2804
-66.307
-66.1906
-66.128
-66.2687
-66.0303
-65.8679
-66.0724
-66.2376
-66.2029
-66.2457
-66.2679
-66.1299
-66.2469
-66.0942
-66.2439
-66.0426
-66.1617
-66.1245
-66.1268
-66.165
-66.2394
-66.2308
-66.1028
-66.1338
-66.2014
-66.0621
-66.1225
-66.0714
-66.1871
-66.1993
-66.3252
-66.186
-66.2531
-66.1696
-66.0376
-66.2729
-65.9795
-66.1895
-66.3719
-66.1865
-66.2096
-66.1022
-66.2025
-66.0413
-66.1119
-66.0772
-66.3401
-66.1971
-66.1032
-66.218
-66.4071
-66.0947
-66.0694
-66.2366
-66.0039
-66.2272
-66.0687
-66.3266
-66.0459
-66.1938
-66.1159
-66.3025
-66.1397
-66.2139
-66.1647
-66.1505
-66.2651
-66.2443
-66.1384
-66.1181
-66.058
-66.2753
-66.1306
-66.3127
-65.9052
-66.1379
-66.3767
-66.1481
-66.0451
-65.9869
-66.219
-66.2644
-66.192
-66.1571
-66.1783
-66.3995
-66.0855
-66.3106
-66.0662
-66.1803
-66.14
-66.2801
-66.3558
-65.9649
-66.2224
-66.359
-66.4024
-66.2062
-65.916
-66.2077
-65.998
-66.1087
-66.0653
-65.9654
-66.0447
-66.2725
-66.1682
-66.1964
-65.9506
-66.3097
-66.0693
-66.1711
-66.0488
-66.2578
-66.1197
-66.0379
-65.9883
-66.0422
-66.1991
-66.0967
-66.2037
-66.1063
-65.8619
-66.0563
-66.0849
-66.2697
-66.0834
-66.1583
-66.0469
-65.9975
-66.2405
-66.0646
-66.2711
-66.1453
-66.0335
-66.1148
-66.1903
-66.1844
-66.268
-66.2871
-66.0418
-66.1553
-66.3222
-66.0629
-66.0731
-66.2347
-66.2086
-66.2073
-66.2641
-66.3176
-66.2191
-66.2087
-66.1804
-66.2426
-66.1289
-66.408
-66.0015
-66.2554
-66.2077
-66.259
-66.0843
-66.1466
-66.4694
-66.1791
-66.2582
-66.2437
-66.1402
-66.2087
-65.9955
-66.0519
-65.9911
-66.2571
-66.2491
-66.2018
-66.2635
-66.1552
-66.0684
-66.153
-66.2909
-66.0248
-66.0296
-66.0167
-66.2134
-66.3477
-66.3967
-66.3984
-66.4
-66.1836
-66.2632
-66.1771
-66.0343
-65.9165
-66.0572
-66.0748
-66.1318
-66.1778
-66.4885
-65.9632
-66.1592
-65.9887
-66.1567
-66.3328
-66.2387
-66.1175
-66.4163
-66.1012
-66.2674
-66.0748
-66.1427
-66.0947
-66.1323
-66.1034
-66.2362
-66.1858
-66.1202
-66.1659
-66.2734
-66.2518
-66.0157
-65.9999
-66.0328
-66.2869
-66.105
-66.3345
-66.1609
-66.2809
-66.1022
-66.0564
-66.1947
-66.0004
-66.174
-66.1363
-65.9979
-66.19
-66.2468
-66.0069
-66.4069
-66.1076
-66.2953
-66.2105
-66.2126
-66.2899
-66.0779
-66.1577
-66.2407
-66.1607
-66.0045
-66.02
-66.0566
-66.3623
-66.2751
-66.3471
-66.3267
-66.2311
-66.2783
-66.2442
-66.1395
-66.3493
-66.3437
-66.1612
-66.2038
-66.2892
-66.2484
-66.291
-66.1893
-66.2002
-66.1939
-66.2418
-66.1086
-66.3113
-66.1945
-66.2737
-66.3
-65.9768
-66.0726
-66.1657
-66.4037
-66.3654
-66.3107
-66.2201
-66.1643
-66.1292
-66.1458
-66.0423
-66.2202
-66.0515
-66.2136
-66.2403
-66.1519
-66.2687
-65.9945
-66.2284
-66.0294
-66.1146
-66.177
-66.2952
-66.0967
-66.0361
-66.2908
-66.2479
-66.3531
-66.1814
-65.9801
-66.0886
-66.1306
-66.1894
-66.2624
-66.291
-66.0713
-66.2891
-66.4118
-66.2775
-66.2925
-65.9443
-66.435
-66.4384
-66.3533
-66.1594
-66.2922
-66.358
-66.2478
-66.1053
-65.9049
-66.2213
-66.1487
-66.3594
-66.1481
-66.3133
-66.1916
-66.141
-66.1626
-66.2873
-66.2785
-66.1483
-66.0788
-66.4896
-66.1468
-66.2678
-66.0149
-66.2808
-66.278
-66.2911
-66.4039
-66.1968
-66.2822
-66.0997
-66.1941
-66.3397
-66.2499
-66.1877
-66.0661
-66.2579
-66.1657
-66.1488
-66.4036
-66.3501
-66.0564
-66.317
-65.9482
-66.3153
-66.2294
-66.3421
-66.271
-66.1171
-66.1771
-66.2935
-66.1563
-66.1842
-66.0268
-66.4582
-66.2472
-66.2836
-66.3214
-66.277
-66.0118
-66.2964
-66.2958
-66.0387
-66.2052
-66.1577
-66.082
-66.3165
-66.1604
-66.0567
-66.2349
-66.4498
-66.182
-66.1249
-66.1178
-66.2926
-66.4087
-66.1729
-66.4779
-66.1304
-66.0852
-66.1557
-66.1086
-66.1963
-66.3737
-66.3779
-66.2099
-66.0322
-66.2253
-66.0381
-66.2281
-66.1887
-66.1988
-66.1327
-66.2284
-66.2239
-66.2212
-66.2488
-66.1075
-66.32
-66.3035
-66.3702
-66.2492
-66.0894
-66.236
-66.0878
-66.3053
-66.203
-66.365
-66.3968
-66.3817
-66.1817
-66.2543
-66.3669
-66.3628
-66.179
-66.2382
-66.2835
-66.3401
-66.1837
-66.1265
-66.501
-66.3736
-66.1944
-66.2436
-66.1329
-66.436
-66.327
-66.1565
-66.1933
-66.3546
-66.2237
-66.1989
-66.0303
-66.3118
-66.3156
-65.9998
-66.346
-66.3672
-66.2466
-66.3571
-66.3008
-66.3764
-66.2534
-66.2019
-66.4398
-66.3461
-66.0235
-66.2484
-66.0181
-66.262
-66.3347
-66.3679
-66.2829
-66.3072
-66.3752
-66.3217
-66.2355
-66.2435
-66.3681
-66.2755
-66.3071
-66.4395
-66.2936
-66.4182
-66.2663
-66.2133
-66.2875
-66.1215
-66.1662
-66.3439
-66.305
-66.204
-66.3793
-66.1493
-66.3001
-66.3122
-66.4573
-66.4053
-66.1404
-66.1685
-66.281
-66.3351
-66.1275
-66.4206
-66.2954
-66.1317
-66.4439
-66.484
-66.084
-66.3431
-66.3918
-66.1947
-66.3873
-66.2667
-65.958
-66.2607
-66.0604
-66.2123
-66.1562
-66.1679
-66.1761
-65.9082
-66.3088
-66.3649
-66.1415
-66.3765
-66.0848
-66.1428
-66.1539
-66.3784
-66.3525
-66.3778
-66.4147
-66.4232
-66.4518
-66.0463
-66.3422
-66.2665
-66.4385
-66.3355
-66.2759
-66.1679
-66.4179
-66.4367
-66.1188
-66.0703
-66.3352
-66.3878
-66.2393
-66.4454
-66.2243
-66.0425
-66.5237
-66.2736
-66.3175
-66.3261
-66.2858
-66.5142
-66.0435
-66.0337
-66.5311
-66.177
-66.3399
-66.4096
-66.4913
-66.5434
-66.2481
-66.203
-66.3283
-66.1131
-66.1727
-66.2244
-66.4389
-66.4335
-66.2969
-66.4447
-66.1449
-66.3146
-66.2709
-66.5017
-66.3019
-66.3839
-66.5889
-66.3348
-66.2764
-66.4292
-66.3801
-66.346
-66.3245
-66.187
-66.3421
-66.5328
-66.4011
-66.2873
-66.2548
-66.2202
-66.2267
-66.0668
-66.3683
-66.5694
-66.3689
-66.6007
-66.3246
-66.2571
-66.2271
-66.2975
-66.3419
-66.2496
-66.3142
-66.4603
-66.2461
-66.4876
-66.0712
-66.3283
-66.3054
-66.4327
-66.3142
-66.3513
-66.167
-66.2899
-66.3986
-66.3449
-66.2035
-66.2294
-66.444
-66.1499
-66.2937
-66.2235
-66.3061
-66.3259
-66.2563
-66.5408
-66.5663
-66.5182
-66.1295
-66.463
-66.3339
-66.2572
-66.3829
-66.3153
-66.1617
-66.3963
-66.2524
-66.4637
-66.4544
-66.4238
-66.6427
-66.5037
-66.3358
-66.3671
-66.4315
-66.4052
-66.6363
-66.4016
-66.3593
-66.2986
-66.3586
-66.209
-66.4221
-66.3712
-66.2021
-66.3629
-66.4096
-66.3651
-66.3449
-66.642
-66.2662
-66.4326
-66.3221
-66.312
-66.3648
-66.492
-66.4683
-66.196
-66.4751
-66.5209
-66.4242
-66.3735
-66.4682
-66.2231
-66.2819
-66.2313
-66.6307
-66.2875
-66.4742
-66.3578
-66.5354
-66.3468
-66.3867
-66.3012
-66.2998
-66.401
-66.2339
-66.3542
-66.3619
-66.3251
-66.1974
-66.4829
-66.4226
-66.5242
-66.3484
-66.4508
-66.206
-66.4319
-66.2872
-66.3947
-66.2992
-66.4713
-66.4982
-66.3594
-66.2742
-66.3823
-66.4121
-66.3942
-66.3791
-66.2961
-66.1684
-66.5662
-66.4795
-66.2661
-66.4987
-66.2244
-66.2183
-66.4493
-66.2017
-66.2762
-66.4565
-66.4219
-66.3103
-66.5764
-66.4215
-66.4644
-66.5592
-66.4009
-66.4146
-66.446
-66.5339
-66.4283
-66.2813
-66.3964
-66.5477
-66.3652
-66.5099
-66.3246
-66.3666
-66.4942
-66.5139
-66.4757
-66.6414
-66.2528
-66.4092
-66.5199
-66.4182
-66.3281
-66.3493
-66.2558
-66.5254
-66.3147
-66.4157
-66.3721
-66.1532
-66.1491
-66.2117
-66.489
-66.5059
-66.3065
-66.2062
-66.4039
-66.4991
-66.5093
-66.3282
-66.6369
-66.5373
-66.3747
-66.5179
-66.3689
-66.2725
-66.7017
-66.3709
-66.2909
-66.4357
-66.4968
-66.5645
-66.4698
-66.3081
-66.4581
-66.5475
-66.5109
-66.5154
-66.5377
-66.4331
-66.3334
-66.4593
-66.3972
-66.5346
-66.5178
-66.5707
-66.2587
-66.4684
-66.2016
-66.3943
-66.526
-66.4104
-66.5397
-66.4583
-66.3723
-66.3659
-66.453
-66.6967
-66.3968
-66.5393
-66.2844
-66.3089
-66.5092
-66.3584
-66.6901
-66.3173
-66.4469
-66.5692
-66.2301
-66.2907
-66.4345
-66.4815
-66.5651
-66.5657
-66.2229
-66.4733
-66.467
-66.3581
-66.5254
-66.209
-66.3019
-66.5248
-66.5966
-66.4521
-66.3175
-66.5992
-66.4507
-66.5388
-66.3305
-66.2977
-66.4301
-66.4642
-66.516
-66.3887
-66.386
-66.6489
-66.4235
-66.5038
-66.5143
-66.3131
-66.3954
-66.5075
-66.3218
-66.3532
-66.3736
-66.361
-66.6125
-66.4866
-66.5681
-66.5463
-66.8195
-66.5258
-66.4108
-66.4537
-66.5596
-66.7825
-66.7353
-66.5808
-66.5904
-66.528
-66.4863
-66.3245
-66.5607
-66.3162
-66.3633
-66.4007
-66.6374
-66.342
-66.5852
-66.2777
-66.4224
-66.3455
-66.5741
-66.6597
-66.3778
-66.5078
-66.3711
-66.6784
-66.5872
-66.4322
-66.6568
-66.3111
-66.3989
-66.6052
-66.7049
-66.3596
-66.4947
-66.278
-66.4877
-66.4663
-66.3466
-66.3104
-66.2935
-66.3688
-66.4771
-66.4054
-66.2537
-66.4033
-66.3849
-66.5498
-66.6613
-66.5058
-66.5123
-66.4129
-66.4046
-66.5978
-66.4912
-66.3963
-66.6275
-66.4655
-66.5639
-66.6864
-66.2748
-66.8651
-66.7166
-66.5973
-66.5997
-66.4772
-66.5901
-66.5021
-66.5721
-66.3751
-66.5043
-66.6867
-66.398
-66.2968
-66.598
-66.5329
-66.5651
-66.5401
-66.39
-66.5558
-66.5201
-66.4265
-66.5066
-66.4113
-66.472
-66.6516
-66.4147
-66.3829
-66.4656
-66.6137
-66.4095
-66.6787
-66.5135
-66.472
-66.4962
-66.7349
-66.4715
-66.6927
-66.7002
-66.4784
-66.4541
-66.4697
-66.6534
-66.5098
-66.5122
-66.5192
-66.6104
-66.5263
-66.5921
-66.6208
-66.6887
-66.6314
-66.4308
-66.4457
-66.546
-66.4811
-66.3754
-66.5495
-66.4676
-66.568
-66.4721
-66.6593
-66.4115
-66.4911
-66.4775
-66.5525
-66.5005
-66.4684
-66.3719
-66.6001
-66.6585
-66.5776
-66.6253
-66.6333
-66.7765
-66.8219
-66.488
-66.5807
-66.4844
-66.5223
-66.5281
-66.5048
-66.4084
-66.453
-66.4878
-66.5169
-66.3693
-66.5554
-66.6271
-66.7183
-66.6783
-66.7255
-66.6196
-66.5789
-66.6672
-66.68
-66.5967
-66.3815
-66.7277
-66.8254
-66.3486
-66.6524
-66.6464
-66.6217
-66.5291
-66.5209
-66.4831
-66.6056
-66.6684
-66.5276
-66.5902
-66.6851
-66.5549
-66.707
-66.6796
-66.7068
-66.4007
-66.641
-66.7706
-66.6389
-66.4702
-66.695
-66.4647
-66.613
-66.4408
-66.4242
-66.5405
-66.5341
-66.3991
-66.527
-66.7936
-66.6941
-66.433
-66.6334
-66.8112
-66.6341
-66.4993
-66.616
-66.6193
-66.6764
-66.7346
-66.6089
-66.4593
-66.7089
-66.3771
-66.6404
-66.49
-66.5735
-66.4182
-66.7273
-66.6379
-66.3815
-66.7887
-66.7655
-66.912
-66.5245
-66.5526
-66.6228
-66.7623
-66.5639
-66.905
-66.7596
-66.6667
-66.5317
-66.8158
-66.6144
-66.6445
-66.5289
-66.7889
-66.6193
-66.5381
-66.8035
-66.6365
-66.7681
-66.5085
-66.6627
-66.6927
-66.7424
-66.5826
-66.5532
-66.536
-66.794
-66.6301
-66.7036
-66.8048
-66.6626
-66.8826
-66.7844
-66.6089
-67.0389
-66.7789
-66.7408
-66.6369
-66.5471
-66.6299
-66.6115
-66.6275
-66.6059
-66.73
-66.6857
-66.5048
-66.5908
-66.4256
-66.5743
-66.6451
-66.709
-66.6146
-66.5362
-66.4665
-66.5397
-66.8272
-66.7217
-66.8701
-66.6983
-66.4729
-66.6785
-66.7835
-66.7017
-66.8715
-66.5923
-66.5701
-66.8288
-66.5972
-66.6451
-66.7398
-66.7366
-66.7772
-66.6247
-66.5488
-66.8008
-66.6954
-66.5183
-66.8963
-66.6741
-66.5268
-66.5783
-66.7913
-66.5558
-66.5053
-66.7485
-66.733
-66.9435
-66.5577
-66.8969
-66.779
-66.5586
-66.5774
-66.5841
-66.8681
-66.6235
-66.9503
-66.7052
-66.6368
-66.6875
-66.4997
-66.8134
-66.4735
-66.6155
-66.6225
-66.9012
-66.6147
-66.5047
-66.7387
-66.6342
-67.0119
-66.7253
-66.8608
-66.7055
-67.0279
-66.8003
-66.8599
-66.8896
-66.7371
-66.5073
-66.6662
-66.7222
-66.6225
-66.6837
-66.6963
-66.7109
-66.5431
-66.813
-66.6382
-66.8208
-66.862
-66.586
-66.7687
-66.7261
-66.6924
-66.8184
-66.698
-66.6928
-66.7242
-66.9665
-66.7107
-66.7936
-66.6154
-66.644
-66.5558
-66.8478
-66.8638
-66.7065
-66.5341
-66.7089
-66.8231
-66.6308
-66.7613
-66.6858
-66.7888
-66.4197
-66.8559
-66.649
-67.0525
-66.7979
-66.7278
-66.504
-66.4761
-66.847
-66.7543
-66.7578
-66.8286
-66.6852
-66.8086
-66.7156
-66.5678
-66.8188
-66.6635
-66.7894
-66.7132
-66.7133
-66.8618
-66.8124
-66.7994
-66.9497
-66.8409
-66.6375
-66.8106
-66.8213
-66.8106
-66.7559
-66.7271
-67.0625
-66.7807
-66.7011
-66.5838
-66.8672
-66.838
-66.851
-66.7621
-66.6831
-66.8327
-66.7476
-66.7577
-66.828
-66.4507
-66.8487
-66.623
-66.8878
-66.7814
-66.8028
-66.8503
-66.8069
-66.5661
-66.9591
-66.713
-66.7253
-66.8648
-66.6959
-66.9471
-66.6757
-66.7011
-66.6783
-66.8012
-66.9195
-66.7354
-66.8684
-66.737
-66.9283
-66.602
-66.6717
-66.79
-66.7958
-66.8564
-66.7023
-66.7822
-66.9226
-66.7708
-66.73
-67.0588
-66.9145
-66.7965
-66.9903
-66.8291
-66.8334
-66.8548
-67.268
-66.8871
-66.865
-66.7385
-66.5848
-66.6473
-66.8036
-66.6564
-66.6601
-66.7886
-66.888
-66.8671
-66.6537
-66.926
-66.6249
-66.8645
-66.7483
-66.6063
-66.664
-66.7126
-66.917
-66.8885
-66.6574
-66.8224
-66.6556
-66.8867
-66.8514
-66.8231
-66.8266
-66.4754
-66.888
-66.7298
-66.9272
-66.9364
-67.0658
-66.7733
-67.0752
-66.8784
-66.8296
-66.8412
-66.8488
-66.8338
-67.0307
-67.0333
-67.0039
-66.8194
-67.1356
-67.0442
-66.8128
-66.771
-67.0733
-66.9917
-66.7793
-66.9075
-66.7252
-66.9554
-66.9593
-66.9766
-66.9006
-66.7744
-66.9499
-66.7908
-66.9524
-66.7731
-66.8736
-67.061
-66.9248
-66.9266
-66.8899
-66.9013
-66.8344
-66.8512
-66.9181
-66.8919
-66.8513
-67.0017
-67.0007
-67.0214
-66.9393
-67.0595
-66.89
-67.0192
-66.9142
-66.8882
-66.9286
-66.9142
-66.9255
-67.1786
-66.8393
-66.8127
-66.6261
-66.8295
-66.7272
-66.8566
-66.734
-66.8697
-66.7631
-66.646
-67.0855
-67.2048
-66.5619
-66.8148
-66.9407
-67.0119
-66.7654
-67.1147
-66.796
-66.8443
-66.7482
-66.9677
-67.1126
-66.8539
-66.7175
-66.8939
-66.8045
-66.7005
-66.8947
-67.029
-66.824
-66.936
-66.8125
-66.9975
-66.906
-67.0192
-66.9614
-67.1405
-67.083
-66.9574
-66.9029
-66.82
-67.0151
-67.0661
-66.8645
-66.8482
-66.909
-66.6322
-66.8076
-66.901
-66.8139
-66.7671
-66.8132
-67.0159
-66.7692
-67.0909
-66.9698
-66.9706
-67.0911
-67.0931
-67.0655
-66.9965
-66.8259
-67.0397
-66.8585
-66.7639
-67.0027
-67.0355
-66.9179
-66.9689
-66.8269
-66.932
-67.0067
-66.9118
-66.8653
-66.8613
-66.7235
-66.9113
-66.9826
-66.9082
-67.1425
-66.9557
-66.9663
-67.1284
-66.9857
-66.9458
-66.8477
-67.1623
-67.1025
-67.0782
-67.0081
-67.1348
-66.9233
-67.0142
-66.8776
-66.9584
-67.0066
-67.1312
-67.1152
-66.9523
-66.9684
-66.9894
-66.983
-67.0855
-67.0755
-66.9371
-66.9944
-66.856
-67.0423
-66.8928
-66.7318
-66.9917
-66.9499
-66.8829
-66.8542
-66.9897
-66.9916
-66.8651
-67.0665
-67.0058
-66.9843
-67.0455
-67.087
-66.9148
-66.951
-67.1321
-66.8612
-67.0783
-66.9852
-66.9786
-66.9369
-66.7824
-66.6645
-67.0635
-67.1818
-66.9823
-67.0511
-66.9273
-67.1306
-66.867
-66.8922
-66.9269
-67.2905
-67.1988
-66.9984
-67.042
-66.8291
-67.0767
-66.9266
-67.0538
-66.9762
-67.1517
-67.0653
-66.9322
-67.0304
-67.1097
-66.9358
-66.9071
-67.1009
-66.7258
-66.9339
-67.1401
-67.0683
-66.8179
-66.9567
-66.9534
-66.9891
-67.0428
-67.2707
-66.9673
-67.0077
-67.0115
-67.1664
-67.1007
-67.2257
-66.8614
-67.0613
-67.0949
-67.1726
-67.0968
-67.1906
-67.3433
-67.2135
-67.0083
-67.1415
-67.1109
-67.0906
-66.9353
-66.7777
-67.3182
-67.0455
-66.8759
-67.1158
-67.004
-67.0343
-67.2384
-67.0758
-67.2695
-66.9977
-67.1322
-67.1652
-66.8772
-67.1555
-66.7861
-67.0753
-66.9047
-67.0291
-67.1142
-67.2769
-67.0771
-67.1287
-67.0809
-67.1163
-66.8817
-67.0088
-66.9699
-67.0362
-67.1326
-67.1146
-67.0966
-66.9059
-67.0587
-67.0901
-67.2735
-66.8273
-67.3033
-67.0648
-67.1451
-66.9654
-67.0847
-66.8456
-67.0637
-67.1728
-67.1834
-67.1064
-67.2065
-67.1333
-67.1597
-66.9871
-67.2834
-66.9386
-67.1613
-67.0943
-67.1335
-67.1226
-67.1394
-67.0837
-66.9029
-67.2495
-66.956
-67.154
-67.0044
-67.4038
-67.0801
-67.1428
-67.0202
-67.1781
-66.9954
-67.0722
-67.1943
-67.2686
-67.141
-67.1282
-67.145
-67.2346
-67.1111
-67.2071
-67.2218
-66.8198
-66.97
-67.2954
-67.0516
-67.0533
-66.952
-67.2326
-67.2515
-67.2305
-67.1471
-67.1969
-67.1096
-67.1455
-67.3808
-67.0791
-67.196
-67.1343
-67.2251
-67.2287
-66.996
-67.0725
-66.9255
-67.1478
-67.2351
-67.1701
-67.1433
-67.1738
-67.3349
-67.2277
-67.2692
-67.0017
-67.2728
-67.2731
-67.0599
-66.9126
-67.0893
-66.8969
-67.0408
-67.2221
-67.1461
-66.9976
-66.8394
-67.3466
-66.999
-67.0911
-67.1216
-67.1321
-67.1003
-67.2988
-67.1794
-66.9821
-67.0463
-67.1415
-67.0116
-67.0832
-67.1183
-67.2975
-67.0389
-67.1967
-67.2293
-67.1904
-67.3242
-67.0439
-67.1878
-67.3881
-67.0621
-67.3045
-67.1974
-66.9687
-67.1552
-67.1472
-67.3492
-67.2333
-67.1648
-67.2379
-67.1064
-67.0396
-67.0758
-67.1365
-67.268
-67.2054
-67.1304
-67.1712
-67.0105
-67.096
-67.0937
-67.2777
-67.3008
-67.2399
-67.4438
-67.3146
-67.2547
-67.3064
-67.142
-67.2146
-67.4686
-67.2237
-67.0177
-67.1256
-67.1875
-67.1192
-67.1655
-67.1509
-67.4035
-66.8948
-67.1064
-67.2124
-67.0197
-67.1702
-67.1363
-67.0482
-67.3721
-67.2208
-67.159
-67.0571
-67.2274
-67.2033
-67.0584
-67.4626
-67.1056
-67.3132
-67.503
-67.2197
-67.4748
-67.2963
-67.0865
-67.1599
-67.2066
-67.2602
-67.1345
-67.3397
-67.0885
-67.2124
-67.2304
-67.3213
-67.0659
-67.2984
-67.3772
-67.2109
-67.1066
-67.3083
-67.2002
-66.897
-67.2704
-67.3175
-67.2227
-67.2598
-67.2791
-67.3671
-67.265
-67.4412
-67.1446
-67.4642
-67.0316
-67.347
-67.0816
-67.4237
-67.2799
-67.1724
-67.2311
-67.3247
-67.1567
-67.2931
-67.2417
-67.2356
-67.2393
-66.9762
-67.277
-67.2464
-67.1065
-67.1887
-67.3593
-67.038
-67.1618
-67.0938
-67.4626
-67.0694
-67.2861
-67.3429
-67.111
-67.2896
-67.3031
-67.3621
-67.2706
-67.2773
-67.0575
-67.3117
-67.3241
-67.0371
-67.2743
-67.0903
-67.2433
-67.3495
-67.4058
-67.2135
-66.9487
-67.2595
-67.1577
-67.1324
-67.2801
-67.2163
-67.3985
-67.2789
-67.2456
-67.3459
-67.4123
-67.3291
-67.4851
-67.1475
-67.031
-67.3769
-67.3172
-67.3913
-67.3207
-67.0154
-67.2517
-67.3591
-67.356
-67.2646
-67.3505
-67.3144
-67.3827
-67.2346
-67.2965
-67.2968
-67.212
-67.322
-67.4111
-67.4112
-67.3981
-67.3358
-67.3742
-67.4143
-67.2766
-67.24
-67.5291
-67.3929
-67.4229
-67.0062
-67.2756
-67.2703
-67.3755
-67.2277
-67.2409
-67.2344
-67.2111
-67.3116
-67.3331
-67.4489
-67.3777
-67.2466
-67.1824
-67.3821
-67.0929
-67.265
-67.2866
-67.3778
-67.3555
-67.5186
-67.452
-67.4302
-67.3648
-67.6349
-67.2441
-67.3135
-67.5643
-67.1699
-67.1365
-67.5382
-67.2174
-67.3715
-67.0812
-67.4214
-67.1876
-67.1903
-67.1158
-67.3753
-67.326
-67.1084
-67.1545
-67.2183
-67.2868
-67.3502
-67.4601
-67.4559
-67.0826
-67.3909
-67.407
-67.3926
-67.4229
-67.3421
-67.2672
-67.14
-67.3737
-67.3995
-67.2057
-67.2079
-67.407
-67.4002
-67.4093
-67.1769
-67.3277
-67.4175
-67.1791
-67.2568
-67.151
-67.1764
-67.4859
-67.2886
-67.2466
-67.3708
-67.186
-67.1882
-67.1856
-67.2524
-67.3386
-67.0813
-67.2411
-67.4674
-67.3234
-67.318
-67.1396
-67.4182
-67.264
-67.2523
-67.2327
-67.3414
-67.3801
-67.2639
-67.4439
-67.5415
-67.4368
-67.3418
-67.3619
-67.3503
-67.4855
-67.4531
-67.2007
-67.2935
-67.589
-67.3862
-67.1452
-67.2544
-67.1961
-67.4673
-67.2718
-67.4058
-67.2995
-67.2729
-67.3113
-67.4041
-67.2035
-67.147
-67.0052
-67.256
-67.4137
-67.5199
-67.3974
-67.3483
-67.2655
-67.2919
-67.2066
-67.3926
-67.2405
-67.2841
-67.5634
-67.3322
-67.5156
-67.3238
-67.551
-67.2367
-67.6543
-67.3305
-67.1395
-67.2819
-67.2703
-67.4725
-67.239
-67.3998
-67.2265
-67.3106
-67.5377
-67.3854
-67.3414
-67.4012
-67.4979
-67.3173
-67.7674
-67.4946
-67.3537
-67.2052
-67.4896
-67.4899
-67.4441
-67.277
-67.4405
-67.5178
-67.4363
-67.2284
-67.4785
-67.2717
-67.3268
-67.4994
-67.4066
-67.4228
-67.4096
-67.3221
-67.3794
-67.3904
-67.2676
-67.4054
-67.4225
-67.2629
-67.5732
-67.3448
-67.2857
-67.5017
-67.2503
-67.3316
-67.1716
-67.6089
-67.6707
-67.3491
-67.3089
-67.4322
-67.2769
-67.5589
-67.2835
-67.4136
-67.4336
-67.5038
-67.6161
-67.6078
-67.5902
-67.6974
-67.5242
-67.2956
-67.6045
-67.3801
-67.4446
-67.479
-67.3769
-67.3252
-67.4591
-67.6336
-67.4312
-67.4006
-67.5659
-67.2541
-67.4611
-67.2835
-67.3169
-67.4919
-67.7306
-67.4435
-67.5228
-67.4169
-67.4532
-67.3651
-67.4306
-67.2235
-67.46
-67.2634
-67.3734
-67.4757
-67.5397
-67.4
-67.2894
-67.3707
-67.0861
-67.4998
-67.3432
-67.2416
-67.2888
-67.5016
-67.3578
-67.3975
-67.4133
-67.5116
-67.5787
-67.4769
-67.5528
-67.4759
-67.4948
-67.5075
-67.2313
-67.4122
-67.5017
-67.4925
-67.3513
-67.3563
-67.255
-67.6309
-67.3254
-67.1486
-67.4799
-67.4665
-67.7187
-67.3435
-67.4008
-67.5256
-67.4277
-67.5685
-67.3297
-67.6058
-67.5215
-67.4404
-67.21
-67.4338
-67.3228
-67.4258
-67.1994
-67.5873
-67.5456
-67.4373
-67.4254
-67.4292
-67.1889
-67.4818
-67.683
-67.3769
-67.5001
-67.5033
-67.5424
-67.2861
-67.5924
-67.3809
-67.5656
-67.3543
-67.2526
-67.4826
-67.3162
-67.582
-67.2408
-67.41
-67.4402
-67.4714
-67.4584
-67.3277
-67.5228
-67.4592
-67.622
-67.4594
-67.6651
-67.2395
-67.6504
-67.4278
-67.5234
-67.4708
-67.4684
-67.5182
-67.5023
-67.4555
-67.3806
-67.722
-67.5546
-67.2876
-67.5186
-67.6375
-67.3997
-67.365
-67.3947
-67.581
-67.3643
-67.4509
-67.3791
-67.683
-67.4738
-67.4818
-67.5252
-67.49
-67.7187
-67.5662
-67.668
-67.4857
-67.6266
-67.4253
-67.245
-67.4104
-67.2567
-67.2692
-67.3746
-67.3014
-67.7232
-67.386
-67.2934
-67.5678
-67.4175
-67.4346
-67.6252
-67.3082
-67.5301
-67.4449
-67.3875
-67.5256
-67.437
-67.447
-67.4314
-67.3648
-67.3161
-67.4942
-67.5668
-67.6238
-67.544
-67.4066
-67.4859
-67.4267
-67.3994
-67.6201
-67.5181
-67.8695
-67.443
-67.4534
-67.2278
-67.7179
-67.4052
-67.3127
-67.5993
-67.566
-67.4718
-67.5589
-67.301
-67.2844
-67.3846
-67.4381
-67.506
-67.4588
-67.3607
-67.5265
-67.4154
-67.4348
-67.6244
-67.6971
-67.5299
-67.4005
-67.4885
-67.6171
-67.3406
-67.5077
-67.2226
-67.7512
-67.3441
-67.3841
-67.4443
-67.4698
-67.397
-67.2873
-67.5239
-67.5018
-67.4598
-67.5867
-67.3051
-67.6311
-67.4151
-67.6651
-67.6518
-67.4754
-67.5763
-67.5405
-67.4669
-67.2143
-67.582
-67.5036
-67.472
-67.4941
-67.5445
-67.6245
-67.4045
-67.4519
-67.735
-67.5163
-67.5867
-67.7113
-67.3546
-67.6858
-67.271
-67.384
-67.3773
-67.3666
-67.9061
-67.486
-67.4594
-67.4816
-67.407
-67.7462
-67.5283
-67.4444
-67.4204
-67.5223
-67.4042
-67.419
-67.518
-67.3572
-67.4619
-67.4074
-67.3285
-67.1638
-67.4301
-67.4128
-67.624
-67.6631
-67.5642
-67.5181
-67.5985
-67.5298
-67.7657
-67.4771
-67.4522
-67.517
-67.3419
-67.3609
-67.3313
-67.3057
-67.4677
-67.4713
-67.627
-67.4953
-67.4431
-67.5219
-67.5214
-67.4993
-67.516
-67.2735
-67.5319
-67.3099
-67.4991
-67.5901
-67.6337
-67.6339
-67.3857
-67.3875
-67.6267
-67.6294
-67.8528
-67.5077
-67.7151
-67.701
-67.485
-67.6951
-67.5729
-67.5595
-67.4997
-67.6562
-67.5999
-67.7163
-67.2919
-67.3622
-67.5614
-67.6344
-67.4663
-67.5182
-67.5259
-67.6073
-67.4168
-67.6881
-67.6185
-67.4282
-67.4574
-67.7127
-67.431
-67.5256
-67.5683
-67.4644
-67.4508
-67.5827
-67.4086
-67.4581
-67.4888
-67.3714
-67.4027
-67.6489
-67.2343
-67.633
-67.6441
-67.6841
-67.5466
-67.3918
-67.6171
-67.4369
-67.4798
-67.5059
-67.5947
-67.5061
-67.379
-67.6036
-67.4405
-67.725
-67.3966
-67.4931
-67.4811
-67.5528
-67.39
-67.619
-67.6341
-67.5873
-67.4344
-67.708
-67.4353
-67.5589
-67.5209
-67.5086
-67.2616
-67.4832
-67.6545
-67.4311
-67.6004
-67.2071
-67.6259
-67.5543
-67.6449
-67.3799
-67.4443
-67.5733
-67.3619
-67.5434
-67.5415
-67.5761
-67.4826
-67.5828
-67.6026
-67.4957
-67.6105
-67.6082
-67.5097
-67.5121
-67.6072
-67.3247
-67.5799
-67.4316
-67.5366
-67.8348
-67.5252
-67.3877
-67.5974
-67.555
-67.5545
-67.6333
-67.6422
-67.614
-67.501
-67.4431
-67.4997
-67.1907
-67.3569
-67.279
-67.573
-67.4483
-67.2809
-67.4925
-67.358
-67.6295
-67.5684
-67.4168
-67.6496
-67.3315
-67.3073
-67.4905
-67.5593
-67.7485
-67.4561
-67.884
-67.462
-67.5032
-67.598
-67.5295
-67.621
-67.3972
-67.7017
-67.6608
-67.5996
-67.5683
-67.2182
-67.7344
-67.4686
-67.6686
-67.4849
-67.401
-67.54
-67.426
-67.502
-67.2667
-67.6408
-67.7176
-67.6293
-67.6077
-67.3847
-67.3294
-67.5294
-67.8166
-67.7258
-67.3197
-67.6199
-67.5006
-67.7072
-67.2442
-67.5585
-67.4625
-67.4246
-67.3907
-67.2591
-67.4859
-67.4038
-67.6345
-67.6008
-67.3197
-67.8572
-67.4571
-67.737
-67.6604
-67.4689
-67.5512
-67.4768
-67.4831
-67.3855
-67.6596
-67.6589
-67.6122
-67.5485
-67.5627
-67.6278
-67.5085
-67.4812
-67.4251
-67.5417
-67.5489
-67.7177
-67.621
-67.6777
-67.4217
-67.726
-67.3575
-67.5159
-67.8073
-67.6239
-67.6167
-67.5329
-67.5204
-67.3822
-67.5346
-67.6032
-67.4763
-67.294
-67.4765
-67.6219
-67.655
-67.4909
-67.5488
-67.6343
-67.6193
-67.2811
-67.2513
-67.4766
-67.6968
-67.6765
-67.6015
-67.6568
-67.4044
-67.5006
-67.5339
-67.4585
-67.395
-67.3408
-67.5563
-67.5527
-67.5636
-67.6289
-67.4459
-67.4735
-67.6742
-67.5405
-67.4579
-67.4163
-67.3903
-67.4724
-67.5744
-67.4448
-67.5777
-67.5076
-67.4327
-67.516
-67.7271
-67.6163
-67.301
-67.5737
-67.6792
-67.3816
-67.3833
-67.4884
-67.4598
-67.3569
-67.3773
-67.4558
-67.7577
-67.4685
-67.6932
-67.6275
-67.4157
-67.5968
-67.6516
-67.7154
-67.628
-67.5905
-67.4709
-67.2644
-67.5497
-67.6228
-67.7076
-67.6788
-67.3908
-67.439
-67.4253
