# Timestamp: 2026-08-23 17:04:19.525055
# Start Freq: 1420355750
# End Freq: 1420455750
# Bin Count: 16384
# Max Power: -49.2064, Avg Power: -66.3097961364746
-67.4313
-67.665
-67.3912
-67.6005
-67.5286
-67.6401
-67.2803
-67.4775
-67.4534
-67.4345
-67.652
-67.4237
-67.6103
-67.504
-67.8001
-67.3924
-67.5848
-67.521
-67.3509
-67.3952
-67.4287
-67.4293
-67.4005
-67.4351
-67.5061
-67.5225
-67.209
-67.5624
-67.521
-67.6679
-67.3756
-67.5188
-67.537
-67.5962
-67.372
-67.5445
-67.451
-67.4071
-67.4527
-67.315
-67.528
-67.4801
-67.6213
-67.7264
-67.3947
-67.4866
-67.2851
-67.5934
-67.7576
-67.4685
-67.5794
-67.4729
-67.5512
-67.7519
-67.7313
-67.4181
-67.7796
-67.1391
-67.2697
-67.3503
-67.3618
-67.4968
-67.7166
-67.5098
-67.6387
-67.539
-67.5432
-67.7001
-67.4492
-67.4494
-67.5479
-67.5319
-67.4402
-67.4361
-67.511
-67.5233
-67.2961
-67.697
-67.5176
-67.4111
-67.7843
-67.4316
-67.4493
-67.185
-67.2367
-67.7374
-67.6694
-67.6689
-67.4682
-67.8236
-67.4219
-67.6229
-67.5265
-67.5075
-67.3777
-67.4224
-67.285
-67.7164
-67.5663
-67.7925
-67.5393
-67.2911
-67.3273
-67.5296
-67.3749
-67.4109
-67.6763
-67.2773
-67.6109
-67.5284
-67.6791
-67.4363
-67.8305
-67.4762
-67.7679
-67.7022
-67.621
-67.4566
-67.4617
-67.5669
-67.3562
-67.3952
-67.4254
-67.5565
-67.5278
-67.5203
-67.5719
-67.3303
-67.496
-67.3383
-67.5348
-67.5877
-67.6011
-67.5044
-67.4144
-67.4643
-67.4023
-67.3887
-67.6596
-67.3566
-67.6214
-67.5996
-67.5701
-67.4585
-67.2574
-67.5952
-67.4997
-67.5177
-67.4673
-67.4153
-67.4644
-67.6723
-67.5342
-67.4544
-67.4186
-67.513
-67.3352
-67.5971
-67.5604
-67.6396
-67.4278
-67.6303
-67.5896
-67.4067
-67.5869
-67.5653
-67.36
-67.5562
-67.5603
-67.6786
-67.3427
-67.4287
-67.3674
-67.3625
-67.6055
-67.4586
-67.5107
-67.474
-67.3738
-67.3489
-67.5433
-67.2983
-67.6574
-67.4377
-67.4363
-67.5337
-67.5249
-67.4574
-67.3284
-67.6598
-67.5354
-67.5791
-67.5718
-67.5492
-67.1972
-67.431
-67.4305
-67.5587
-67.5369
-67.5095
-67.4886
-67.5924
-67.3375
-67.681
-67.5453
-67.4889
-67.2348
-67.5859
-67.2884
-67.4676
-67.6855
-67.2822
-67.5076
-67.4902
-67.4515
-67.4567
-67.4435
-67.3345
-67.4365
-67.3777
-67.3229
-67.4372
-67.4377
-67.4265
-67.4537
-67.8463
-67.4597
-67.4257
-67.5869
-67.7466
-67.5666
-67.468
-67.5918
-67.3733
-67.4182
-67.5706
-67.4058
-67.8678
-67.471
-67.3846
-67.5295
-67.3783
-67.4398
-67.3865
-67.3567
-67.6446
-67.4606
-67.2711
-67.4358
-67.2863
-67.3805
-67.362
-67.4195
-67.3865
-67.4651
-67.1896
-67.3593
-67.4091
-67.4267
-67.335
-67.4621
-67.6524
-67.5169
-67.4522
-67.3639
-67.5711
-67.3528
-67.4387
-67.3629
-67.5344
-67.6825
-67.481
-67.7633
-67.4703
-67.4515
-67.134
-67.5642
-67.3597
-67.2614
-67.2465
-67.4491
-67.2302
-67.4108
-67.3029
-67.577
-67.4067
-67.5009
-67.5011
-67.3911
-67.3987
-67.2875
-67.4252
-67.3492
-67.4541
-67.3911
-67.8124
-67.8039
-67.6143
-67.369
-67.4496
-67.3422
-67.3438
-67.3537
-67.4917
-67.362
-67.1231
-67.4145
-67.3913
-67.5187
-67.5103
-67.5486
-67.4744
-67.4715
-67.3999
-67.6885
-67.7101
-67.5264
-67.4919
-67.2808
-67.5406
-67.3688
-67.3798
-67.3671
-67.2691
-67.6593
-67.4431
-67.4593
-67.3261
-67.6657
-67.4348
-67.5536
-67.5441
-67.4162
-67.357
-67.5574
-67.4786
-67.6771
-67.4678
-67.2897
-67.3005
-67.517
-67.4289
-67.2616
-67.3058
-67.4102
-67.522
-67.3599
-67.5016
-67.4683
-67.6421
-67.2276
-67.6006
-67.3694
-67.5606
-67.5409
-67.4326
-67.4604
-67.4155
-67.2877
-67.3494
-67.7264
-67.2528
-67.3164
-67.3568
-67.293
-67.3647
-67.4104
-67.3665
-67.2786
-67.3836
-67.5659
-67.3775
-67.3015
-67.5821
-67.3295
-67.5829
-67.3226
-67.4824
-67.4261
-67.2589
-67.4257
-67.3702
-67.2605
-67.4427
-67.4289
-67.3726
-67.3538
-67.283
-67.5205
-67.5197
-67.3792
-67.4729
-67.2428
-67.2966
-67.2703
-67.4999
-67.3102
-67.1845
-67.4892
-67.4427
-67.4576
-67.4291
-67.4479
-67.2727
-67.4914
-67.537
-67.2994
-67.4228
-67.6475
-67.3228
-67.3198
-67.3937
-67.2757
-67.4273
-67.3148
-67.3623
-67.5467
-67.4929
-67.2433
-67.1432
-67.4639
-67.2353
-67.5275
-67.2822
-67.5037
-67.4923
-67.3469
-67.3951
-67.4057
-67.3319
-67.7808
-67.2902
-67.218
-67.6264
-67.5415
-67.5095
-67.5353
-67.4341
-67.5265
-67.3623
-67.2324
-67.3364
-67.3354
-67.305
-67.3694
-67.2499
-67.294
-67.3856
-67.4049
-67.1699
-67.418
-67.3667
-67.4225
-67.4829
-67.3511
-67.3873
-67.4174
-67.667
-67.2849
-67.2236
-67.3349
-67.3717
-67.3304
-67.2794
-67.1189
-67.4303
-67.1713
-67.3351
-67.2521
-67.1389
-67.5628
-67.1556
-67.2562
-67.258
-67.2068
-67.2982
-67.4728
-67.2977
-67.4186
-67.3393
-67.3391
-67.6405
-67.5909
-67.3552
-67.3634
-67.5065
-67.2915
-67.2286
-67.3515
-67.4546
-67.4658
-67.426
-67.3859
-67.3009
-67.2495
-67.3817
-67.2607
-67.2277
-67.2248
-67.481
-67.3006
-67.4684
-67.4211
-67.2083
-67.2235
-67.3665
-67.499
-67.345
-67.2157
-67.1796
-67.3904
-67.3344
-67.4551
-67.494
-67.1993
-67.3158
-67.2063
-67.3547
-67.1762
-67.2414
-67.3921
-67.3308
-67.2165
-67.403
-67.3952
-67.3751
-67.3206
-67.2579
-67.4188
-67.2188
-67.4946
-67.2684
-67.4384
-67.5548
-67.1679
-67.2796
-67.3982
-67.334
-67.2252
-67.5015
-67.5089
-67.3309
-67.1987
-67.089
-67.3063
-67.1398
-67.3705
-67.4329
-67.3662
-67.4268
-67.2461
-67.2004
-67.4212
-67.4651
-67.6937
-67.357
-67.3343
-67.1607
-67.537
-67.4513
-67.3463
-67.624
-67.3701
-67.3554
-67.3398
-67.162
-67.4261
-67.5069
-67.2079
-67.3694
-67.4569
-67.3232
-67.357
-67.3814
-67.3022
-67.471
-67.5898
-67.4292
-67.2361
-67.2203
-67.3147
-67.183
-67.3236
-67.2706
-67.3816
-67.2076
-67.1561
-67.3553
-67.4667
-67.3244
-67.3758
-67.3181
-67.1829
-67.2296
-67.5253
-67.1957
-67.1975
-67.1003
-67.3519
-67.0418
-67.1996
-67.063
-67.1553
-67.4443
-67.1999
-67.2251
-67.1267
-67.3549
-67.6332
-66.995
-67.0675
-67.1622
-67.3328
-67.4058
-67.3475
-67.3551
-67.5146
-67.2758
-67.3425
-67.2065
-67.4179
-67.3114
-67.4044
-67.4153
-67.4414
-67.2662
-67.3103
-67.508
-67.1915
-67.225
-67.2878
-67.221
-67.2478
-67.4176
-67.2509
-67.1891
-67.2849
-67.3
-67.1345
-67.3507
-67.3301
-67.2928
-67.4012
-67.1549
-67.4253
-67.2739
-67.3284
-67.1758
-67.3979
-67.3141
-67.2683
-67.2221
-67.3562
-67.2317
-67.2894
-67.2625
-67.1806
-67.0192
-67.1237
-67.5419
-67.4332
-67.2079
-67.3199
-67.1828
-67.2378
-67.1633
-67.4423
-67.2886
-67.3167
-67.1943
-67.4489
-67.2765
-67.2015
-67.0485
-67.1337
-67.1057
-67.4678
-67.2475
-67.031
-67.3012
-67.4337
-67.387
-67.5412
-67.4083
-67.3431
-67.2567
-67.3315
-67.2003
-67.325
-67.3039
-67.0478
-67.2139
-67.2282
-67.2017
-67.2891
-67.1671
-67.1127
-67.3255
-67.133
-67.0597
-67.2856
-67.0539
-67.1447
-67.1038
-67.2934
-67.0554
-66.9763
-67.2934
-67.2093
-67.3112
-67.1421
-67.2675
-66.9684
-67.1407
-67.381
-67.174
-67.161
-67.1509
-67.3907
-67.2592
-67.3066
-67.2523
-66.9053
-67.1869
-67.2556
-67.0894
-67.1815
-66.8929
-66.9794
-67.1385
-67.3706
-67.1296
-67.425
-67.1545
-67.0413
-67.2166
-67.0896
-67.135
-67.3768
-67.1584
-67.2107
-67.0821
-67.2251
-67.2245
-67.3993
-67.019
-67.1564
-66.987
-67.1983
-67.1719
-67.2161
-67.1837
-67.2495
-67.2393
-67.3018
-67.1909
-67.0222
-67.1569
-67.1259
-66.9918
-67.0768
-67.2091
-67.1536
-67.0275
-67.2582
-67.3577
-67.0925
-67.3884
-67.2729
-66.8711
-67.1862
-67.2634
-67.1378
-67.1375
-67.2914
-67.1776
-67.0499
-67.1316
-67.146
-66.9904
-67.0844
-67.2916
-67.2797
-67.0202
-67.2087
-67.132
-67.1635
-67.2153
-67.0356
-67.0989
-66.963
-67.072
-67.1397
-67.1964
-67.1815
-67.1345
-67.057
-67.0446
-67.1118
-67.3177
-67.0336
-66.9156
-67.1337
-67.249
-67.239
-67.3056
-67.0216
-67.2977
-67.128
-66.9045
-67.0595
-67.0841
-67.0962
-67.1053
-66.9261
-67.2744
-67.1016
-66.9916
-66.998
-67.0531
-66.8895
-67.1999
-66.8949
-66.9201
-67.1126
-67.2
-67.3608
-67.2278
-67.0785
-66.914
-67.3442
-67.0952
-66.9963
-66.9561
-66.8257
-67.0874
-67.1337
-67.0721
-67.3109
-66.9938
-67.3363
-67.0696
-67.1015
-67.2819
-67.0853
-67.1916
-67.0407
-67.1113
-67.1568
-67.1081
-67.0164
-66.7997
-67.1922
-67.0763
-67.1252
-66.9999
-66.9569
-67.0168
-67.0169
-67.3809
-67.0074
-67.1467
-67.2102
-67.0072
-67.2083
-66.9298
-66.8629
-67.0259
-67.0242
-66.9629
-66.99
-67.0414
-66.8424
-67.1356
-66.8489
-67.1578
-67.1125
-66.7917
-67.0083
-66.9766
-67.0063
-66.9439
-66.9813
-66.9818
-66.9311
-67.2462
-66.7961
-67.0086
-66.9711
-66.8994
-67.0173
-67.0876
-67.0342
-67.0558
-67.422
-67.1182
-67.1876
-67.1029
-67.0588
-66.8744
-66.9547
-67.0182
-66.9532
-67.2252
-67.1176
-67.0246
-67.1254
-66.9531
-66.8735
-66.9525
-67.1346
-67.002
-67.0302
-67.18
-67.1477
-66.7914
-66.943
-66.9524
-67.0269
-66.7703
-66.8765
-66.7748
-66.9154
-67.1197
-66.9109
-67.0581
-67.1001
-66.9469
-67.1753
-66.9903
-67.0699
-66.8806
-67.2166
-66.8565
-67.1788
-66.9767
-67.1864
-67.0147
-67.0855
-67.0903
-66.9483
-66.931
-66.9545
-66.9476
-67.0964
-66.6794
-67.0127
-66.9136
-67.1178
-66.9143
-67.1631
-67.2135
-66.6907
-66.8277
-66.8428
-66.9861
-67.0477
-66.9327
-66.9524
-66.9036
-66.9756
-66.8801
-66.7839
-66.7564
-66.8187
-67.1396
-67.0334
-67.0393
-66.9704
-66.8559
-66.9597
-66.9236
-66.9214
-66.7442
-67.0113
-67.1389
-67.2087
-66.8927
-67.0921
-66.9657
-66.9716
-67.1194
-67.0245
-66.6882
-67.0716
-66.9073
-67.0064
-67.022
-66.8752
-66.9878
-66.7801
-67.0315
-67.0047
-66.7984
-67.1342
-66.802
-66.8959
-66.7835
-66.7606
-67.0561
-66.8974
-66.7135
-66.8541
-67.0443
-67.0097
-67.1429
-66.7357
-66.9565
-67.0013
-66.9528
-66.8549
-67.1361
-66.8227
-66.9583
-66.9763
-66.9428
-66.908
-67.0321
-66.7859
-66.9801
-66.7895
-66.9858
-67.0984
-66.8031
-66.5052
-66.6757
-67.0859
-66.9164
-66.7791
-67.0505
-67.074
-66.9544
-66.8212
-67.0002
-66.8587
-66.7992
-66.9427
-66.839
-66.5808
-66.8658
-67.134
-66.8867
-66.8494
-66.9246
-66.8775
-66.6742
-66.7638
-66.9069
-66.9241
-67.0182
-67.0047
-66.9111
-66.9184
-66.7331
-66.9882
-66.9231
-67.0713
-66.781
-66.8655
-66.7431
-66.8886
-66.9327
-67.175
-66.8153
-66.9864
-66.8391
-66.7989
-66.7204
-66.6097
-66.7348
-66.8486
-66.8099
-67.0675
-66.7625
-66.7604
-66.8407
-66.8205
-66.8764
-66.8864
-66.7002
-66.7919
-66.577
-66.7159
-66.9188
-66.6292
-66.8737
-66.9939
-66.6694
-66.7459
-67.0676
-67.0171
-66.8104
-66.7969
-66.7806
-66.7253
-66.8395
-66.9109
-66.9464
-66.8714
-66.8554
-66.8392
-66.7927
-66.601
-66.8316
-66.7228
-66.8929
-66.9482
-66.9574
-66.8768
-66.8539
-66.718
-66.9661
-67.0713
-66.5763
-66.649
-66.9708
-67.0355
-66.8932
-66.8707
-66.8496
-66.8613
-66.8902
-66.6646
-66.7734
-66.9934
-66.7653
-66.9027
-66.8489
-66.7377
-66.6642
-66.6092
-66.9446
-66.8477
-66.8682
-66.6665
-66.9294
-66.8633
-66.7833
-66.6232
-66.8028
-66.7474
-66.663
-66.5349
-66.8729
-66.7647
-66.7548
-66.7589
-66.9384
-66.8145
-67.0087
-66.609
-66.7409
-66.7479
-66.3855
-66.8182
-66.6535
-66.8243
-66.6259
-66.8441
-66.8782
-66.6607
-66.5937
-66.7182
-67.0369
-66.6387
-66.833
-66.5697
-66.5869
-66.7517
-66.8766
-66.6599
-66.5456
-66.9163
-66.8073
-66.7936
-66.7281
-66.7826
-66.6434
-66.5862
-66.5232
-66.6435
-66.8498
-66.5484
-66.7132
-66.6802
-66.7604
-66.6136
-66.7908
-66.7467
-66.6098
-66.8558
-66.6584
-66.7609
-66.6561
-67.0384
-66.8276
-66.6589
-66.6055
-66.5224
-66.7632
-66.5824
-66.7585
-66.7153
-66.908
-66.5426
-66.636
-66.7463
-66.7658
-66.535
-66.8088
-66.5876
-66.8587
-66.5023
-66.6702
-66.6952
-66.6623
-66.7909
-66.6587
-66.683
-66.6825
-66.7533
-66.7413
-66.6437
-66.7276
-66.7529
-66.833
-66.3594
-66.6769
-66.6726
-66.7773
-66.8389
-66.8244
-66.9072
-66.8772
-66.5528
-66.62
-66.9451
-66.7718
-66.7049
-66.4564
-66.6956
-66.8241
-66.7272
-66.6076
-66.7197
-66.5883
-66.7281
-66.787
-66.7457
-66.5838
-66.729
-66.5821
-66.8666
-66.6657
-66.6768
-66.7715
-66.7706
-66.5121
-66.7393
-66.8667
-66.8212
-66.5731
-66.5864
-66.5124
-66.6037
-66.6385
-66.8404
-66.5934
-66.7741
-66.5275
-66.7759
-66.6032
-66.5684
-66.6596
-66.5522
-66.6821
-66.5424
-66.4342
-66.5005
-66.6044
-66.6717
-66.5876
-66.512
-66.7602
-66.6374
-66.4473
-66.4917
-66.674
-66.793
-66.5094
-66.5082
-66.6733
-66.6788
-66.6667
-66.4986
-66.558
-66.6654
-66.6298
-66.8261
-66.606
-66.483
-66.2772
-66.5997
-66.4086
-66.4488
-66.5966
-66.6005
-66.4585
-66.426
-66.4321
-66.244
-66.4559
-66.5435
-66.5916
-66.4684
-66.597
-66.6267
-66.7149
-66.5917
-66.6328
-66.5031
-66.5115
-66.489
-66.6762
-66.7212
-66.435
-66.4847
-66.6467
-66.6485
-66.5189
-66.4716
-66.5799
-66.4619
-66.6668
-66.6839
-66.4101
-66.3913
-66.524
-66.4966
-66.4984
-66.4499
-66.3643
-66.4708
-66.3356
-66.2673
-66.4413
-66.58
-66.2356
-66.6185
-66.6474
-66.6808
-66.4636
-66.5029
-66.8291
-66.4816
-66.3721
-66.4335
-66.417
-66.3766
-66.4632
-66.5653
-66.3614
-66.7064
-66.5104
-66.5726
-66.3578
-66.5135
-66.3589
-66.2948
-66.5544
-66.505
-66.5063
-66.486
-66.4939
-66.5574
-66.5699
-66.6138
-66.2547
-66.6743
-66.446
-66.4312
-66.5289
-66.5266
-66.4023
-66.4776
-66.3219
-66.5238
-66.5411
-66.3315
-66.4749
-66.1671
-66.4945
-66.2987
-66.3639
-66.6325
-66.6944
-66.4707
-66.5309
-66.2394
-66.4407
-66.4876
-66.4129
-66.3653
-66.5212
-66.2039
-66.4748
-66.3495
-66.524
-66.4962
-66.3465
-66.4778
-66.6295
-66.404
-66.4729
-66.2189
-66.4403
-66.3922
-66.3301
-66.2182
-66.5281
-66.3671
-66.3197
-66.3428
-66.393
-66.3043
-66.2017
-66.6847
-66.2425
-66.4882
-66.3514
-66.3699
-66.2946
-66.4144
-66.333
-66.5879
-66.2988
-66.3334
-66.4772
-66.2233
-66.4732
-66.5401
-66.4132
-66.5429
-66.3754
-66.2953
-66.2412
-66.4409
-66.5031
-66.3806
-66.3383
-66.3865
-66.1458
-66.2463
-66.3018
-66.2993
-66.4095
-66.4351
-66.2988
-66.5527
-66.3035
-66.29
-66.3363
-66.302
-66.2385
-66.5448
-66.1182
-66.0977
-66.6381
-66.3389
-66.5596
-66.5282
-66.2295
-66.2011
-66.19
-66.3475
-66.1932
-66.4738
-66.3468
-66.1064
-66.2882
-66.3122
-66.4397
-66.379
-66.3473
-66.3786
-66.5022
-66.3439
-66.2613
-66.521
-66.4673
-66.5129
-66.2056
-66.4039
-66.4052
-66.5219
-66.4395
-66.1997
-66.4958
-66.4113
-66.2519
-65.8574
-66.3664
-66.3828
-66.439
-66.4571
-66.3198
-66.3566
-66.3793
-66.2196
-66.3296
-66.3002
-66.1106
-66.2725
-66.2871
-66.3857
-66.2772
-66.2779
-66.5356
-66.2154
-66.3345
-66.203
-66.194
-66.0982
-66.3395
-66.3227
-66.4198
-66.2224
-66.2453
-66.2051
-66.3351
-66.3065
-66.358
-66.4327
-66.2014
-66.2531
-66.1921
-66.4658
-66.4048
-66.3042
-66.1566
-66.5425
-66.6088
-66.4524
-66.2702
-66.2561
-66.3047
-66.1278
-66.2721
-66.4519
-66.3711
-66.2316
-66.3642
-66.318
-66.1543
-66.3371
-66.0173
-66.181
-66.237
-66.2771
-66.1136
-66.3323
-66.3317
-66.2283
-66.2069
-66.2447
-66.1659
-66.1677
-66.2988
-66.1356
-65.9679
-66.2908
-66.1923
-66.2111
-66.1542
-66.371
-65.9854
-66.1823
-66.1697
-66.1399
-66.0481
-66.3412
-66.2101
-66.4337
-66.1628
-66.1161
-66.1306
-66.2569
-66.2509
-66.2309
-66.2101
-66.2253
-66.2309
-66.2577
-66.0818
-66.3375
-66.1966
-66.3013
-66.2131
-66.1217
-66.3074
-66.2197
-66.2689
-66.0111
-66.2111
-66.3422
-66.1489
-66.2292
-66.2652
-66.1435
-66.1539
-66.2714
-65.9779
-66.2623
-66.1863
-66.2042
-66.3378
-66.1129
-66.2113
-66.3166
-66.0311
-66.115
-66.2996
-66.2723
-66.2313
-66.13
-66.076
-66.2373
-66.1513
-66.3939
-66.245
-66.2571
-66.2186
-66.2713
-66.1007
-65.9425
-66.102
-66.1506
-66.3493
-66.1446
-66.0884
-66.1108
-66.1619
-66.039
-66.166
-66.1455
-66.02
-66.2422
-66.1757
-66.5386
-66.3067
-65.8486
-66.2508
-66.0827
-65.993
-66.1348
-66.008
-66.1255
-66.1449
-66.1219
-66.0745
-66.0684
-65.9593
-66.2765
-66.1415
-66.1243
-66.104
-66.2217
-66.1865
-66.2056
-66.197
-66.1553
-66.397
-66.0166
-66.3239
-66.0503
-66.0929
-65.9832
-66.0407
-65.9895
-66.1276
-66.0848
-66.0244
-66.1712
-66.2565
-66.206
-66.1821
-65.9749
-66.0337
-66.391
-65.9329
-66.2397
-66.1127
-65.8971
-65.965
-66.1509
-66.0865
-66.0264
-66.2247
-66.0436
-65.9943
-66.1448
-66.1985
-66.3278
-66.1032
-66.0474
-66.2218
-65.9477
-66.2364
-65.9302
-66.003
-66.0193
-65.9211
-65.9179
-65.9433
-66.1251
-66.0668
-66.0401
-65.9783
-65.9358
-66.4236
-66.0688
-66.4532
-66.0814
-66.199
-66.3079
-65.7629
-66.056
-66.0405
-66.3012
-65.9693
-66.0251
-66.269
-66.1435
-66.1798
-66.1223
-65.9796
-66.2166
-66.0482
-66.1292
-66.2497
-66.1832
-66.0649
-66.0182
-66.1549
-65.8606
-66.1773
-66.1606
-66.0653
-65.9251
-66.0659
-66.1744
-66.2052
-65.9943
-66.0157
-65.9608
-65.967
-66.1289
-65.8878
-66.051
-65.9169
-66.1245
-66.0268
-65.851
-66.3444
-65.8667
-66.083
-65.9243
-65.9105
-65.875
-66.0748
-65.7185
-65.9645
-65.9461
-66.0839
-66.0905
-66.0714
-65.937
-65.8333
-66.0092
-66.1128
-65.8985
-65.903
-66.0538
-65.9298
-66.0997
-66.0189
-65.807
-66.008
-66.0099
-66.0196
-65.7995
-65.8711
-65.8181
-65.9889
-65.8186
-65.9717
-66.0273
-65.9856
-65.9233
-65.9224
-66.0692
-66.0265
-65.8906
-65.9236
-65.9593
-65.9895
-65.9418
-65.7436
-66.0488
-66.0921
-65.8557
-66.0542
-66.0706
-66.1951
-65.9722
-65.9917
-66.0426
-66.1572
-66.0544
-66.0316
-66.2718
-65.8602
-65.9686
-65.9457
-66.0079
-65.8888
-66.243
-66.0915
-65.8275
-65.8309
-66.1129
-66.2169
-66.0237
-66.0772
-66.1742
-66.0672
-65.9182
-66.0867
-66.0058
-66.1795
-66.0593
-66.1069
-65.8548
-66.2517
-65.8952
-65.9011
-66.0896
-66.0376
-65.868
-66.3228
-66.004
-65.9274
-65.9545
-65.8796
-65.6937
-65.7477
-66.048
-66.0975
-65.9819
-65.9183
-65.8729
-65.9801
-65.8785
-65.8673
-66.0392
-65.8832
-65.7485
-65.9877
-65.9435
-65.7857
-65.8625
-65.798
-66.1738
-66.0854
-65.9923
-66.0763
-66.0325
-66.0096
-65.7657
-65.7514
-65.8587
-66.0309
-65.904
-65.9731
-66.0192
-65.8158
-65.8628
-66.0031
-66.0537
-66.0482
-65.824
-65.853
-65.8374
-65.9033
-65.8122
-66.1121
-65.9964
-65.997
-65.8558
-65.7894
-65.9396
-65.9052
-65.857
-65.8738
-65.9546
-65.9775
-65.7569
-65.5697
-66.0401
-66.0388
-66.1406
-65.7928
-65.938
-65.7142
-65.7075
-65.9372
-65.9483
-65.8275
-65.7728
-65.7305
-65.7843
-65.8936
-65.951
-66.0651
-66.0362
-65.7518
-65.7875
-65.7691
-66.0406
-65.7892
-65.9538
-65.9431
-65.8693
-65.9699
-65.8376
-65.7367
-65.9147
-65.8744
-65.8465
-65.9025
-65.9737
-65.8873
-65.7555
-65.7243
-66.0432
-65.8858
-65.8932
-65.9747
-65.9938
-65.8387
-65.7922
-65.8937
-65.9091
-65.8744
-65.793
-65.7058
-65.6125
-65.7265
-65.8764
-65.8787
-65.7381
-66.0114
-65.6422
-65.8606
-65.8421
-66.1046
-65.8398
-65.8797
-65.6722
-65.8084
-65.7164
-65.8529
-65.9626
-65.9931
-65.9413
-65.8071
-65.8605
-65.8696
-65.6826
-65.6501
-65.7584
-65.9661
-65.5557
-65.7616
-65.7904
-65.7772
-65.781
-66.1769
-65.8727
-65.8534
-65.8843
-65.8837
-65.8074
-65.7219
-65.6494
-65.8248
-65.9839
-65.9448
-65.9326
-65.7165
-65.7218
-65.8235
-65.8049
-65.5654
-65.8839
-65.8303
-65.5317
-65.8921
-65.8057
-65.9562
-65.8904
-65.6439
-65.7361
-66.0005
-65.8771
-65.8733
-65.7516
-65.8183
-66.1594
-65.8948
-65.8178
-65.6765
-65.8344
-65.9923
-65.8747
-65.8691
-65.6576
-65.745
-65.6819
-65.8087
-65.7581
-65.8759
-65.6727
-65.8788
-65.8161
-65.7275
-65.8738
-65.5636
-66.058
-65.9389
-65.7091
-65.7279
-65.802
-65.8536
-65.7526
-65.7979
-65.7385
-65.6451
-65.8362
-65.7301
-65.7189
-65.7177
-65.6956
-65.8271
-65.9958
-65.5404
-65.9801
-66.0931
-65.9958
-65.9707
-65.7514
-65.6294
-65.6754
-65.6268
-65.7058
-65.751
-65.764
-65.8277
-65.707
-65.8407
-65.7849
-65.6877
-65.9694
-65.7816
-65.582
-65.6873
-65.7813
-65.8265
-65.683
-65.714
-65.871
-65.6349
-65.7806
-65.8542
-65.804
-65.7678
-65.672
-65.8003
-65.7073
-65.5994
-65.7516
-65.8058
-65.9472
-65.6011
-65.7683
-65.765
-65.7364
-65.376
-65.9246
-65.7112
-65.8823
-65.8496
-65.5863
-65.7153
-65.761
-65.8034
-65.7042
-65.5576
-65.6504
-65.831
-65.7395
-65.8172
-65.9632
-65.6412
-65.8178
-65.8402
-66.0014
-65.7621
-65.6494
-65.672
-65.6565
-65.9117
-65.5749
-65.8906
-65.6278
-65.8595
-65.7426
-65.8105
-65.5358
-65.6777
-65.7418
-65.6537
-65.6397
-65.6531
-65.7252
-65.5181
-65.5797
-65.8833
-65.6843
-65.7447
-65.6803
-65.6337
-65.8949
-65.8383
-65.7175
-65.7315
-65.7325
-65.9011
-65.4721
-65.5928
-65.6076
-65.7982
-65.5379
-65.5895
-65.8354
-65.7066
-65.7598
-65.7952
-65.8197
-65.7352
-65.8025
-65.7263
-65.7869
-65.5736
-65.6562
-65.6338
-65.7549
-65.6448
-65.4779
-65.6601
-65.5117
-65.744
-65.6778
-65.7233
-65.6234
-65.6658
-65.7782
-65.5584
-65.5467
-65.9523
-65.9921
-65.6081
-65.7007
-65.6742
-65.6209
-65.8309
-65.7877
-65.6681
-65.8178
-65.5781
-65.8826
-65.7182
-65.666
-65.7362
-65.6249
-65.6762
-65.727
-65.7756
-65.4234
-65.6954
-65.5627
-65.7203
-65.6337
-65.7162
-65.7062
-65.6912
-65.4988
-65.6145
-65.7431
-65.8772
-65.8555
-65.497
-65.6216
-65.6909
-65.6113
-65.7667
-65.5651
-65.7245
-65.729
-65.4357
-65.5978
-65.7704
-65.8064
-65.4596
-65.7716
-65.7269
-65.6639
-65.6546
-65.4771
-65.631
-65.5947
-65.6282
-65.6325
-65.7871
-65.6558
-65.8927
-65.7788
-65.8787
-65.5545
-65.7974
-65.3594
-65.6613
-65.8457
-65.6593
-65.4856
-65.3578
-65.7571
-65.5791
-65.7383
-65.8211
-65.7359
-65.7653
-65.81
-65.8977
-65.5906
-65.5772
-65.8291
-65.5817
-65.6668
-65.7206
-65.7002
-65.7414
-65.5758
-65.5865
-65.5546
-65.5107
-65.4351
-65.8274
-65.6629
-65.7389
-65.4907
-65.7291
-65.7669
-65.6207
-65.5174
-65.5721
-65.6928
-65.4795
-65.9777
-65.7863
-65.7791
-65.538
-65.7348
-65.7006
-65.502
-65.5853
-65.756
-65.4858
-65.6596
-65.7111
-65.6673
-65.7659
-65.4315
-65.6381
-65.7161
-65.6271
-65.7073
-65.4924
-65.6094
-65.8301
-65.5044
-65.4945
-65.657
-65.5878
-65.5908
-65.452
-65.5846
-65.8408
-65.6983
-65.6854
-65.5688
-65.7256
-65.4786
-65.4017
-65.6074
-65.8005
-65.6412
-65.4948
-65.6473
-66.018
-65.6337
-65.7179
-65.7114
-65.4889
-65.7165
-65.6803
-65.6992
-65.6275
-65.5838
-65.5685
-65.6833
-65.6052
-65.607
-65.4474
-65.5473
-65.5152
-65.5286
-65.702
-65.653
-65.5086
-65.8068
-65.5202
-65.5371
-65.5682
-65.7822
-65.5445
-65.42
-65.8005
-65.7311
-65.8688
-65.5438
-65.5152
-65.5564
-65.4507
-65.7822
-65.5557
-65.698
-65.7813
-65.7339
-65.585
-65.5788
-65.5328
-65.6808
-65.8002
-65.3915
-65.5217
-65.6268
-65.4837
-65.6604
-65.6283
-65.5936
-65.6108
-65.5194
-65.7112
-65.4031
-65.6533
-65.4263
-65.6198
-65.6076
-65.6246
-65.5521
-65.3718
-65.3565
-65.8038
-65.7503
-65.6638
-65.5483
-65.4238
-65.5247
-65.8125
-65.4326
-65.5796
-65.5573
-65.5196
-65.4628
-65.5738
-65.4594
-65.4444
-65.6807
-65.4556
-65.5604
-65.544
-65.7363
-65.5489
-65.7978
-65.661
-65.5734
-65.6398
-65.6555
-65.5906
-65.5348
-65.4061
-65.8341
-65.6393
-65.6744
-65.4893
-65.3957
-65.8683
-65.8011
-65.4237
-65.5205
-65.2771
-65.3103
-65.6229
-65.6345
-65.6673
-65.5968
-65.6156
-65.5825
-65.3852
-65.4772
-65.4386
-65.6887
-65.3946
-65.7545
-65.3976
-65.7968
-65.5788
-65.6643
-65.8558
-65.6048
-65.5641
-65.442
-65.6137
-65.4803
-65.4025
-65.6533
-65.6967
-65.5513
-65.8291
-65.3594
-65.804
-65.2985
-65.6969
-65.4776
-65.3881
-65.5317
-65.4602
-65.4345
-65.4956
-65.4605
-65.4681
-65.5157
-65.5305
-65.7509
-65.7416
-65.7025
-65.4485
-65.3323
-65.5401
-65.5369
-65.5448
-65.4269
-65.4925
-65.6067
-65.6143
-65.6187
-65.4656
-65.6141
-65.6273
-65.7839
-65.5319
-65.6814
-65.8224
-65.3523
-65.5313
-65.3299
-65.6116
-65.513
-65.6042
-65.6798
-65.5784
-65.5376
-65.7052
-65.7532
-65.8545
-65.6808
-65.6529
-65.6089
-65.3999
-65.4406
-65.5023
-65.3435
-65.3859
-65.325
-65.5052
-65.5085
-65.6432
-65.4561
-65.5198
-65.4546
-65.4403
-65.5938
-65.3436
-65.3681
-65.5398
-65.731
-65.7879
-65.6408
-65.5068
-65.6297
-65.6513
-65.8522
-65.5837
-65.5089
-65.6312
-65.5554
-65.6436
-65.682
-65.7041
-65.6191
-65.3444
-65.5429
-65.4723
-65.4003
-65.8089
-65.7993
-65.5046
-65.5417
-65.4913
-65.6175
-65.65
-65.362
-65.5866
-65.3532
-65.599
-65.6341
-65.5219
-65.3986
-65.4701
-65.6645
-65.4279
-65.5025
-65.7877
-65.5708
-65.5887
-65.5567
-65.5356
-65.4419
-65.5573
-65.7029
-65.7121
-65.5733
-65.4862
-65.7288
-65.3749
-65.3498
-65.4361
-65.425
-65.6112
-65.5445
-65.509
-65.6273
-65.5223
-65.6452
-65.6284
-65.6874
-65.5253
-65.5624
-65.7053
-65.5819
-65.382
-65.7676
-65.5916
-65.3716
-65.4856
-65.5627
-65.3836
-65.5525
-65.488
-65.7289
-65.5153
-65.778
-65.4751
-65.6735
-65.3578
-65.6632
-65.6317
-65.3881
-65.4439
-65.3123
-65.4529
-65.5309
-65.5023
-65.739
-65.6133
-65.4028
-65.4643
-65.3345
-65.6267
-65.6614
-65.4884
-65.3659
-65.4265
-65.696
-65.7492
-65.7351
-65.4964
-65.7491
-65.439
-65.5675
-65.6596
-65.585
-65.3416
-65.3692
-65.5274
-65.5702
-65.5484
-65.5825
-65.4858
-65.2857
-65.5663
-65.4564
-65.4505
-65.4447
-65.6196
-65.4599
-65.5922
-65.3843
-65.5278
-65.4529
-65.5905
-65.6487
-65.6876
-65.2767
-65.3297
-65.8422
-65.3322
-65.3246
-65.5034
-65.6428
-65.7873
-65.5254
-65.4883
-65.498
-65.4469
-65.5633
-65.4995
-65.4841
-65.5843
-65.3437
-65.4302
-65.4851
-65.5554
-65.5645
-65.4382
-65.6139
-65.5534
-65.5481
-65.6938
-65.3901
-65.5898
-65.3614
-65.5105
-65.597
-65.5114
-65.3703
-65.5883
-65.385
-65.7677
-65.5341
-65.4666
-65.4425
-65.3632
-65.5135
-65.509
-65.3902
-65.5948
-65.4129
-65.4527
-65.5775
-65.4103
-65.3576
-65.8009
-65.4965
-65.5266
-65.2943
-65.4282
-65.5335
-65.2837
-65.4963
-65.4713
-65.7624
-65.5559
-65.5352
-65.4097
-65.4251
-65.6299
-65.3902
-65.5314
-65.4105
-65.5975
-65.3187
-65.2929
-65.5973
-65.6832
-65.6556
-65.5149
-65.5447
-65.6627
-65.6016
-65.3771
-65.398
-65.3767
-65.6622
-65.558
-65.2546
-65.6472
-65.6429
-65.5998
-65.2552
-65.4025
-65.3563
-65.3558
-65.6983
-65.5598
-65.4472
-65.5408
-65.4241
-65.5638
-65.6177
-65.2817
-65.5547
-65.3885
-65.393
-65.5428
-65.4788
-65.2857
-65.4289
-65.4745
-65.6955
-65.3675
-65.5565
-65.5705
-65.2844
-65.5218
-65.4564
-65.5076
-65.358
-65.2344
-65.3432
-65.5118
-65.3902
-65.436
-65.5032
-65.6284
-65.2401
-65.3882
-65.3874
-65.4534
-65.4672
-65.4761
-65.5925
-65.567
-65.4972
-65.5104
-65.4319
-65.7583
-65.5848
-65.7761
-65.5198
-65.5313
-65.4385
-65.6025
-65.4999
-65.4236
-65.5982
-65.6108
-65.4004
-65.3221
-65.5696
-65.4898
-65.535
-65.6508
-65.4308
-65.7012
-65.4902
-65.5823
-65.4969
-65.5954
-65.4412
-65.5018
-65.19
-65.4724
-65.455
-65.5355
-65.471
-65.3736
-65.6962
-65.4052
-65.4339
-65.6991
-65.5792
-65.4828
-65.7507
-65.6107
-65.4088
-65.4496
-65.3701
-65.4502
-65.5474
-65.6494
-65.6224
-65.6582
-65.2172
-65.5079
-65.7762
-65.4752
-65.5241
-65.5428
-65.2792
-65.4892
-65.4289
-65.4657
-65.4077
-65.4582
-65.5619
-65.3484
-65.3626
-65.4294
-65.4997
-65.5253
-65.3828
-65.6044
-65.5721
-65.3423
-65.4916
-65.4301
-65.5165
-65.5752
-65.4637
-65.4777
-65.456
-65.597
-65.6119
-65.5827
-65.3568
-65.3103
-65.2774
-65.5299
-65.4235
-65.4003
-65.1594
-65.4308
-65.3705
-65.4538
-65.3584
-65.4141
-65.457
-65.3282
-65.3684
-65.38
-65.308
-65.6704
-65.7015
-65.4171
-65.3427
-65.2429
-65.5037
-65.2992
-65.6608
-65.3975
-65.4403
-65.5012
-65.3261
-65.447
-65.3821
-65.4105
-65.3772
-65.3984
-65.5497
-65.4969
-65.4433
-65.422
-65.6286
-65.3868
-65.5188
-65.4393
-65.5415
-65.3457
-65.1277
-65.624
-65.4664
-65.4945
-65.4625
-65.6246
-65.2958
-65.4678
-65.4803
-65.3422
-65.4482
-65.4319
-65.4906
-65.4793
-65.3856
-65.4491
-65.739
-65.5338
-65.5541
-65.4349
-65.3232
-65.4705
-65.5017
-65.5468
-65.4597
-65.4816
-65.4741
-65.5286
-65.4094
-65.3021
-65.5467
-65.505
-65.3856
-65.3867
-65.4224
-65.5912
-65.6265
-65.3801
-65.6082
-65.545
-65.4662
-65.514
-65.5455
-65.4343
-65.4166
-65.4913
-65.647
-65.4077
-65.3653
-65.3864
-65.6223
-65.4273
-65.2573
-65.6215
-65.3186
-65.6153
-65.4493
-65.5319
-65.4566
-65.5515
-65.3631
-65.4523
-65.352
-65.2998
-65.4892
-65.5672
-65.4614
-65.3359
-65.6063
-65.4505
-65.3474
-65.359
-65.5328
-65.3671
-65.4121
-65.6167
-65.4915
-65.6488
-65.4053
-65.3267
-65.5652
-65.5593
-65.4174
-65.3744
-65.5199
-65.7218
-65.5339
-65.1937
-65.6632
-65.5986
-65.6014
-65.4314
-65.4506
-65.6469
-65.4809
-65.6122
-65.8457
-65.5054
-65.4915
-65.5728
-65.4167
-65.4419
-65.4416
-65.458
-65.4173
-65.672
-65.6979
-65.6004
-65.5158
-65.4202
-65.2918
-65.5528
-65.583
-65.5366
-65.446
-65.2292
-65.2557
-65.2007
-65.4562
-65.4122
-65.4494
-65.4178
-65.4383
-65.4989
-65.5249
-65.5242
-65.396
-65.4382
-65.6056
-65.405
-65.8541
-65.3163
-65.5296
-65.3101
-65.5732
-65.3622
-65.3085
-65.4819
-65.5655
-65.3958
-65.3652
-65.4296
-65.562
-65.671
-65.47
-65.5756
-65.3688
-65.5557
-65.6035
-65.3698
-65.4399
-65.2446
-65.3564
-65.4412
-65.4984
-65.6396
-65.4236
-65.3508
-65.5385
-65.3538
-65.5909
-65.558
-65.3411
-65.4819
-65.4938
-65.3671
-65.4379
-65.3532
-65.5299
-65.618
-65.5243
-65.3545
-65.2474
-65.5194
-65.3394
-65.5967
-65.4814
-65.5549
-65.5704
-65.735
-65.4512
-65.6439
-65.8466
-65.4324
-65.4803
-65.4343
-65.5918
-65.3968
-65.5417
-65.5546
-65.3981
-65.204
-65.196
-65.5544
-65.3527
-65.5846
-65.3201
-65.4356
-65.616
-65.3464
-65.4001
-65.4224
-65.5308
-65.2712
-65.1722
-65.0009
-65.5314
-65.5616
-65.532
-65.5317
-65.2388
-65.4997
-65.5056
-65.5143
-65.5166
-65.4335
-65.6137
-65.534
-65.2343
-65.5855
-65.3558
-65.3703
-65.4481
-65.3798
-65.3292
-65.3197
-65.4376
-65.4256
-65.5636
-65.6426
-65.5981
-65.4117
-65.5703
-65.429
-65.5031
-65.6103
-65.3495
-65.5938
-65.5401
-65.4318
-65.4934
-65.2414
-65.6828
-65.7004
-65.5209
-65.3937
-65.3039
-65.637
-65.3816
-65.4246
-65.4486
-65.7131
-65.6612
-65.4159
-65.5194
-65.3617
-65.4394
-65.4445
-65.4942
-65.5077
-65.5548
-65.4036
-65.6873
-65.451
-65.6504
-65.4197
-65.585
-65.5566
-65.635
-65.3636
-65.5008
-65.5678
-65.5775
-65.5001
-65.435
-65.5691
-65.4859
-65.6035
-65.426
-65.3339
-65.4076
-65.3799
-65.4813
-65.4749
-65.7186
-65.7107
-65.34
-65.6311
-65.51
-65.4019
-65.6792
-65.7156
-65.3701
-65.663
-65.6257
-65.5057
-65.4976
-65.4094
-65.3377
-65.4268
-65.3652
-65.5045
-65.5123
-65.6539
-65.3777
-65.5709
-65.5662
-65.588
-65.4972
-65.3275
-65.4102
-65.5184
-65.4535
-65.4477
-65.5923
-65.7361
-65.4735
-65.5739
-65.3753
-65.3858
-65.6369
-65.4216
-65.5084
-65.4008
-65.3193
-65.545
-65.5109
-65.5365
-65.4939
-65.4781
-65.571
-65.4451
-65.3215
-65.6272
-65.4283
-65.6533
-65.5032
-65.524
-65.4737
-65.5689
-65.5468
-65.3348
-65.4531
-65.3995
-65.6189
-65.4443
-65.6822
-65.3621
-65.3279
-65.6493
-65.5061
-65.4735
-65.4352
-65.3579
-65.6201
-65.5142
-65.6479
-65.5523
-65.4044
-65.6223
-65.6979
-65.4168
-65.5201
-65.6172
-65.4248
-65.675
-65.4363
-65.4651
-65.7421
-65.6299
-65.5383
-65.65
-65.2259
-65.4046
-65.5812
-65.5593
-65.3887
-65.4693
-65.5641
-65.5503
-65.3574
-65.4202
-65.5418
-65.5609
-65.4848
-65.404
-65.4365
-65.6846
-65.7511
-65.4333
-65.5411
-65.5188
-65.5005
-65.6499
-65.7068
-65.4722
-65.2406
-65.5194
-65.5485
-65.3084
-65.6694
-65.5095
-65.397
-65.5897
-65.5429
-65.5479
-65.5953
-65.4523
-65.5806
-65.6255
-65.3439
-65.5908
-65.5181
-65.4484
-65.8187
-65.4011
-65.538
-65.6754
-65.6159
-65.6989
-65.5394
-65.5882
-65.5434
-65.3388
-65.5689
-65.45
-65.5036
-65.5822
-65.6463
-65.5833
-65.5787
-65.4579
-65.5396
-65.3988
-65.6394
-65.3889
-65.2734
-65.5929
-65.5649
-65.4197
-65.5492
-65.5856
-65.4614
-65.3723
-65.5491
-65.5778
-65.4479
-65.6901
-65.7466
-65.4264
-65.5679
-65.4894
-65.5292
-65.5547
-65.4382
-65.2123
-65.6275
-65.4613
-65.4775
-65.5505
-65.4226
-65.3853
-65.2596
-65.3853
-65.7088
-65.4889
-65.4671
-65.5329
-65.6342
-65.5012
-65.7082
-65.7167
-65.7283
-65.3252
-65.7298
-65.7234
-65.6735
-65.4749
-65.5492
-65.5518
-65.5444
-65.6561
-65.5845
-65.5988
-65.3456
-65.8064
-65.5411
-65.418
-65.5417
-65.5952
-65.6343
-65.5427
-65.5084
-65.4668
-65.3009
-65.5153
-65.5132
-65.5619
-65.3839
-65.5425
-65.5305
-65.4999
-65.5419
-65.6884
-65.7746
-65.5401
-65.3843
-65.3603
-65.5165
-65.3447
-65.5079
-65.5229
-65.5673
-65.6721
-65.1783
-65.6772
-65.5543
-65.5202
-65.5986
-65.521
-65.4506
-65.517
-65.3715
-65.5057
-65.6774
-65.3574
-65.5874
-65.3784
-65.7592
-65.5146
-65.6009
-65.4242
-65.5209
-65.3476
-65.229
-65.4249
-65.3392
-65.4829
-65.5566
-65.586
-65.4531
-65.4514
-65.5574
-65.6249
-65.7592
-65.7132
-65.742
-65.7151
-65.4034
-65.559
-65.5767
-65.3274
-65.5275
-65.8942
-65.5708
-65.2585
-65.6866
-65.5126
-65.5502
-65.596
-65.5785
-65.5418
-65.584
-65.4506
-65.3876
-65.6386
-65.5667
-65.4309
-65.5852
-65.6587
-65.331
-65.4961
-65.4075
-65.6814
-65.5254
-65.7129
-65.4438
-65.4487
-65.5382
-65.6257
-65.4046
-65.5618
-65.5406
-65.2923
-65.7073
-65.9187
-65.6269
-65.4094
-65.6046
-65.6829
-65.5073
-65.6036
-65.6442
-65.8167
-65.6731
-65.4996
-65.4765
-65.7309
-65.4495
-65.3579
-65.6173
-65.5119
-65.5217
-65.5331
-65.5792
-65.5372
-65.5936
-65.524
-65.5147
-65.5356
-65.4692
-65.4586
-65.6838
-65.4908
-65.4777
-65.5137
-65.3631
-65.6062
-65.6863
-65.615
-65.4455
-65.5314
-65.4099
-65.4848
-65.7805
-65.5086
-65.4675
-65.3998
-65.5594
-65.5779
-65.4274
-65.6146
-65.5746
-65.5092
-65.4542
-65.4733
-65.6539
-65.5525
-65.7248
-65.6184
-65.6632
-65.467
-65.5778
-65.6488
-65.465
-65.4125
-65.57
-65.5144
-65.5201
-65.7939
-65.6358
-65.6506
-65.6439
-65.6103
-65.7048
-65.6464
-65.7849
-65.7526
-65.4014
-65.4955
-65.2946
-65.4827
-65.436
-65.6387
-65.4183
-65.4981
-65.7419
-65.6462
-65.6911
-65.8005
-65.6103
-65.5267
-65.733
-65.8096
-65.3526
-65.6061
-65.5163
-65.3832
-65.4259
-65.5086
-65.5952
-65.5595
-65.5053
-65.5944
-65.5275
-65.687
-65.7536
-65.6041
-65.844
-65.556
-65.5668
-65.6465
-65.3701
-65.5526
-65.512
-65.7235
-65.2999
-65.4977
-65.6672
-65.7874
-65.5351
-65.4727
-65.617
-65.5126
-65.6048
-65.3795
-65.7835
-65.341
-65.4151
-65.5085
-65.7134
-65.5985
-65.408
-65.7361
-65.6339
-65.6055
-65.5885
-65.6676
-65.7062
-65.6294
-65.8891
-65.5891
-65.4189
-65.4504
-65.5564
-65.6061
-65.8199
-65.4726
-65.6753
-65.6232
-65.6441
-65.5262
-65.6464
-65.772
-65.3532
-65.7073
-65.469
-65.626
-65.5236
-65.5308
-65.6909
-65.5984
-65.6061
-65.4876
-65.6041
-65.7178
-65.6123
-65.6832
-65.8123
-65.6657
-65.6102
-65.4841
-65.737
-65.44
-65.7014
-65.6669
-65.7191
-65.6313
-65.6967
-65.5252
-65.5206
-65.5901
-65.7296
-65.7334
-65.6689
-65.7061
-65.536
-65.726
-65.4693
-65.5625
-65.7224
-65.776
-65.5669
-65.653
-65.5898
-65.6484
-65.7316
-65.6853
-65.545
-65.5417
-65.6751
-65.4249
-65.5046
-65.4358
-65.4856
-65.6338
-65.406
-65.4781
-65.5518
-65.6431
-65.4124
-65.8171
-65.7916
-65.6904
-65.566
-65.6788
-65.6891
-65.512
-65.679
-65.5589
-65.7278
-65.7143
-65.507
-65.547
-65.5927
-65.5478
-65.569
-65.766
-65.4406
-65.5154
-65.7422
-65.7073
-65.6071
-65.6776
-65.6024
-65.7562
-65.6635
-65.742
-65.4869
-65.4947
-65.5105
-65.5585
-65.7951
-65.5554
-65.8257
-65.7041
-65.9388
-65.5464
-65.7254
-65.6092
-65.6642
-65.6509
-65.6029
-65.68
-65.431
-65.5333
-65.6334
-65.7356
-65.586
-65.6254
-65.7775
-65.5829
-65.6262
-65.7473
-65.7617
-65.679
-65.4809
-65.4452
-65.7415
-65.6001
-65.7327
-65.3427
-65.6679
-65.542
-65.7681
-65.5996
-65.5371
-65.8063
-65.721
-65.4047
-65.5868
-65.5895
-65.4238
-65.6033
-65.4804
-65.7163
-65.7625
-65.5315
-65.8734
-65.7378
-65.837
-65.3573
-65.715
-65.729
-65.7222
-65.671
-65.6754
-65.879
-65.7014
-65.4907
-65.7626
-65.5379
-65.75
-65.5263
-65.3797
-65.5404
-65.5754
-65.6293
-65.7312
-65.5609
-65.86
-65.3965
-65.6902
-65.738
-65.7795
-65.8977
-65.7429
-65.5653
-65.5444
-65.6655
-65.6208
-65.5326
-65.8313
-65.574
-65.5758
-65.4377
-65.7585
-65.8289
-65.6398
-65.7029
-65.7237
-65.8259
-65.6814
-65.7868
-65.5708
-65.6257
-65.5757
-65.6553
-65.5613
-65.8731
-65.5253
-65.5588
-65.8433
-65.6592
-65.5362
-65.4756
-65.8418
-65.6017
-65.7784
-65.7045
-65.7882
-65.5944
-65.8939
-65.6656
-65.6613
-65.6321
-65.6074
-65.6498
-65.6116
-65.7518
-65.8139
-65.4648
-65.5745
-65.6227
-65.5293
-65.6573
-65.6727
-65.6437
-65.6233
-65.6284
-65.7484
-65.6389
-65.5636
-65.6284
-65.7176
-65.8885
-65.8136
-65.7989
-65.8226
-65.8574
-65.8012
-65.7781
-65.7652
-65.5132
-65.5992
-65.6257
-65.3255
-65.482
-65.5566
-65.6273
-65.7264
-65.7733
-65.6683
-65.5708
-65.6291
-65.6888
-65.8251
-65.5817
-65.5995
-65.6481
-65.4801
-65.7991
-65.6551
-65.6245
-65.9706
-65.7655
-65.7959
-65.7748
-65.5186
-65.7907
-65.6709
-65.93
-65.8462
-65.5181
-65.8161
-65.3812
-65.7054
-65.4904
-65.8817
-65.7492
-65.7718
-65.7497
-65.9881
-65.7016
-65.6608
-65.4683
-65.8989
-65.7381
-65.73
-65.7598
-65.7402
-65.8211
-65.6723
-65.6382
-65.5612
-65.7302
-65.9054
-65.8644
-65.9406
-65.8017
-65.5996
-65.6613
-65.6855
-65.6644
-65.8946
-65.7853
-65.6925
-65.7561
-65.6282
-65.7589
-65.7012
-65.6495
-65.7035
-65.6052
-65.8375
-65.9943
-65.6923
-65.7804
-65.6362
-65.7208
-65.596
-65.861
-65.5184
-65.8789
-65.5761
-65.5977
-65.8196
-65.5096
-65.5169
-65.4392
-65.7721
-65.5452
-65.5235
-65.7675
-65.8213
-65.5382
-65.8834
-65.7461
-65.7726
-65.7012
-65.7165
-65.7243
-65.9056
-65.7243
-65.8299
-65.6279
-65.8245
-65.6894
-65.8864
-65.7634
-65.8381
-65.7733
-65.83
-65.6285
-65.6016
-65.7411
-65.6093
-65.7155
-65.4175
-65.6726
-65.6973
-65.6198
-65.6393
-65.5271
-65.4432
-65.7268
-65.8859
-65.9695
-65.8504
-65.6607
-65.7078
-65.7431
-65.8736
-65.7226
-65.6322
-65.8925
-65.7895
-65.561
-65.8865
-65.6078
-65.7482
-65.6614
-65.7238
-65.5324
-65.5526
-65.9165
-65.735
-65.4906
-65.8134
-65.6608
-65.8246
-65.6921
-65.5482
-65.8884
-65.4674
-65.8043
-65.4825
-65.7987
-65.7386
-65.5402
-65.5787
-65.5874
-65.7158
-65.6004
-65.6058
-65.5973
-65.7173
-65.5638
-65.7451
-65.75
-65.6741
-65.8564
-65.5314
-65.5703
-65.8133
-65.5941
-65.7902
-65.551
-65.8266
-65.7548
-65.6627
-65.6896
-65.6019
-65.8117
-65.6271
-65.5738
-65.7673
-66.0569
-65.7891
-65.7655
-65.6999
-65.8037
-66.0006
-65.718
-65.908
-65.7151
-66.0793
-65.8619
-65.8798
-65.8054
-65.8478
-65.8152
-65.555
-65.5705
-65.8311
-65.5479
-65.8353
-65.9764
-65.7442
-65.8715
-65.5387
-65.8455
-65.9902
-65.7859
-65.8372
-65.8805
-65.653
-65.793
-65.8704
-65.5589
-65.6525
-65.863
-65.9321
-65.6169
-65.7587
-65.7015
-65.7662
-65.8477
-65.9261
-65.6056
-65.5381
-65.5806
-65.7685
-65.6864
-65.7758
-65.7126
-65.6872
-66.0335
-65.7959
-65.7858
-65.9454
-65.7919
-65.7832
-65.5656
-65.7525
-65.8812
-65.6819
-65.8254
-65.814
-65.8563
-65.9004
-65.7499
-65.9075
-65.8495
-65.593
-65.6731
-65.747
-65.9
-65.6266
-65.8641
-65.9488
-65.7413
-65.9734
-65.9632
-65.5973
-65.9284
-65.928
-65.7009
-65.7771
-65.8987
-65.9204
-65.9521
-65.7775
-65.9596
-65.5967
-65.4477
-65.6146
-65.7902
-65.6775
-65.9292
-65.7615
-65.6294
-65.7506
-65.8613
-65.6339
-65.9292
-65.734
-65.9262
-65.8509
-65.744
-65.9917
-65.8217
-65.8759
-65.8133
-65.7392
-66.1007
-65.7357
-65.7678
-65.8901
-65.8699
-65.6641
-65.8399
-65.9328
-65.918
-65.8395
-65.781
-65.6596
-65.823
-65.6557
-65.8233
-65.7527
-66.1103
-65.791
-65.8148
-65.8411
-65.8528
-65.8126
-65.7994
-65.6912
-65.7996
-66.0118
-65.6591
-65.9429
-65.6696
-66.1285
-65.8271
-65.7972
-65.874
-65.8252
-65.6815
-65.6515
-65.7387
-65.7684
-65.7378
-65.8867
-65.8081
-65.9067
-65.8641
-65.9392
-65.6838
-65.8438
-65.8347
-65.7818
-65.8234
-65.7492
-65.7682
-65.8238
-65.8059
-65.6956
-65.7935
-65.9778
-65.8475
-65.7264
-65.9068
-65.8405
-66.0469
-65.7644
-65.6694
-65.7528
-66.0739
-65.7617
-65.8047
-66.038
-65.7521
-65.8806
-65.8756
-65.5761
-65.7677
-65.7919
-65.9141
-65.7151
-65.7807
-65.6934
-65.7575
-66.0084
-65.7453
-65.9457
-65.7599
-65.9065
-65.6835
-65.9784
-65.8796
-65.8517
-65.6613
-65.936
-65.9034
-65.9022
-65.8766
-65.7648
-65.6031
-65.9977
-65.5928
-65.7548
-65.7923
-65.6823
-66.1533
-65.6235
-65.7893
-65.8647
-65.7471
-65.8943
-65.9459
-65.8511
-65.6819
-65.9116
-65.8707
-65.905
-65.8079
-65.6157
-65.8147
-65.6902
-65.9742
-65.7937
-65.7373
-65.8582
-65.9602
-65.7938
-65.9645
-65.7004
-65.6492
-65.9918
-65.9903
-65.8271
-65.8598
-66.0974
-65.8081
-65.7815
-65.8873
-65.8266
-65.8285
-65.7271
-65.8283
-65.9398
-65.8131
-66.0239
-65.765
-65.6388
-65.7686
-65.8266
-65.8308
-65.32
-65.9565
-65.8937
-65.8125
-65.9276
-65.8347
-65.9559
-65.8863
-66.0699
-65.9968
-65.93
-65.9148
-65.8096
-65.9251
-65.6864
-65.9339
-65.8487
-65.7881
-65.9139
-65.8698
-65.8168
-65.829
-65.979
-65.9168
-65.8591
-65.9514
-65.8168
-65.8774
-65.8302
-65.8631
-65.6504
-65.9367
-65.8665
-66.1083
-65.8438
-66.0047
-65.8012
-65.9426
-65.8187
-65.6912
-65.9956
-65.7533
-65.8364
-65.813
-65.9554
-65.7513
-65.9211
-65.6199
-65.8425
-65.8458
-65.7364
-65.9382
-65.7929
-65.8318
-65.8131
-66.0396
-65.7708
-65.7208
-65.9901
-65.6412
-65.8528
-65.8527
-65.8153
-65.9236
-65.9058
-65.6865
-65.6307
-65.9646
-65.9422
-65.6576
-66.0513
-65.9414
-65.7811
-66.0743
-66.0053
-65.8117
-66.0148
-65.784
-65.9153
-65.8861
-65.6547
-65.8596
-65.85
-65.8113
-65.9153
-65.8238
-65.954
-65.7348
-65.6648
-65.9563
-65.9156
-65.7897
-65.803
-65.9388
-65.8396
-65.8167
-65.9159
-66.139
-65.6778
-66.0345
-65.8912
-65.6776
-66.0677
-66.0965
-65.9339
-65.8113
-66.0182
-65.7336
-65.8798
-65.9002
-65.9851
-65.8852
-65.7837
-65.9978
-65.9151
-65.8312
-65.8662
-65.5866
-65.9932
-65.929
-65.9484
-65.9335
-65.9773
-66.006
-66.0996
-66.1068
-65.919
-65.926
-65.9997
-65.8146
-65.9585
-65.8309
-65.9243
-65.9247
-65.6305
-65.885
-65.8029
-65.9639
-65.7427
-65.8536
-65.6671
-65.8974
-65.893
-65.792
-66.0193
-66.0553
-66.2024
-65.8947
-66.1616
-65.9363
-65.8393
-65.6543
-66.0761
-65.8972
-65.8911
-65.7582
-65.9516
-66.0289
-65.9945
-66.0903
-65.9064
-65.8115
-66.0714
-65.9292
-65.8419
-65.975
-65.8975
-65.5952
-66.0739
-65.9811
-65.7416
-66.0346
-66.0942
-66.0585
-65.9478
-65.7519
-65.7572
-65.9402
-65.8418
-65.7447
-65.8339
-65.9145
-65.8931
-65.793
-65.9628
-65.862
-66.0468
-65.9343
-65.8199
-65.9907
-65.8039
-66.0087
-65.8481
-66.1099
-65.943
-65.9711
-65.8492
-65.9024
-65.8595
-66.0854
-65.817
-65.8493
-66.0417
-65.7355
-65.6632
-65.221
-65.7402
-65.8158
-65.9047
-66.0111
-65.9058
-65.9828
-66.0058
-65.7834
-65.9921
-65.863
-66.0693
-65.8756
-66.0096
-66.0552
-65.9492
-65.9935
-65.7524
-65.8947
-65.6813
-65.9401
-65.7591
-66.0484
-66.1672
-65.9097
-65.8824
-66.0198
-65.6404
-65.7741
-65.903
-65.9706
-65.9948
-66.0265
-66.0873
-65.7345
-65.9319
-66.0497
-66.0179
-66.0709
-66.0879
-65.9544
-65.7676
-65.9296
-65.9162
-66.1281
-65.8439
-65.8469
-65.9556
-65.8993
-65.9005
-65.8175
-65.7388
-66.2131
-66.0845
-65.7287
-65.8524
-66.162
-66.0295
-65.9327
-66.1282
-65.9057
-65.944
-65.8155
-65.8523
-65.8853
-66.0128
-66.2018
-65.9803
-65.8756
-65.9882
-65.679
-66.1549
-65.9881
-65.816
-66.074
-65.9836
-65.9281
-66.0507
-65.9997
-65.9592
-65.8278
-65.9502
-65.7745
-65.932
-65.9727
-65.7937
-65.7682
-66.007
-65.9927
-66.0194
-65.9448
-65.8623
-65.8176
-66.0352
-65.972
-65.9966
-66.0372
-66.025
-65.8807
-65.9003
-65.9783
-65.8809
-66.0489
-65.8113
-65.9389
-65.9278
-65.9155
-65.8049
-65.9767
-65.7126
-66.0498
-66.0912
-65.9954
-65.8207
-66.0791
-65.9895
-66.0196
-66.0838
-65.6672
-65.8098
-65.789
-66.0245
-65.9148
-65.8091
-66.0994
-65.8047
-65.8892
-65.974
-65.8838
-66.0166
-65.8321
-66.2085
-65.7966
-66.0158
-65.9863
-66.1997
-65.8541
-66.0423
-66.0128
-65.8985
-65.906
-65.8521
-66.0922
-66.0684
-65.8396
-65.8998
-65.9157
-65.9363
-65.915
-65.9843
-65.966
-66.0519
-66.0454
-66.0018
-65.8005
-65.9795
-66.0204
-65.7654
-66.0083
-65.9507
-66.0598
-65.9535
-65.8885
-65.9277
-66.1092
-66.1911
-65.9094
-66.1722
-66.0038
-65.9038
-65.9089
-65.9841
-66.1001
-65.94
-65.815
-65.8702
-65.9935
-66.0167
-65.9421
-65.968
-66.1125
-66.0001
-65.9072
-66.0895
-65.8123
-66.0344
-65.8349
-66.0125
-66.1367
-66.1144
-65.808
-66.0216
-65.8638
-65.8679
-66.1851
-66.2342
-66.3159
-66.0934
-66.0895
-66.0742
-65.9525
-65.9362
-65.9671
-65.9429
-65.9427
-66.118
-65.9245
-66.167
-66.0145
-66.0312
-66.2059
-66.0613
-66.0535
-66.0102
-65.9221
-66.1883
-66.007
-65.9114
-66.0118
-66.0879
-66.1449
-65.8562
-65.9576
-65.7681
-65.9685
-65.8375
-65.8994
-66.0663
-66.1264
-65.9433
-65.9172
-65.9243
-65.913
-66.0704
-65.9404
-65.9943
-65.8838
-66.0795
-66.1079
-66.2746
-65.8093
-66.0715
-66.181
-66.1009
-65.9153
-65.8923
-65.9357
-66.3848
-66.1558
-65.9045
-65.9122
-65.8005
-65.9827
-65.8774
-66.0652
-65.9771
-66.1091
-65.9569
-65.9587
-66.0988
-66.126
-65.9893
-66.001
-65.9365
-66.1107
-65.8649
-66.0749
-66.2502
-66.0859
-65.9078
-66.171
-65.9551
-65.7013
-65.815
-66.0328
-66.0585
-66.0512
-65.9378
-66.0502
-65.907
-66.034
-66.0655
-66.0772
-65.7666
-65.937
-66.0751
-66.172
-65.8946
-65.9662
-66.0006
-66.0578
-65.825
-66.2573
-66.0391
-65.9101
-66.0052
-65.8234
-66.0122
-66.1813
-66.1538
-65.9513
-65.9878
-65.9546
-66.1521
-66.1438
-66.084
-66.1926
-65.9509
-66.0841
-66.1219
-66.0991
-65.9792
-66.0002
-66.2513
-66.087
-66.0659
-66.2567
-65.9078
-65.9185
-66.1252
-66.0147
-66.1021
-66.1456
-65.9738
-65.9824
-66.1999
-66.143
-66.1939
-66.0296
-65.8259
-65.9711
-66.0271
-66.0228
-66.1631
-65.9155
-65.7578
-66.0251
-66.242
-65.7563
-66.1352
-65.9003
-66.2585
-66.1464
-66.0372
-65.8966
-66.1222
-66.0944
-65.9462
-65.9717
-66.0001
-66.0127
-65.8908
-66.2054
-65.9464
-66.061
-66.1366
-66.0129
-65.9918
-66.2562
-66.0516
-66.0544
-66.0243
-65.9865
-66.1708
-66.2951
-66.1945
-66.0239
-66.1232
-66.1506
-66.0612
-66.1191
-65.9772
-66.0402
-66.0801
-66.0724
-66.1059
-66.2083
-66.1952
-66.0475
-66.0042
-66.1528
-66.0893
-66.2033
-66.0626
-65.8027
-66.0187
-65.9494
-65.9521
-65.8843
-66.2444
-66.1471
-66.1559
-65.8961
-66.1691
-66.0059
-66.1696
-65.8883
-66.1052
-65.7733
-65.8163
-66.0549
-66.1797
-66.1386
-65.785
-66.0049
-65.9722
-66.1003
-66.2063
-66.0487
-66.2895
-65.8903
-66.253
-66.1884
-66.2124
-65.944
-65.9991
-65.7784
-66.1353
-66.2723
-66.1375
-65.8043
-66.1216
-66.1367
-65.9426
-65.8432
-66.0543
-66.0577
-66.2198
-66.0109
-66.3434
-65.8972
-65.9217
-65.9992
-66.2822
-66.1209
-65.9253
-66.1066
-66.1469
-65.8865
-65.9094
-66.1896
-65.9646
-66.1918
-66.1955
-65.9388
-66.2425
-66.3102
-66.1654
-66.2398
-66.1076
-66.079
-66.136
-65.886
-66.1318
-66.0422
-66.2572
-66.0174
-65.8092
-66.0012
-66.2029
-65.8559
-66.0309
-66.0829
-65.9939
-66.036
-66.2967
-66.0908
-66.1478
-66.0884
-66.2239
-65.7753
-65.9906
-66.0419
-66.1429
-65.9433
-66.0127
-66.0309
-65.953
-66.1203
-65.8501
-65.9937
-66.0484
-66.0117
-66.0885
-65.9929
-66.0827
-66.1212
-66.0647
-66.1251
-66.2814
-66.2003
-66.0062
-66.2477
-66.0996
-66.1479
-66.1816
-66.1024
-66.1505
-65.9981
-66.0521
-66.0087
-66.0359
-66.2943
-65.9854
-66.1053
-65.9369
-66.291
-65.9721
-66.2006
-66.171
-66.044
-66.0606
-66.0094
-66.0746
-66.2489
-65.9601
-65.7623
-66.087
-66.1212
-65.9892
-65.9953
-65.7795
-66.1885
-66.1281
-66.1644
-66.1365
-66.0932
-66.0569
-66.321
-66.2196
-66.0968
-66.0344
-65.8433
-65.8445
-65.9662
-65.8873
-66.0385
-65.8908
-66.1916
-65.8864
-66.0565
-66.1558
-66.0144
-66.0199
-66.0646
-66.1322
-65.8843
-66.1061
-66.0669
-65.981
-66.1545
-66.2984
-66.0859
-66.2651
-66.1819
-66.1816
-66.0291
-66.0508
-66.002
-66.0371
-66.0254
-66.1045
-66.1884
-66.2484
-66.1986
-66.0358
-66.1243
-66.1667
-66.2092
-66.1651
-66.0954
-65.9575
-66.227
-66.0395
-66.0205
-66.0249
-66.0665
-66.0816
-66.1987
-66.2509
-66.0947
-65.9628
-66.0841
-66.049
-65.7913
-66.487
-66.2874
-66.1131
-66.1109
-66.2517
-66.3303
-66.1266
-66.0093
-66.1552
-66.14
-65.9847
-66.0595
-66.1086
-65.8691
-66.0146
-66.0656
-66.1645
-66.1153
-66.0631
-66.16
-66.0494
-66.0703
-66.0462
-66.3705
-66.1886
-66.0116
-66.31
-65.944
-66.0157
-65.5784
-49.2064
-65.0791
-66.0097
-65.9535
-66.1832
-66.2886
-66.336
-66.0769
-66.0148
-66.2255
-66.0633
-65.9154
-66.1819
-66.2938
-65.9575
-65.976
-66.1361
-66.1758
-65.9534
-66.2065
-65.9306
-66.2256
-66.1553
-65.9272
-65.9726
-65.803
-66.1046
-66.0186
-66.3986
-65.8726
-66.1103
-66.1467
-66.2114
-66.0888
-66.3617
-66.2261
-66.1548
-65.9511
-66.0961
-66.2249
-66.1836
-66.1322
-66.005
-65.8644
-65.9199
-66.1605
-66.1008
-66.2849
-66.2529
-66.1657
-66.0118
-66.2435
-66.1515
-65.8965
-66.0434
-66.1428
-66.2616
-66.1675
-66.0173
-66.038
-66.0855
-66.2019
-66.1105
-65.8349
-66.042
-66.142
-65.8884
-66.0537
-66.1527
-65.8132
-66.1254
-66.2446
-66.1148
-66.1004
-66.3498
-66.0614
-66.2853
-66.21
-66.2599
-66.0416
-65.911
-66.111
-66.1561
-66.1153
-65.9814
-66.0693
-66.1662
-66.1807
-65.9931
-66.1976
-66.2758
-66.1936
-66.2304
-66.0788
-66.1915
-66.048
-65.998
-66.1882
-66.2093
-66.0396
-66.0786
-66.304
-66.1436
-65.9409
-66.0757
-66.0176
-66.1194
-66.0517
-66.2165
-66.3502
-66.1738
-66.0003
-65.9412
-66.0823
-66.2693
-66.3822
-66.1536
-65.9778
-65.8922
-66.2613
-66.3031
-66.1388
-66.1416
-66.1823
-66.1352
-66.2633
-66.16
-66.0864
-66.125
-66.1918
-65.985
-66.1137
-65.8657
-66.3005
-66.2495
-66.0526
-66.0126
-66.1317
-65.9412
-66.0462
-66.1257
-66.2311
-66.1037
-66.1012
-66.1557
-65.9605
-66.2995
-65.9826
-66.1611
-65.8107
-66.2368
-66.1097
-65.9579
-66.0111
-66.1125
-66.0832
-65.9593
-65.993
-66.1081
-66.2185
-66.1701
-66.0492
-66.1999
-66.1134
-66.1876
-66.0115
-66.1276
-65.9465
-65.9821
-66.1953
-66.0241
-66.1699
-65.9456
-66.1443
-66.1703
-66.2588
-66.155
-66.0336
-66.1492
-65.9854
-66.3224
-66.0274
-66.2594
-66.0508
-66.2736
-66.2663
-66.1138
-66.1053
-66.0999
-66.0236
-66.1418
-66.1586
-65.9316
-66.3054
-66.2984
-65.8986
-66.2373
-66.0449
-66.3001
-66.1835
-66.2369
-66.2705
-65.9467
-66.2808
-65.9471
-66.0393
-66.1814
-65.9236
-66.0489
-66.0784
-66.048
-65.9215
-66.0365
-66.1746
-66.1988
-66.2781
-66.1782
-66.1549
-66.0607
-65.96
-65.9884
-66.0346
-66.3362
-66.1133
-66.139
-66.3589
-66.1779
-66.1589
-66.1373
-66.1657
-66.3693
-66.0548
-66.186
-66.2132
-66.1252
-65.96
-66.1402
-65.8631
-66.193
-66.2887
-66.1173
-66.3176
-66.0883
-66.2257
-66.1279
-66.2523
-66.2659
-66.2387
-66.0594
-66.0243
-66.0627
-66.2235
-66.1172
-66.1106
-65.7801
-66.1289
-66.2684
-66.0813
-66.3247
-66.2864
-66.2065
-66.2991
-66.2245
-66.0925
-66.279
-66.2033
-66.2725
-66.1504
-66.1118
-66.1116
-66.0395
-66.1464
-66.0253
-66.2346
-66.1216
-66.1778
-65.9263
-66.2614
-66.2815
-66.2512
-66.222
-66.0447
-66.14
-66.1054
-66.3911
-66.2927
-66.1319
-65.83
-66.0426
-66.3247
-66.1027
-66.2531
-66.0944
-66.0124
-65.923
-66.169
-66.1092
-66.1842
-66.1442
-66.1839
-66.1281
-66.2301
-66.2671
-65.9513
-66.1701
-66.314
-66.0595
-66.1215
-66.0175
-66.0954
-66.145
-66.0462
-65.9549
-66.2381
-66.117
-66.3346
-66.2305
-66.2733
-66.1149
-66.1113
-66.0849
-66.1324
-66.3441
-66.3002
-66.0485
-66.1387
-66.0077
-66.2924
-66.0901
-66.0901
-66.1382
-66.1458
-66.0256
-66.1462
-66.1787
-66.223
-66.0197
-66.102
-66.0815
-65.9883
-66.1284
-66.2779
-66.2066
-66.08
-65.9346
-66.1986
-66.1442
-66.0508
-66.1546
-66.0826
-66.2959
-66.2571
-66.3349
-66.2007
-66.12
-66.0568
-66.2496
-66.1931
-66.3477
-66.1823
-66.224
-66.2048
-66.2234
-66.217
-66.0682
-66.1057
-66.1129
-66.0198
-66.1078
-65.9127
-66.324
-66.1687
-66.1245
-66.1243
-66.2067
-66.4077
-66.4341
-66.0731
-66.4061
-66.2728
-66.3956
-66.0969
-66.3685
-66.0838
-65.9291
-65.8928
-66.0376
-66.0699
-66.2944
-66.2154
-66.2218
-66.0788
-66.1385
-66.3376
-65.917
-66.1975
-66.2426
-66.3361
-66.054
-66.2413
-66.0966
-66.1492
-66.3078
-66.3856
-66.1367
-66.4597
-65.9154
-66.2043
-66.092
-66.3911
-66.2694
-66.3467
-66.1851
-66.0518
-66.2636
-66.1645
-66.0207
-66.1297
-66.0277
-66.2259
-66.1002
-66.4202
-66.0977
-66.24
-66.1875
-66.0681
-66.1544
-65.8865
-65.9723
-66.2577
-66.1515
-66.0477
-66.2557
-66.049
-66.2306
-66.3757
-66.2499
-66.1659
-66.0332
-66.0467
-66.2018
-66.22
-66.2299
-66.2474
-66.4164
-66.0884
-66.1646
-66.2695
-66.3933
-66.0522
-66.2818
-66.2007
-66.2456
-66.2969
-66.0701
-66.1492
-66.1159
-66.0765
-66.1146
-66.1514
-66.1429
-66.1063
-66.1982
-66.3027
-65.9718
-66.2197
-65.902
-66.1675
-66.1891
-66.0868
-66.2269
-66.0234
-66.2517
-66.186
-66.177
-66.1854
-66.1612
-66.2313
-66.1334
-66.1277
-66.1894
-66.2048
-66.1911
-66.1695
-66.2387
-66.0596
-66.2986
-66.2189
-66.211
-66.2672
-66.338
-66.1552
-65.9538
-65.9846
-66.1138
-66.0454
-66.0891
-66.3594
-66.2471
-66.406
-66.3099
-66.1524
-66.1306
-66.1899
-66.5917
-66.2624
-66.469
-66.3159
-66.2027
-66.2462
-66.1014
-66.2608
-66.189
-66.1801
-65.8635
-66.1666
-66.0982
-66.2519
-66.0555
-66.2292
-66.1879
-66.4563
-66.0255
-66.1263
-66.4057
-66.356
-66.3023
-66.2291
-66.3561
-66.0662
-66.2891
-66.2336
-66.2029
-66.0995
-66.198
-66.0504
-66.46
-66.107
-65.9396
-65.9556
-66.1266
-66.0292
-66.2273
-66.012
-65.8755
-66.1206
-66.1785
-66.2469
-66.0841
-66.1664
-66.2511
-66.3936
-66.1852
-66.0935
-66.043
-66.2927
-66.1931
-66.2957
-66.0792
-66.1905
-66.0124
-66.2184
-66.0159
-66.0079
-66.0362
-65.9313
-66.17
-66.1059
-66.3816
-65.8306
-65.9889
-66.1465
-65.9141
-66.0502
-66.2558
-66.1744
-66.2556
-66.2208
-66.1958
-66.1469
-65.8444
-66.158
-66.2396
-66.0536
-66.2187
-66.3338
-66.3103
-66.4478
-66.2161
-66.2207
-66.0807
-66.3306
-66.2758
-66.232
-66.0418
-66.0538
-66.151
-65.9414
-66.0973
-66.2238
-66.2453
-66.1251
-66.0709
-66.3438
-66.1299
-66.1622
-66.3217
-65.9988
-66.2975
-66.3755
-66.0802
-66.203
-66.1594
-66.1919
-66.1053
-65.0948
-66.0624
-66.132
-66.0111
-66.1005
-66.3832
-66.1304
-66.1247
-66.0828
-66.4427
-66.2866
-66.1536
-66.1389
-66.0616
-66.1683
-66.0882
-66.1489
-66.131
-66.1704
-66.0759
-66.4354
-66.0495
-66.0061
-66.0641
-66.1083
-66.3062
-66.0866
-66.1835
-66.1671
-66.1705
-66.2403
-66.2642
-66.3336
-66.1128
-66.2457
-66.1315
-66.3272
-66.1474
-66.1836
-66.2785
-66.14
-65.9935
-66.2388
-66.0956
-66.1294
-66.2683
-66.3727
-66.2486
-66.3291
-66.0889
-66.1502
-66.3969
-66.2117
-66.0785
-66.0757
-65.8598
-66.3524
-66.0461
-66.0921
-66.1843
-66.1757
-65.9994
-66.1651
-66.2051
-66.2181
-66.2226
-66.2667
-66.076
-66.2552
-66.1294
-66.2403
-66.0695
-65.8865
-66.2085
-66.0537
-66.0297
-66.1469
-66.1735
-66.3148
-66.4207
-66.0925
-66.1961
-66.1408
-66.2141
-66.1422
-66.0489
-66.2917
-66.211
-66.0368
-66.3291
-66.2424
-66.3562
-66.1439
-66.0644
-66.3136
-66.0647
-66.3169
-66.278
-65.9541
-66.3659
-66.432
-65.9597
-66.1801
-66.2507
-66.0419
-66.0923
-66.1474
-66.1283
-66.292
-66.3903
-66.141
-66.256
-66.2386
-66.2475
-66.0448
-66.0514
-66.1993
-66.2186
-66.2779
-66.0286
-66.2145
-65.996
-66.0308
-66.1258
-66.2441
-65.9155
-66.26
-66.0731
-65.9951
-66.2452
-66.134
-66.1924
-66.0051
-66.0861
-66.0929
-66.2687
-65.9774
-66.2565
-66.3006
-66.0579
-66.3734
-66.0992
-66.3111
-65.9484
-66.1329
-66.1344
-66.0541
-66.1743
-66.1005
-66.1037
-66.0028
-66.4156
-66.1663
-65.8884
-66.2153
-66.0775
-66.2287
-66.0794
-66.2023
-65.9915
-65.8165
-66.1222
-66.1582
-66.0736
-66.4499
-66.2778
-66.1115
-66.3905
-66.103
-66.1005
-65.979
-66.0325
-66.1523
-66.1897
-66.2395
-66.1586
-66.3015
-66.0209
-66.1745
-66.2684
-65.9819
-66.106
-66.2276
-66.081
-66.3369
-66.0925
-66.0458
-66.1829
-66.251
-66.0097
-66.1147
-66.1949
-66.062
-66.2871
-66.1066
-66.1418
-66.1633
-66.1141
-66.1068
-66.0683
-66.0087
-66.2415
-66.0579
-66.3444
-65.9983
-65.892
-66.1977
-66.2309
-66.0758
-66.0454
-66.1229
-66.1538
-66.0339
-66.2994
-66.1157
-66.2201
-66.0898
-66.0569
-66.3374
-66.1955
-66.1385
-66.1585
-66.1727
-66.2259
-66.0695
-66.1997
-66.1373
-66.2432
-66.0362
-65.9519
-66.2629
-65.9812
-66.1838
-66.1106
-66.1669
-66.225
-65.9879
-66.0941
-66.1606
-66.0734
-66.1678
-66.0798
-66.1927
-66.2924
-66.1547
-66.4361
-66.1759
-66.3074
-66.155
-65.9515
-66.0126
-66.1303
-66.2987
-66.2544
-66.0103
-66.1659
-66.2
-66.241
-66.2086
-66.0993
-66.1151
-66.0913
-66.1706
-66.0495
-66.2049
-66.13
-66.0728
-66.1633
-66.0551
-66.245
-66.0438
-66.1058
-66.162
-66.0935
-66.3058
-66.1419
-66.2343
-66.0785
-66.3451
-66.0179
-66.3881
-66.2916
-66.1356
-66.2241
-66.1965
-66.0176
-66.2404
-66.3605
-66.0077
-66.1114
-66.4722
-65.8888
-66.3304
-66.0614
-66.194
-66.1072
-66.3431
-66.489
-66.4543
-65.9384
-66.2209
-66.1888
-66.1698
-66.1937
-66.0283
-66.2768
-66.2956
-65.8579
-66.0634
-66.1336
-66.1201
-66.0909
-66.1258
-66.0764
-66.2456
-66.1034
-66.3534
-66.1942
-66.2513
-66.2719
-66.2036
-66.2491
-66.0025
-66.0724
-66.1107
-66.4243
-66.1326
-66.2272
-66.022
-66.1954
-66.2415
-66.068
-66.2081
-65.9501
-66.0448
-66.3297
-66.1741
-66.1442
-66.2985
-66.2335
-66.3092
-66.1198
-65.9033
-66.2776
-66.1259
-66.305
-66.3038
-66.0491
-66.1195
-65.8957
-66.181
-66.1102
-66.0913
-66.1406
-66.3139
-66.1681
-66.2594
-66.136
-66.2642
-66.2207
-66.0889
-66.0679
-66.0923
-66.3945
-66.1343
-66.077
-66.1598
-66.1824
-66.2418
-66.1753
-66.0509
-66.0552
-65.9519
-66.3029
-66.0645
-66.2106
-66.1524
-66.0959
-66.2748
-66.3867
-66.1115
-66.146
-66.2145
-66.0367
-66.4482
-66.1058
-66.2404
-66.1842
-66.2778
-66.2031
-66.0084
-66.1285
-66.202
-66.1552
-66.249
-66.3275
-66.0133
-66.4083
-66.3271
-66.1551
-66.0955
-66.2031
-66.3031
-66.236
-66.2642
-66.2044
-66.0974
-65.9306
-66.2232
-66.2021
-66.1275
-66.0738
-66.1224
-66.3058
-66.3118
-66.2381
-66.2098
-66.1749
-66.3643
-66.1009
-66.3943
-66.146
-66.1718
-66.0109
-66.1812
-66.1259
-66.2657
-66.0452
-66.0612
-66.0032
-66.117
-66.1958
-66.0903
-66.2135
-66.3372
-66.2085
-66.2025
-66.0841
-66.4041
-66.1455
-66.0683
-66.1633
-66.0626
-66.138
-66.2996
-66.0577
-66.1214
-66.448
-66.0176
-66.0916
-66.1837
-66.137
-66.12
-66.3653
-66.2245
-66.1567
-66.1239
-66.0682
-66.2384
-66.2318
-66.1546
-66.3229
-66.1457
-66.0802
-66.1102
-65.9686
-66.215
-66.1432
-66.0951
-66.2777
-66.1964
-66.1201
-66.1439
-66.1432
-66.0861
-66.2755
-66.1648
-66.1245
-66.1817
-66.0395
-66.0019
-65.9926
-66.1059
-66.1936
-66.1898
-65.9595
-66.139
-65.9423
-66.2183
-66.1871
-66.2372
-66.2768
-66.3884
-66.1694
-66.1802
-66.3962
-65.9204
-66.2824
-66.0049
-66.1338
-66.3887
-66.1247
-66.1025
-66.0902
-66.042
-66.1951
-65.9565
-65.9268
-66.154
-66.3207
-66.1581
-66.3109
-65.9981
-65.9491
-66.2314
-66.1346
-66.1094
-66.1578
-66.0774
-66.0816
-66.1993
-66.3241
-66.0814
-66.2788
-66.0397
-65.9269
-66.426
-66.1162
-66.1571
-66.1728
-65.9403
-66.1609
-66.2063
-66.2011
-66.1667
-66.2046
-66.1483
-65.942
-66.2046
-65.9617
-66.1164
-66.0231
-66.0546
-66.2633
-66.188
-66.1728
-66.3352
-66.0043
-66.256
-66.128
-66.1627
-66.0323
-66.1582
-66.2653
-66.0685
-65.9286
-66.1516
-66.2184
-65.8887
-66.2007
-65.9904
-66.018
-66.2206
-66.2433
-66.1915
-66.0675
-66.1424
-66.0336
-66.1682
-66.2184
-66.2682
-66.2065
-66.3
-66.2
-66.2932
-66.0812
-66.1126
-66.234
-66.1863
-66.0636
-66.5035
-66.1664
-65.923
-66.122
-66.2448
-66.0039
-66.1649
-66.133
-65.9303
-66.2488
-66.2379
-66.1907
-65.9083
-66.1741
-66.1551
-66.2758
-66.1103
-66.07
-65.9854
-66.1061
-66.1949
-66.0348
-66.2507
-66.1552
-66.1371
-66.1424
-66.0089
-66.1164
-66.1031
-66.178
-66.2316
-66.1665
-66.2368
-65.9993
-66.0929
-66.0801
-65.9541
-66.0967
-66.3338
-66.0286
-66.3885
-65.9395
-65.9802
-66.1802
-66.181
-66.0833
-66.0698
-66.2703
-66.089
-66.3932
-66.172
-66.3425
-66.1015
-66.1046
-66.2497
-66.0056
-66.0375
-66.0434
-66.3447
-66.1652
-66.109
-66.3634
-66.1602
-66.0899
-66.2093
-66.1493
-66.0327
-66.1649
-66.4428
-65.8565
-66.2553
-66.2408
-66.1553
-66.1268
-66.1359
-66.153
-65.827
-66.0796
-65.9072
-66.1097
-66.2434
-66.0946
-66.0678
-66.0609
-65.9569
-65.7968
-66.0411
-66.0749
-66.1212
-66.2347
-66.283
-66.2431
-66.1247
-66.2358
-65.9714
-66.2278
-66.2813
-66.3632
-65.9692
-66.3008
-66.1486
-66.1357
-65.9437
-66.4699
-66.3362
-66.279
-65.9606
-66.0403
-66.2215
-66.2509
-66.2
-66.0432
-66.0972
-66.0978
-66.0551
-65.8488
-66.1225
-65.8017
-66.2325
-66.2162
-66.043
-66.2733
-66.1146
-66.2154
-66.2973
-66.111
-66.1203
-66.2146
-66.3076
-66.2093
-66.162
-66.1906
-66.1104
-66.1699
-66.1066
-65.887
-66.1932
-66.163
-66.3429
-66.0081
-66.1245
-65.9668
-66.2388
-66.1231
-66.1107
-66.0751
-66.1164
-66.0239
-66.0758
-66.2078
-66.1646
-66.2555
-66.0656
-66.1064
-65.9239
-65.9222
-66.0799
-65.9059
-66.0873
-65.8742
-66.0914
-66.1552
-65.8103
-66.0942
-66.1163
-66.0245
-66.1025
-65.8431
-66.3185
-66.0214
-66.1899
-66.1738
-66.1246
-66.1258
-65.9986
-66.0353
-66.1653
-66.1645
-66.2218
-66.2188
-66.0524
-66.2549
-66.0709
-66.0323
-66.0443
-66.1379
-66.2474
-66.0641
-66.0563
-66.1173
-66.241
-65.9867
-66.2392
-66.1029
-66.0911
-66.1682
-66.3059
-65.8602
-66.2057
-65.8481
-66.1185
-65.8048
-66.1452
-66.2641
-66.1171
-66.1608
-66.1016
-66.1423
-66.2051
-66.1767
-66.1035
-66.1845
-66.1158
-65.9984
-66.4589
-66.024
-66.1851
-66.0971
-66.1389
-66.0164
-66.1824
-65.993
-66.3384
-66.0512
-66.1704
-65.9943
-66.0623
-65.8968
-66.3372
-66.1837
-66.2988
-66.467
-66.0717
-66.1087
-66.2494
-65.9503
-66.0335
-66.0534
-66.3476
-65.5904
-66.1407
-65.9582
-66.0224
-65.8775
-66.0766
-66.2034
-66.0425
-66.0668
-66.2058
-66.0348
-66.109
-66.1966
-66.1426
-66.2157
-66.2494
-66.2344
-66.0085
-66.2648
-66.0161
-66.1369
-66.1548
-66.2256
-65.9923
-66.1427
-66.0464
-66.0799
-66.0167
-66.0265
-66.1649
-66.0542
-65.9808
-65.9978
-65.991
-65.9338
-66.2754
-66.1883
-66.161
-66.2712
-65.7855
-66.2971
-66.1225
-66.2533
-65.9082
-66.1208
-66.3645
-66.1258
-66.2217
-66.1816
-66.0044
-66.1127
-66.2181
-66.1676
-66.0609
-66.0723
-66.0759
-66.1
-66.2043
-66.1786
-66.3423
-66.2771
-65.9404
-66.1654
-66.3624
-66.0552
-66.216
-65.9257
-66.0443
-66.406
-66.0898
-65.9136
-66.0809
-66.2319
-65.921
-66.1891
-65.9417
-66.1311
-66.1071
-66.2346
-65.9876
-66.0329
-66.1385
-66.1589
-66.2199
-66.235
-66.3641
-66.1932
-66.095
-66.2113
-66.2285
-66.0471
-66.0533
-66.0303
-65.8785
-66.1339
-66.2606
-66.1456
-66.0775
-66.0871
-66.0803
-66.1026
-66.2053
-66.1309
-66.1679
-66.25
-66.1
-66.1623
-66.0953
-66.1509
-66.1261
-66.1531
-66.0562
-66.188
-66.0991
-66.3719
-65.9316
-66.1588
-66.1661
-66.169
-66.2998
-65.9998
-65.9895
-66.0324
-66.122
-66.1729
-66.1003
-66.1145
-65.872
-66.1625
-66.2278
-66.2038
-66.2057
-66.0418
-66.4008
-65.9886
-65.9929
-66.1176
-66.1009
-66.0027
-66.1292
-65.9228
-66.1864
-66.5577
-65.938
-66.163
-66.0352
-66.2924
-66.0997
-66.1464
-66.116
-66.1026
-66.2168
-66.2159
-66.0574
-66.0543
-66.0488
-66.1543
-66.0085
-66.1391
-66.1642
-66.1115
-66.0528
-65.9292
-65.8154
-66.1554
-66.0571
-66.2407
-65.9623
-66.1363
-66.2421
-66.0306
-66.286
-66.1504
-66.0824
-66.3835
-66.0892
-66.0802
-66.0798
-66.0386
-66.0598
-66.1778
-66.4
-66.203
-65.979
-65.9771
-66.2109
-65.9559
-66.1037
-66.4586
-66.2679
-66.1393
-65.9988
-65.9626
-66.0118
-66.1932
-66.1447
-65.9946
-66.2234
-66.0508
-65.8489
-66.0201
-65.9833
-66.2168
-66.3908
-66.2404
-66.1087
-66.2952
-66.227
-66.1365
-65.935
-66.0644
-65.9695
-66.1051
-66.1486
-66.1465
-66.2527
-65.9877
-66.2656
-66.1605
-66.1809
-66.195
-65.9067
-66.1567
-66.122
-66.0782
-66.0967
-65.9923
-66.3285
-65.8333
-66.1689
-66.1436
-66.1453
-66.0929
-66.0591
-66.0267
-65.8662
-66.193
-66.1431
-65.9545
-66.1706
-66.2768
-66.2192
-65.897
-66.0078
-66.2897
-66.0276
-66.1036
-66.1752
-66.0204
-66.2828
-66.1115
-66.1143
-65.9551
-65.9277
-66.0964
-66.3901
-65.993
-66.0998
-66.2038
-66.2097
-66.0653
-66.1257
-66.1401
-66.2733
-66.1082
-65.9772
-65.8963
-66.2084
-66.2066
-66.3448
-66.1156
-66.1523
-66.1943
-66.1594
-66.1523
-66.1978
-66.0372
-66.1728
-66.1932
-66.1415
-66.0165
-66.0019
-66.1937
-65.9143
-66.2845
-66.2045
-66.1184
-66.1708
-65.955
-65.9509
-66.2075
-65.9585
-66.2636
-66.0565
-66.1783
-65.9965
-66.0043
-66.0668
-65.861
-66.1131
-65.9611
-66.1376
-66.0282
-66.1146
-66.1866
-66.0856
-66.2446
-66.0306
-66.2236
-66.1623
-66.0563
-66.1617
-66.1117
-66.0315
-66.0481
-66.1185
-66.125
-66.2622
-66.1874
-66.3055
-66.1377
-66.1692
-66.1185
-66.054
-66.0751
-66.1749
-65.9642
-66.1656
-66.0723
-66.056
-66.1875
-66.0607
-65.9955
-66.1347
-66.0447
-66.0262
-65.996
-66.0822
-66.0801
-66.0868
-66.0685
-66.1479
-66.0885
-66.1274
-66.0786
-66.0258
-65.9226
-66.1539
-66.0614
-65.8867
-66.1041
-66.0205
-66.0971
-66.1355
-66.1488
-66.1025
-66.2255
-66.0753
-66.103
-66.1607
-66.0998
-66.1271
-65.9843
-65.8191
-66.0378
-66.1074
-66.0152
-66.0964
-65.8498
-66.0775
-66.0804
-66.3476
-66.0224
-66.0247
-66.1721
-66.0583
-66.2353
-66.0585
-65.8558
-65.9778
-66.0195
-66.1925
-66.2157
-66.0937
-65.9132
-66.1335
-66.001
-66.0903
-66.0771
-66.2032
-66.1315
-66.1075
-66.0397
-66.1447
-65.8752
-65.8956
-65.9626
-65.8686
-66.2751
-66.1062
-65.9896
-66.1058
-66.0053
-66.1185
-66.1591
-66.1632
-66.052
-66.1681
-66.1135
-66.2584
-65.8786
-66.2868
-66.0876
-66.1895
-66.16
-65.9554
-66.1963
-66.0133
-66.0496
-65.9533
-66.022
-66.1498
-66.0503
-65.9849
-65.964
-66.0663
-66.2076
-66.0107
-65.975
-66.1119
-66.2507
-66.0049
-66.0954
-66.0866
-66.3279
-66.01
-65.951
-66.1914
-65.9035
-65.8626
-66.3213
-66.2071
-65.9847
-66.1409
-66.0647
-66.0938
-65.8761
-66.0152
-66.1103
-66.0707
-65.9586
-65.9558
-65.9046
-66.2333
-66.1632
-66.2481
-66.043
-66.0123
-66.1775
-66.1988
-65.9428
-66.0358
-66.1829
-65.8414
-65.9596
-66.1378
-65.9115
-66.124
-65.9149
-65.8718
-66.2905
-66.1655
-65.9525
-65.9984
-66.2242
-65.9815
-66.0471
-66.0746
-66.0344
-66.0879
-65.989
-65.8664
-66.1383
-66.0198
-66.069
-66.2636
-65.7698
-66.0709
-66.0259
-66.246
-66.261
-66.2077
-65.9356
-66.1289
-65.689
-65.8632
-65.8847
-66.1275
-66.2252
-66.0991
-66.0824
-66.17
-66.0704
-65.9911
-65.9538
-66.3526
-66.055
-66.0632
-66.3165
-65.9739
-66.1034
-66.2815
-65.8394
-65.8603
-66.1789
-66.0894
-65.9901
-66.3073
-65.9706
-65.9373
-65.9912
-66.1065
-65.9104
-65.9745
-66.0136
-66.2775
-65.9544
-65.9777
-65.9425
-66.2244
-66.1787
-66.2812
-66.1023
-66.0235
-65.886
-66.0425
-66.1942
-66.0258
-66.0005
-66.0557
-66.1235
-66.0253
-66.1576
-66.2148
-66.1621
-66.1587
-66.2994
-65.8358
-66.118
-66.0774
-65.9591
-65.9224
-66.0951
-66.0114
-66.2698
-66.2169
-65.9521
-65.9914
-66.0386
-66.1427
-66.2034
-66.0689
-66.0619
-65.9975
-66.03
-66.2032
-66.0858
-65.9165
-66.0009
-65.8966
-65.9992
-66.0478
-66.0071
-66.0764
-65.8878
-66.0735
-66.0618
-66.02
-66.0426
-65.8248
-66.114
-66.2333
-65.9941
-66.0858
-66.0971
-66.15
-65.9165
-66.0424
-66.1547
-65.8914
-66.0965
-66.0818
-65.8865
-66.0153
-66.0418
-65.9709
-66.0962
-66.2509
-66.0857
-66.2496
-66.1873
-66.0741
-65.9502
-65.9904
-65.8265
-65.8229
-66.0135
-66.0438
-65.9002
-66.1083
-65.9718
-66.1823
-66.0181
-66.3231
-65.9859
-65.907
-66.1146
-65.8113
-65.8598
-65.8684
-65.8845
-65.9578
-66.3655
-66.0874
-65.9685
-66.0526
-66.064
-66.0568
-65.7884
-66.0386
-65.9122
-66.093
-66.0574
-66.1106
-66.1836
-66.3669
-65.8834
-65.9842
-66.0304
-66.1762
-66.0841
-66.106
-66.0462
-66.2892
-66.0099
-65.7754
-66.0306
-65.8548
-65.8775
-66.0779
-66.0971
-65.9404
-66.066
-65.8105
-66.0621
-65.9191
-65.964
-66.1422
-66.2238
-65.8991
-66.2893
-66.024
-66.0846
-65.8551
-66.1277
-65.9354
-66.0872
-66.2732
-65.7617
-65.8595
-66.1533
-65.9914
-65.9149
-66.1128
-65.9871
-65.9893
-66.0277
-66.1518
-65.8304
-65.9521
-66.1869
-65.9884
-65.8611
-65.993
-66.1883
-66.0496
-66.3134
-66.1418
-66.031
-65.8544
-66.1904
-65.7033
-66.2188
-66.012
-65.8018
-65.8335
-66.3721
-66.0319
-65.9106
-66.0127
-65.8952
-66.1781
-66.1392
-66.1944
-66.1307
-66.0534
-65.8938
-66.0745
-66.1727
-65.8127
-65.8937
-66.147
-66.0269
-66.0083
-66.1103
-66.1167
-65.9174
-65.9281
-66.0464
-65.9158
-66.0669
-66.0368
-66.125
-65.9351
-65.6952
-65.8822
-66.1201
-66.1065
-65.9559
-66.0533
-66.1162
-66.1414
-65.8566
-65.9555
-66.0797
-66.1487
-66.0898
-65.8412
-66.056
-65.9276
-66.003
-66.0376
-66.1044
-66.1274
-66.1057
-66.2444
-66.1146
-66.1295
-65.9077
-66.0291
-65.9054
-66.1176
-65.9052
-65.9068
-66.0074
-65.6633
-66.1308
-66.1263
-66.0944
-66.0275
-66.1406
-66.2585
-66.2599
-65.989
-65.8959
-66.0278
-65.9148
-65.774
-66.3625
-65.9954
-65.9903
-66.13
-65.8736
-65.8541
-66.0088
-65.8154
-65.8844
-66.2291
-65.9582
-65.8698
-66.0805
-65.9831
-65.9787
-65.9564
-66.0619
-66.0132
-66.1222
-66.2387
-65.9688
-66.0974
-65.8899
-66.1495
-65.9701
-66.1559
-66.0914
-66.0717
-66.1551
-65.7908
-65.9619
-65.9255
-66.0177
-66.0388
-65.9572
-66.0276
-65.881
-66.0021
-66.0928
-66.1031
-66.1672
-66.0465
-65.7638
-66.3191
-65.8752
-66.2884
-66.0817
-65.9462
-66.0115
-66.1757
-66.0424
-66.0185
-66.0486
-66.0744
-65.9085
-65.9296
-66.0417
-65.9588
-65.9688
-65.9054
-66.4065
-65.9049
-65.8703
-65.8729
-65.8845
-66.1235
-66.0412
-66.2689
-66.2897
-66.0553
-65.8557
-66.1133
-66.0249
-66.0592
-65.9119
-66.0143
-65.9255
-65.979
-66.2655
-66.1225
-66.0338
-65.9753
-66.1076
-66.0453
-65.9409
-65.9314
-65.8474
-66.0145
-65.8197
-65.9188
-65.9629
-66.0256
-66.238
-66.0514
-66.0507
-66.11
-65.9281
-66.0135
-66.0397
-66.1974
-66.1938
-66.1162
-66.1912
-65.8144
-65.9508
-65.989
-66.2209
-65.8199
-66.0744
-65.9096
-66.0456
-66.2002
-65.954
-66.0113
-65.8533
-66.0647
-66.1215
-66.1372
-66.1627
-66.4648
-65.8935
-65.9861
-66.0225
-65.9957
-65.9605
-65.9757
-65.9672
-66.0782
-66.0938
-65.9512
-66.2454
-65.6216
-65.8804
-66.0938
-66.263
-66.1172
-66.0199
-65.8466
-66.0304
-66.1878
-65.9757
-66.1224
-65.8941
-65.89
-65.8957
-66.1044
-66.0432
-65.9125
-65.8813
-66.1184
-66.0741
-65.9494
-66.105
-66.022
-66.0975
-66.0916
-65.898
-66.0711
-65.7971
-66.0352
-66.1185
-66.0391
-65.9228
-66.0261
-65.7246
-66.1041
-65.9603
-66.0582
-66.1983
-66.2211
-66.2695
-66.3022
-65.934
-65.8732
-65.9878
-66.1331
-65.7342
-66.1367
-65.9457
-66.0462
-65.8685
-66.2201
-65.9871
-65.969
-66.0625
-65.9798
-66.0813
-66.0014
-66.1429
-65.9484
-65.978
-65.9442
-66.1457
-65.9952
-65.9993
-66.0909
-66.029
-65.9867
-65.8528
-65.8772
-66.0617
-66.0259
-66.0406
-66.1769
-66.2012
-66.0251
-66.0437
-66.1251
-65.9417
-66.07
-65.9472
-66.0546
-65.7984
-66.14
-65.9426
-66.1458
-65.9535
-65.9625
-66.1056
-66.0825
-65.7004
-66.2604
-66.1021
-66.017
-66.1648
-65.9837
-65.9658
-65.8359
-66.0933
-65.841
-65.7784
-65.9276
-66.1644
-66.1022
-66.0586
-65.9738
-65.9407
-65.9619
-65.9536
-65.8167
-65.9511
-66.0656
-66.0797
-66.1695
-65.9403
-66.2159
-65.8078
-65.9931
-66.1203
-66.134
-66.1368
-66.0023
-66.0882
-66.0339
-66.1455
-66.1719
-65.9549
-65.96
-65.8747
-65.9581
-65.8852
-66.0029
-66.1508
-65.9135
-66.0005
-66.0159
-66.009
-66.118
-66.0551
-66.0311
-65.89
-65.8958
-65.9739
-65.9149
-66.0577
-65.99
-65.7764
-66.0365
-66.148
-66.1231
-65.8749
-65.8339
-66.1633
-66.2832
-66.0789
-65.959
-65.9056
-65.9413
-65.815
-65.9415
-66.1888
-65.8109
-66.0404
-65.9908
-65.8265
-65.8277
-66.0229
-66.0044
-65.8865
-66.069
-66.0748
-66.0032
-66.0254
-66.0452
-66.09
-66.2343
-66.1342
-66.0111
-65.9819
-66.2569
-65.9195
-66.0149
-66.1144
-66.0932
-66.0602
-65.882
-66.2465
-66.1746
-66.0744
-65.9353
-65.9249
-66.103
-66.1803
-65.9023
-66.1248
-65.9338
-65.868
-66.1011
-66.0365
-65.9832
-65.9165
-66.2408
-66.1255
-66.1003
-65.8922
-65.8964
-66.0545
-66.0845
-66.0304
-65.9264
-66.0314
-66.0498
-65.9352
-65.8232
-65.9445
-66.0818
-65.929
-65.9137
-66.0613
-66.0665
-66.2389
-65.9407
-66.0492
-65.9286
-65.9281
-66.1262
-65.8028
-66.0022
-65.9749
-66.0417
-65.8408
-65.9223
-65.8583
-65.9737
-66.1011
-65.7794
-65.75
-65.9174
-65.8155
-66.0675
-66.0014
-65.8525
-66.0815
-66.2648
-66.0569
-66.0245
-66.0196
-65.744
-66.0947
-65.9505
-66.0129
-66.023
-65.9904
-66.0009
-66.0314
-65.9852
-65.9941
-66.1075
-66.2936
-65.9614
-66.1545
-65.9608
-65.8994
-66.0006
-66.1781
-66.0891
-65.8958
-65.8244
-66.0356
-65.9937
-66.051
-65.9869
-65.9858
-65.9741
-66.181
-65.9213
-65.9523
-65.9909
-66.0023
-65.7707
-66.0585
-66.0883
-66.0047
-65.7965
-65.8485
-66.0517
-65.888
-65.8079
-65.9016
-65.9946
-65.995
-65.9651
-65.9211
-65.8936
-66.1125
-66.106
-65.9975
-66.0567
-66.1352
-65.9811
-66.0029
-66.0616
-65.9931
-65.9339
-66.0801
-65.9933
-65.8499
-65.944
-66.1117
-65.9886
-66.0182
-66.0491
-66.1596
-65.9669
-66.1993
-66.0062
-66.0813
-66.1087
-65.9974
-65.888
-66.0977
-66.1796
-66.038
-65.9533
-66.0161
-65.811
-65.9027
-66.1044
-66.0313
-66.0364
-65.6524
-65.8633
-65.9011
-65.9182
-65.9855
-65.9553
-65.977
-66.068
-65.9989
-65.8548
-66.0895
-65.9619
-65.6888
-65.9853
-66.022
-66.022
-65.9218
-65.9617
-66.15
-65.9356
-66.0063
-65.8835
-65.9933
-65.8683
-65.9977
-66.0838
-65.9323
-65.6393
-66.0723
-65.9192
-66.0942
-65.8265
-66.1157
-65.9927
-65.8408
-66.0638
-65.9108
-66.0047
-65.8596
-66.0533
-66.0515
-65.9017
-66.0796
-66.1906
-66.0857
-66.1889
-66.1487
-65.9666
-65.9275
-66.1198
-66.0057
-65.9673
-66.3057
-65.9353
-66.1322
-66.1091
-66.0007
-65.9011
-66.0674
-65.9127
-65.65
-65.9164
-66.1059
-65.9163
-66.0843
-66.1752
-66.0437
-66.0644
-66.0157
-65.9512
-65.9122
-66.0618
-65.9265
-66.2103
-65.8215
-65.779
-65.8802
-66.1691
-66.0594
-66.2266
-65.8874
-66.0005
-65.8812
-65.9753
-65.9432
-66.0628
-65.7347
-65.712
-65.8378
-65.8483
-66.0671
-65.8597
-66.2532
-66.1216
-65.9656
-65.8917
-66.0096
-66.0387
-66.0033
-65.8841
-66.0575
-65.9119
-66.1646
-66.0423
-65.9348
-65.9982
-65.8294
-66.2421
-65.8785
-66.0654
-66.0756
-66.0183
-66.0023
-65.959
-66.1954
-66.1
-65.9488
-65.9839
-65.9685
-65.9034
-66.0145
-66.0086
-66.0248
-65.9674
-65.9812
-65.792
-65.9092
-65.8362
-65.7682
-65.9515
-66.2723
-65.8405
-65.9744
-66.1185
-65.8556
-66.0313
-65.8822
-65.9317
-66.1028
-65.9867
-66.0677
-66.0656
-65.9354
-66.05
-65.9823
-66.0995
-65.8715
-65.9262
-66.2345
-65.723
-65.959
-65.9648
-65.845
-65.9854
-66.0386
-66.1742
-65.9664
-65.7825
-66.1319
-66.2462
-65.8473
-66.0747
-65.8702
-65.8977
-65.9328
-65.9397
-66.0185
-66.1608
-66.0876
-65.8256
-66.0261
-66.2026
-66.1309
-66.0798
-66.2186
-66.133
-66.0869
-65.9811
-66.063
-66.108
-66.0306
-65.9954
-66.1561
-66.0358
-65.9881
-66.2208
-66.1701
-65.9581
-66.0765
-66.2048
-66.1058
-65.9926
-66.322
-65.9695
-65.9131
-65.8548
-65.9079
-65.8995
-66.2452
-65.8943
-66.1919
-65.8924
-66.0215
-65.9972
-66.0383
-66.0771
-65.9367
-65.9957
-65.8933
-66.0247
-66.0667
-66.0107
-65.8939
-66.0249
-65.9067
-65.9339
-65.6233
-66.2331
-65.8253
-65.9544
-65.9677
-66.1652
-65.7789
-65.9447
-65.8727
-66.1262
-65.9869
-66.0019
-66.1614
-65.9649
-66.035
-65.9619
-65.9322
-65.8313
-66.0268
-66.1257
-65.8815
-66.1234
-66.0355
-66.3821
-65.8467
-66.1366
-65.8113
-66.0793
-65.8537
-66.0143
-66.412
-66.0134
-65.8878
-65.9877
-66.0273
-66.0582
-65.9275
-65.8748
-66.0642
-65.9669
-66.0748
-66.0141
-65.9396
-66.0661
-65.8391
-65.9029
-66.037
-66.0785
-65.9516
-66.0041
-66.1976
-66.0265
-65.7772
-66.0601
-66.0617
-66.1526
-65.8107
-65.9107
-66.0137
-65.9632
-66.0508
-65.9987
-66.067
-66.102
-66.0329
-65.7714
-66.0299
-66.1411
-66.1476
-66.2488
-65.9436
-66.077
-66.0396
-66.079
-66.1177
-65.8067
-66.013
-65.9244
-66.1744
-66.2835
-65.9797
-66.0782
-66.0153
-66.1091
-66.2125
-66.2207
-66.004
-66.1688
-65.9069
-66.0015
-66.0023
-66.0803
-66.0759
-66.2312
-66.1545
-65.811
-65.8793
-66.1455
-65.9675
-66.1689
-65.965
-66.0698
-65.9189
-65.8463
-66.0773
-66.1737
-66.0104
-65.9433
-66.0378
-65.903
-65.9403
-65.9654
-65.9092
-65.8776
-65.9359
-65.9627
-65.8446
-65.9964
-65.8959
-65.8549
-65.9248
-65.7135
-66.2385
-65.894
-65.9111
-66.3852
-66.1581
-66.0735
-66.013
-66.0559
-65.841
-66.1434
-66.0788
-65.9667
-66.0803
-66.0139
-66.0072
-65.9886
-66.1104
-66.154
-65.9952
-66.0196
-65.9912
-65.9311
-65.7678
-66.0718
-65.8596
-66.1021
-66.1682
-65.9873
-65.7946
-65.9888
-65.8391
-65.8527
-66.1218
-65.9798
-65.8334
-66.0147
-66.2168
-65.9045
-65.8058
-65.9124
-66.0516
-65.8136
-66.0874
-65.9649
-65.8001
-66.079
-66.2494
-66.0676
-66.0516
-66.0417
-66.0094
-65.8588
-66.0566
-66.0093
-65.9475
-66.1759
-66.0436
-66.0679
-65.8031
-66.172
-66.0935
-66.0576
-66.1781
-65.9597
-65.9851
-66.0124
-66.1725
-66.013
-66.1799
-65.9721
-65.9681
-65.8292
-65.8537
-65.8783
-65.8776
-66.0145
-66.0102
-66.0896
-65.9842
-66.3382
-65.9791
-66.0471
-65.9677
-65.8837
-66.0044
-66.16
-66.0248
-65.9587
-66.08
-65.9741
-65.742
-66.103
-66.0282
-66.0036
-66.1011
-66.0028
-66.0467
-65.9733
-66.0084
-65.8192
-66.0539
-65.7735
-65.8935
-65.8503
-65.9527
-65.7895
-66.0316
-65.8745
-66.037
-65.9146
-66.1863
-66.0766
-66.1445
-66.1379
-65.9905
-65.9243
-65.8744
-66.0556
-65.8849
-66.014
-66.109
-66.1102
-65.9798
-65.795
-65.8932
-66.0586
-65.9166
-66.0677
-65.8518
-66.113
-66.269
-65.9704
-65.6588
-66.1846
-66.2455
-66.0646
-66.3082
-65.8698
-66.1941
-65.9285
-65.9748
-66.0844
-66.0744
-65.9815
-66.0943
-65.9879
-65.9508
-65.991
-66.0482
-66.0525
-66.1852
-66.3054
-65.9295
-66.0321
-66.1992
-65.9607
-66.1074
-66.0116
-66.1204
-65.9136
-66.0053
-65.9354
-65.9649
-65.838
-66.0123
-66.1125
-66.3487
-66.1897
-66.1448
-66.0896
-65.7712
-66.0169
-66.026
-65.9243
-66.0326
-66.3767
-66.0581
-66.0989
-66.1785
-65.9297
-66.2207
-65.8516
-66.2158
-65.9178
-65.8538
-66.1529
-66.388
-66.131
-66.2224
-65.9184
-65.8111
-66.0017
-65.9388
-65.9537
-65.7283
-66.2606
-66.0267
-66.0151
-65.8612
-66.0449
-65.9162
-65.9507
-66.05
-65.7568
-66.0874
-66.0056
-66.0984
-65.9431
-66.1113
-66.0148
-66.0605
-66.0084
-65.7022
-65.8327
-65.962
-66.093
-65.8295
-66.1385
-65.9677
-66.0275
-66.0351
-66.035
-66.0156
-65.8574
-66.1348
-66.1478
-66.0479
-66.214
-66.0112
-65.8328
-66.004
-65.974
-66.1572
-66.136
-66.0035
-66.0072
-66.2057
-66.1535
-65.9995
-65.946
-65.9714
-65.9521
-66.0366
-66.0813
-65.9881
-65.9213
-66.1584
-66.1842
-66.1805
-65.9213
-66.0236
-66.1664
-66.0016
-66.0374
-66.0112
-65.9166
-66.0457
-65.9872
-66.1302
-66.1016
-66.0195
-65.9626
-65.9861
-66.1345
-66.2035
-66.1586
-65.8733
-65.9118
-66.1247
-66.1938
-66.0476
-66.0846
-65.9409
-66.1642
-66.0483
-66.0052
-65.9633
-65.8272
-66.1251
-65.8619
-66.1029
-66.0373
-66.0578
-65.7376
-65.9584
-65.9833
-66.004
-65.9239
-66.032
-66.087
-66.1585
-66.1111
-65.8483
-65.9836
-65.8901
-66.1158
-66.1128
-65.892
-66.112
-65.9693
-66.0242
-66.2052
-66.1617
-65.8594
-66.0581
-65.8957
-66.1666
-65.9978
-66.0222
-66.0798
-65.8869
-65.9284
-66.0131
-66.2187
-66.0635
-65.8302
-65.7807
-66.1876
-66.0951
-66.0342
-66.1642
-66.5301
-66.1139
-66.006
-66.1365
-66.0995
-66.0598
-66.1065
-65.9047
-66.1094
-66.2294
-66.173
-65.9179
-66.0012
-66.1808
-66.3327
-65.9074
-65.8338
-66.0214
-65.9214
-66.1843
-66.1507
-66.1139
-65.9227
-66.1378
-66.1682
-66.2222
-66.2447
-66.3417
-65.9308
-65.8301
-66.1627
-65.9354
-66.0155
-66.1018
-65.8399
-66.1798
-65.8949
-66.196
-65.8605
-66.109
-66.1324
-66.1176
-65.7749
-65.7281
-66.0609
-66.0194
-65.9986
-65.954
-66.1033
-66.2377
-65.9474
-65.9636
-66.1131
-66.0965
-65.8995
-65.9938
-65.9288
-66.1388
-65.9923
-66.0508
-65.9605
-65.9993
-65.987
-65.9359
-66.1709
-66.0274
-66.0371
-66.1894
-65.9601
-66.1429
-66.0097
-66.1029
-65.8841
-66.0416
-66.0734
-65.9584
-66.0868
-65.8821
-66.1689
-66.2194
-66.2942
-65.9857
-66.0364
-66.17
-66.2289
-66.05
-65.9523
-66.1609
-66.0551
-66.0518
-66.0232
-65.9888
-66.0818
-66.1411
-65.8727
-66.3113
-65.9607
-66.1202
-66.0554
-66.1129
-65.9745
-65.943
-66.0445
-66.1793
-66.2103
-66.1446
-65.8679
-66.1982
-66.093
-66.1172
-66.074
-65.9587
-66.1075
-66.0278
-65.9702
-66.1552
-65.8622
-66.1483
-66.1028
-65.7085
-66.1104
-66.0135
-66.1104
-66.1741
-65.9448
-65.8676
-66.1905
-66.0859
-66.027
-66.2817
-65.8434
-66.0071
-66.1477
-66.1192
-66.1177
-66.0346
-66.0696
-66.2232
-66.0943
-66.1905
-65.9606
-65.8919
-65.9899
-66.25
-65.8449
-65.9245
-65.981
-66.1632
-66.0905
-66.0451
-66.2149
-66.3355
-66.026
-66.1709
-65.8607
-66.2715
-65.9234
-66.1952
-66.1179
-65.8617
-66.0542
-65.7505
-66.1197
-66.2772
-66.1004
-66.169
-66.1603
-66.1167
-65.9857
-66.0421
-66.3907
-66.1137
-66.288
-66.2061
-66.0399
-65.9764
-66.1926
-66.0038
-66.1393
-66.0534
-65.9222
-66.0996
-66.1458
-66.0232
-65.9354
-65.8922
-66.0729
-66.1557
-66.0996
-66.1113
-65.972
-66.0895
-65.8262
-66.305
-66.1735
-66.4306
-66.061
-66.0201
-66.0056
-66.295
-66.0311
-66.3595
-66.0065
-66.1937
-66.2011
-66.0041
-66.2321
-66.2077
-66.0955
-66.0984
-66.0465
-66.0423
-66.1807
-66.023
-66.3205
-66.1053
-66.0739
-65.8291
-66.1689
-66.0914
-66.0596
-66.001
-65.9232
-66.0657
-66.2659
-66.1038
-66.1956
-66.3118
-65.8775
-66.1954
-65.9332
-65.9137
-66.2227
-66.1973
-66.1853
-66.2661
-66.0299
-66.0592
-66.306
-66.171
-65.9955
-66.099
-66.0697
-66.1825
-66.2507
-66.1179
-65.8645
-66.0741
-65.9624
-66.1205
-66.0677
-65.8462
-66.2506
-66.1517
-65.9727
-66.2676
-66.2124
-66.2868
-66.159
-66.1486
-65.9098
-66.1148
-65.9704
-66.1566
-65.9181
-65.9202
-66.295
-66.0556
-65.9278
-65.9014
-66.0557
-65.9167
-65.9748
-65.883
-65.8725
-66.0847
-66.13
-66.1372
-65.9566
-66.1405
-65.9288
-66.0492
-66.1728
-66.0517
-66.0475
-65.9022
-66.0576
-66.0316
-66.2644
-66.1035
-65.9978
-66.339
-65.8303
-65.8932
-66.0883
-66.1941
-65.8124
-66.1207
-66.2639
-66.3596
-66.102
-66.1334
-66.196
-65.8785
-65.9598
-66.2422
-66.0041
-66.0083
-66.3428
-65.9565
-66.0838
-66.2283
-66.3072
-66.0335
-66.1722
-66.1046
-66.0705
-65.8424
-66.3053
-66.1077
-66.128
-66.2188
-65.9793
-66.0216
-66.0274
-66.0438
-66.2278
-66.0924
-66.0517
-65.9691
-66.0016
-66.1813
-66.226
-66.2886
-66.2342
-66.0923
-65.9848
-66.1769
-65.9311
-66.3659
-66.1746
-66.2178
-65.9829
-65.9606
-66.13
-66.2668
-66.0176
-66.3571
-66.07
-66.0665
-66.0772
-65.9157
-66.2955
-65.9993
-66.0094
-66.1609
-66.2157
-66.0882
-66.2998
-65.9182
-66.1472
-66.1495
-66.0618
-66.0725
-66.1479
-66.0221
-66.0478
-66.2817
-66.1077
-66.1301
-66.3061
-66.3035
-66.001
-66.1534
-66.0248
-66.1865
-66.0516
-66.1122
-66.2334
-66.1323
-65.9943
-66.2902
-66.1707
-65.9359
-65.9793
-66.1942
-66.1322
-65.998
-66.0892
-65.9837
-65.8268
-66.1181
-65.9863
-66.3777
-66.1028
-66.0132
-65.887
-66.1175
-66.0627
-66.0869
-66.0174
-66.1751
-65.9118
-66.1532
-66.1211
-66.3025
-66.326
-66.1598
-65.8879
-66.1151
-66.2159
-66.1824
-66.1825
-66.3152
-66.1773
-66.0938
-66.0731
-65.9453
-66.1785
-66.106
-66.1472
-66.1406
-66.0163
-66.4372
-66.0882
-66.0562
-66.5375
-66.1968
-66.0374
-66.1476
-66.1779
-66.2583
-65.9648
-66.0466
-66.2318
-66.1584
-66.1246
-66.2677
-66.1552
-66.1129
-66.0657
-66.0758
-66.0267
-66.1583
-66.2025
-65.9515
-66.0676
-65.9501
-66.1769
-66.1764
-66.1403
-65.9755
-66.2318
-65.7974
-66.1679
-65.9289
-66.2914
-66.1757
-66.1564
-66.2188
-66.1899
-66.0143
-66.0553
-66.3032
-66.4328
-66.001
-66.42
-66.1976
-66.1932
-66.2317
-66.1207
-66.127
-66.0714
-66.3371
-66.1179
-66.1272
-65.9693
-66.1497
-66.2939
-66.0362
-66.0971
-66.1336
-66.085
-66.0103
-66.1253
-66.121
-66.1425
-66.1704
-66.0802
-66.1214
-66.1268
-66.2221
-66.1603
-66.0877
-66.0988
-66.0991
-66.1649
-66.1897
-66.1296
-66.1778
-66.0061
-66.0824
-66.4387
-66.0221
-66.2071
-66.1847
-66.2004
-66.2637
-66.2075
-66.061
-66.0156
-66.113
-66.0907
-66.192
-66.269
-66.148
-66.2221
-66.3119
-66.2786
-66.2423
-65.8644
-66.3055
-66.003
-66.2502
-66.072
-66.0474
-66.0516
-65.9314
-65.9739
-66.1793
-66.1586
-66.2223
-65.8984
-66.3226
-66.1336
-66.2065
-66.3103
-66.186
-66.2181
-65.9947
-66.4298
-65.9955
-65.9181
-66.1216
-66.0454
-66.0066
-65.9875
-65.9769
-65.9502
-66.1537
-65.8407
-66.1458
-66.1734
-66.1792
-66.0959
-66.2261
-66.1682
-66.1907
-66.244
-65.9894
-66.1194
-66.0965
-66.1465
-66.1383
-66.2367
-66.1428
-66.1266
-66.2014
-66.2176
-66.3257
-66.0066
-66.2079
-66.2015
-66.2079
-66.1375
-66.1343
-65.9513
-66.3918
-66.1323
-66.303
-66.3163
-66.3261
-66.1098
-66.1901
-66.2493
-66.3613
-65.9037
-66.3072
-66.11
-66.2402
-66.237
-66.3647
-66.3401
-66.1376
-66.248
-66.1069
-66.2277
-66.1096
-66.1259
-66.1839
-66.3236
-66.1922
-66.0651
-66.0585
-66.2793
-66.1717
-66.3293
-66.2895
-66.1348
-66.0594
-66.311
-65.9978
-66.485
-66.1056
-66.3421
-66.0734
-66.1266
-65.972
-66.1143
-66.1971
-66.403
-65.9363
-66.0632
-66.2028
-66.3083
-66.0481
-66.2727
-66.2746
-66.2731
-65.8973
-66.0256
-66.047
-66.2938
-66.1174
-66.2347
-66.0333
-66.065
-66.2184
-66.1132
-66.1442
-66.2281
-66.2185
-66.1957
-66.58
-66.1931
-66.1245
-66.2914
-66.4312
-66.2664
-66.2688
-66.2956
-66.2903
-66.0399
-66.2751
-66.3097
-66.2427
-66.1696
-65.9166
-66.1784
-66.0315
-66.3022
-66.1215
-66.1565
-66.0512
-66.3523
-66.1689
-66.2349
-66.1531
-66.2705
-66.4041
-66.2288
-66.2208
-66.4078
-66.1666
-66.0839
-66.3794
-66.1159
-66.023
-66.2399
-66.0944
-66.1373
-66.2251
-65.8498
-66.0746
-66.1585
-66.2179
-66.309
-66.2816
-66.3161
-66.2791
-66.3481
-66.1956
-66.2601
-65.9648
-65.9532
-66.1963
-66.2369
-65.9934
-66.2112
-66.1853
-66.202
-65.9716
-66.1905
-66.324
-66.2192
-66.2957
-66.3106
-66.1417
-66.2626
-66.217
-66.3984
-66.1607
-66.127
-65.9686
-66.0515
-66.1717
-66.3367
-66.2332
-66.2075
-66.376
-66.2099
-66.2787
-66.3144
-66.2423
-66.3672
-66.2428
-66.0861
-66.3425
-66.2385
-66.1185
-66.2022
-66.232
-66.2819
-66.0632
-66.2949
-66.0633
-66.3136
-66.2427
-66.1919
-65.9541
-66.3201
-66.3806
-66.3309
-66.1987
-66.035
-66.1332
-66.0929
-66.3097
-66.1839
-66.2928
-66.1575
-66.414
-66.0876
-66.1993
-66.2398
-66.2428
-66.0386
-66.2688
-66.3588
-66.0915
-66.4295
-66.1994
-66.191
-66.2479
-66.1901
-66.0444
-66.2921
-66.2156
-66.2702
-66.2341
-66.1884
-66.1843
-66.4169
-66.2778
-65.946
-65.1
-66.2197
-66.3866
-66.1795
-66.4341
-66.18
-66.3293
-66.0488
-66.2183
-66.1586
-66.1668
-66.3578
-66.4335
-66.1666
-66.1729
-66.2159
-66.0018
-65.9681
-66.2321
-66.0983
-66.4669
-66.2438
-66.1046
-66.2435
-66.0967
-66.08
-66.3826
-66.2329
-66.2336
-66.1526
-66.3478
-66.2632
-66.2604
-66.273
-66.2883
-66.2185
-66.3705
-66.0906
-66.348
-66.2863
-66.2184
-66.1799
-66.441
-66.3882
-66.1927
-66.3047
-66.1115
-66.3982
-66.442
-66.2479
-66.351
-66.3839
-66.1862
-66.1737
-66.3305
-66.5321
-66.1898
-66.3566
-66.5034
-66.3445
-66.6334
-66.277
-66.2349
-66.0865
-66.1117
-66.2998
-66.2956
-66.4342
-66.3155
-66.4244
-66.1839
-66.5209
-66.1617
-66.3199
-66.0437
-66.0818
-66.354
-66.1486
-66.0341
-66.4195
-66.2616
-66.292
-66.1006
-66.3269
-66.217
-65.9616
-66.1703
-66.0662
-66.4399
-66.3107
-66.1113
-66.1612
-66.3462
-66.2418
-66.2072
-66.128
-66.1319
-66.2025
-66.2776
-66.1398
-66.2235
-66.515
-66.0263
-66.1126
-66.2204
-66.3933
-65.9712
-66.3146
-66.3737
-66.2806
-66.3968
-66.4033
-66.4429
-66.127
-66.2228
-66.2374
-66.2095
-66.2778
-66.3001
-66.3247
-66.1841
-66.1705
-66.1179
-66.2497
-66.3727
-66.3761
-66.3566
-66.1436
-66.021
-66.2159
-66.2733
-66.2326
-66.3257
-66.1268
-66.3077
-66.2921
-66.231
-66.297
-66.4486
-66.1605
-66.2288
-66.2076
-66.1148
-66.0372
-66.2494
-66.1375
-66.2566
-66.2877
-66.0385
-66.274
-66.2507
-66.1795
-66.2927
-66.0875
-66.4109
-66.1244
-66.3925
-66.1586
-66.4479
-66.5348
-66.2216
-66.5657
-66.3724
-66.4623
-66.2934
-66.2154
-66.1689
-66.3376
-66.0668
-66.2747
-66.3729
-66.0811
-66.3738
-66.4141
-66.184
-66.4352
-66.4134
-66.2891
-66.2127
-66.43
-66.0835
-66.1377
-66.15
-66.4833
-66.2824
-66.4375
-66.3885
-66.0983
-66.3576
-66.4382
-66.3143
-66.4299
-66.2599
-66.1816
-66.1352
-66.343
-66.2829
-66.5378
-66.1853
-66.4983
-66.42
-66.3267
-66.2128
-66.2947
-66.0369
-66.2032
-66.1558
-66.268
-66.2612
-66.109
-66.3004
-66.454
-66.4008
-66.1938
-66.142
-66.3802
-66.6442
-66.3332
-66.4888
-66.251
-66.3356
-66.2923
-66.2556
-66.5823
-66.1758
-65.9721
-66.3721
-66.2624
-66.53
-66.508
-66.2089
-66.3456
-66.5761
-66.3208
-66.2082
-66.3138
-66.0946
-66.2298
-66.6497
-66.5436
-66.189
-66.288
-66.4455
-66.3276
-66.1654
-66.4481
-66.2076
-66.252
-66.2644
-66.391
-66.2837
-66.1026
-66.1721
-66.2398
-66.1311
-66.2955
-66.4085
-66.3863
-66.2726
-66.4094
-66.2616
-66.3332
-66.2376
-66.4939
-66.2371
-66.2793
-66.5575
-66.4117
-66.296
-66.3649
-66.2082
-66.1835
-66.2182
-66.137
-66.3337
-66.5362
-66.2286
-66.4235
-66.1438
-66.3038
-66.1146
-66.334
-66.3158
-66.364
-66.4349
-66.2582
-66.3612
-66.3838
-66.1244
-66.5053
-66.4144
-66.0608
-66.2684
-66.2358
-66.1779
-66.3106
-66.1937
-66.1691
-66.3687
-66.3419
-66.4473
-66.1759
-66.1295
-66.083
-66.4256
-66.362
-66.4787
-66.1023
-66.2635
-66.378
-66.1002
-65.9764
-66.2441
-66.4007
-66.2721
-66.2624
-66.1951
-66.3
-66.1782
-66.2993
-66.2288
-66.3723
-66.247
-66.3102
-66.3712
-66.3243
-66.1765
-66.2761
-66.359
-66.1657
-66.263
-66.2797
-66.2901
-66.304
-66.4181
-66.3154
-66.5803
-66.3252
-66.5848
-66.246
-66.1683
-66.2504
-66.0826
-66.2784
-66.511
-66.2905
-66.1843
-66.2649
-66.3962
-66.2478
-66.2142
-66.3956
-65.9092
-66.3496
-66.3433
-66.4308
-66.4999
-66.2728
-66.5468
-66.3255
-66.3569
-66.3521
-66.3708
-66.1744
-66.2188
-66.4223
-66.4438
-66.0841
-66.4614
-66.2952
-66.4775
-66.2083
-66.4195
-66.1642
-66.219
-66.2993
-66.3008
-66.5638
-66.3668
-66.386
-66.2289
-66.2777
-66.1126
-66.365
-66.3805
-66.5094
-66.5079
-66.0386
-66.3819
-66.2801
-66.4333
-66.2011
-66.3786
-66.3409
-66.4773
-66.6302
-66.3217
-66.3788
-66.4318
-66.4388
-66.034
-66.1678
-66.4067
-66.3377
-66.3336
-66.3431
-66.0802
-66.0406
-66.515
-66.1727
-66.3879
-66.3076
-66.5888
-66.4192
-66.1591
-66.0619
-66.4059
-66.467
-66.2796
-66.5024
-66.5074
-66.286
-66.6423
-66.2935
-66.2545
-66.5212
-66.2637
-66.2543
-66.3758
-66.3704
-66.3896
-66.3687
-66.3984
-66.2289
-66.306
-66.3319
-66.3066
-66.0711
-66.2974
-66.3512
-66.507
-66.3835
-66.388
-66.5371
-66.1527
-66.2566
-66.2506
-66.3548
-66.3703
-66.2822
-66.2378
-66.4222
-66.3803
-66.1282
-66.4681
-66.3111
-66.3446
-66.3319
-66.2257
-66.3637
-66.6017
-66.5481
-66.3824
-66.3338
-66.2414
-66.3729
-66.1114
-66.1778
-66.5337
-66.3628
-66.4752
-66.1291
-66.0814
-66.3448
-66.064
-66.2626
-66.4309
-66.2577
-66.3171
-66.3297
-66.4404
-66.1774
-66.3887
-66.6465
-66.1286
-66.4981
-66.4112
-66.2488
-66.4351
-66.4972
-66.4997
-66.3492
-66.2209
-66.4211
-66.2833
-66.0709
-66.5137
-66.2456
-66.4862
-66.3018
-66.1823
-66.3943
-66.457
-66.1191
-66.5541
-66.3196
-66.5283
-66.3613
-66.4228
-66.3158
-66.1997
-66.4622
-66.3746
-66.4972
-66.5002
-66.3114
-66.3355
-66.3049
-66.1079
-66.3607
-66.0888
-66.3984
-66.4568
-66.4513
-66.3914
-66.4226
-66.3233
-66.3603
-66.3935
-66.3847
-66.316
-66.4867
-66.5089
-66.6305
-66.3949
-66.45
-66.4671
-66.4692
-66.4409
-66.2579
-66.3909
-66.4661
-66.4084
-66.4216
-66.6999
-66.4489
-66.2861
-66.3543
-66.3857
-66.4458
-66.3736
-66.2668
-66.2446
-66.2231
-66.6869
-66.4977
-66.3452
-66.3251
-66.4411
-66.3769
-66.3472
-66.4219
-66.3339
-66.4644
-66.391
-66.5497
-66.2
-66.2791
-66.2472
-66.3418
-66.4229
-66.4148
-66.2606
-66.0583
-66.4225
-66.4617
-66.3784
-66.4026
-66.6535
-66.4659
-66.4746
-66.1248
-66.3261
-66.2983
-66.5665
-66.2698
-66.3186
-66.4443
-66.5581
-66.4329
-66.3064
-66.3039
-66.544
-66.2461
-66.2911
-66.3293
-66.341
-66.3856
-66.4922
-66.3403
-66.4436
-66.2981
-66.6186
-66.6211
-66.2961
-66.3448
-66.4482
-66.414
-66.3782
-66.3035
-66.5001
-66.4389
-66.4104
-66.297
-65.5715
-66.5736
-66.2975
-66.3655
-66.3195
-66.3942
-66.4894
-66.2797
-66.463
-66.5063
-66.3039
-66.5787
-66.386
-66.4567
-66.3884
-66.2985
-66.372
-66.6129
-66.5794
-66.3893
-66.3446
-66.0375
-66.4338
-66.4295
-66.5042
-66.4256
-66.7053
-66.4046
-66.3832
-66.3241
-66.3384
-66.3537
-66.5623
-66.3263
-66.491
-66.4585
-66.4507
-66.1631
-66.3636
-66.3567
-66.2676
-66.376
-66.3466
-66.2374
-66.5416
-66.5152
-66.4958
-66.3804
-66.4802
-66.3886
-66.3917
-66.2309
-66.3717
-66.4594
-66.2482
-66.2343
-66.5332
-66.453
-66.4279
-66.5581
-66.3352
-66.3504
-66.5556
-66.3687
-66.5082
-66.5639
-66.1826
-66.3645
-66.4121
-66.6627
-66.3985
-66.6631
-66.1343
-66.382
-66.2888
-66.4526
-66.6337
-66.3624
-66.19
-66.6296
-66.2847
-66.5035
-66.2995
-66.383
-66.3194
-66.4236
-66.4691
-66.4843
-66.4345
-66.4776
-66.3628
-66.3627
-66.525
-66.4084
-66.3856
-66.524
-66.3653
-66.3371
-66.292
-66.2061
-66.4852
-66.4982
-66.5458
-66.2942
-66.5368
-66.3783
-66.3047
-66.505
-66.386
-66.5328
-66.454
-66.2991
-66.4687
-66.2827
-66.2995
-66.4828
-66.448
-66.3547
-66.4072
-66.3806
-66.406
-66.4197
-66.3735
-66.5299
-66.4608
-66.3922
-66.6248
-66.3909
-66.4943
-66.5028
-66.4668
-66.4026
-66.5297
-66.2893
-66.3762
-66.6458
-66.0992
-66.5122
-66.263
-66.4566
-66.4822
-66.4174
-66.3974
-66.7975
-66.502
-66.5882
-66.257
-66.1361
-66.3655
-66.5483
-66.3873
-66.3163
-66.3797
-66.6426
-66.4821
-66.3283
-66.4878
-66.4993
-66.5152
-66.427
-66.5211
-66.3678
-66.5723
-66.286
-66.5165
-66.4579
-66.266
-66.4522
-66.4926
-66.4082
-66.4905
-66.5684
-66.5121
-66.4013
-66.3052
-66.2142
-66.3861
-66.4572
-66.4321
-66.6118
-66.4705
-66.4348
-66.4085
-66.2457
-66.2428
-66.3578
-66.5394
-66.2014
-66.4407
-66.5607
-66.3746
-66.3981
-66.4686
-66.518
-66.2775
-66.4139
-66.445
-66.5974
-66.4381
-66.4193
-66.3916
-66.2763
-66.4422
-66.5642
-66.5631
-66.3908
-66.349
-66.6079
-66.5537
-66.2273
-66.6921
-66.3009
-66.5007
-66.4946
-66.4065
-66.5114
-66.333
-66.5315
-66.4237
-66.3939
-66.5068
-66.6474
-66.4596
-66.4504
-66.2974
-66.703
-66.2253
-66.4639
-66.4274
-66.4465
-66.6327
-66.4629
-66.5979
-66.4067
-66.441
-66.4651
-66.538
-66.4733
-66.3487
-66.5153
-66.5881
-66.7078
-66.5479
-66.4043
-66.5859
-66.3881
-66.3928
-66.4523
-66.3708
-66.4096
-66.4954
-66.5158
-66.584
-66.3464
-66.3594
-66.4556
-66.4132
-66.3093
-66.4031
-66.3995
-66.4141
-66.4478
-66.4204
-66.6558
-66.2059
-66.3571
-66.5039
-66.4431
-66.6892
-66.3259
-66.5078
-66.5148
-66.5327
-66.5304
-66.4443
-66.5823
-66.4001
-66.2435
-66.3114
-66.3675
-66.2859
-66.2877
-66.577
-66.5086
-66.6795
-66.3858
-66.5481
-66.3226
-66.3327
-66.2775
-66.4353
-66.5143
-66.363
-66.5683
-66.4991
-66.353
-66.3729
-66.539
-66.3855
-66.6908
-66.4832
-66.4184
-66.4896
-66.2697
-66.4171
-66.5678
-66.525
-66.3781
-66.5757
-66.3803
-66.8006
-66.4582
-66.3847
-66.4524
-66.3698
-66.3781
-66.5532
-66.5893
-66.2981
-66.7772
-66.5449
-66.4942
-66.4498
-66.5883
-66.4686
-66.5262
-66.4468
-66.3824
-66.2542
-66.3589
-66.6441
-66.5283
-66.4123
-66.4516
-66.3952
-66.5046
-66.4429
-66.3358
-66.4401
-66.6024
-66.3085
-66.5452
-66.4864
-66.6135
-66.3004
-66.5919
-66.5321
-66.6345
-66.5582
-66.3393
-66.4501
-66.4451
-66.6086
-66.392
-66.4919
-66.371
-66.6677
-66.6742
-66.6036
-66.5724
-66.392
-66.3962
-66.5719
-66.4032
-66.4229
-66.466
-66.2959
-66.4937
-66.6028
-66.4184
-66.4493
-66.2309
-66.3606
-66.647
-66.5106
-66.2961
-66.5676
-66.3327
-66.4686
-66.3098
-66.4494
-66.5322
-66.4686
-66.52
-66.21
-66.4434
-66.4722
-66.6653
-66.4392
-66.6031
-66.4191
-66.5212
-66.355
-66.3595
-66.5315
-66.5288
-66.4697
-66.5465
-66.6113
-66.2878
-66.5909
-66.5234
-66.5694
-66.4393
-66.3662
-66.2614
-66.5001
-66.4056
-66.5011
-66.3286
-66.5876
-66.5299
-66.3564
-66.4508
-66.4971
-66.5921
-66.4708
-66.5011
-66.6636
-66.4178
-66.432
-66.4426
-66.3361
-66.6428
-66.528
-66.5354
-66.5131
-66.7559
-66.4513
-66.6862
-66.5164
-66.4671
-66.662
-66.5773
-66.5731
-66.5363
-66.4756
-66.3263
-66.3101
-66.6409
-66.3952
-66.3944
-66.485
-66.3586
-66.2911
-66.4735
-66.4508
-66.6778
-66.5614
-66.4297
-66.8246
-66.4214
-66.5129
-66.5176
-66.45
-66.4103
-66.3695
-66.4502
-66.3968
-66.8403
-66.5806
-66.5274
-66.3886
-66.4562
-66.4884
-66.7046
-66.3587
-66.7211
-66.638
-66.3589
-66.5601
-66.6696
-66.4911
-66.483
-66.4294
-66.2137
-66.4629
-66.4512
-66.6262
-66.676
-66.5816
-66.5121
-66.5212
-66.4977
-66.5612
-66.2437
-66.6049
-66.657
-66.5532
-66.3736
-66.6225
-66.3283
-66.5954
-66.587
-66.6425
-66.473
-66.525
-66.6134
-66.4488
-66.5811
-66.4907
-66.4904
-66.5429
-66.5355
-66.4838
-66.7766
-66.3802
-66.2492
-66.6988
-66.4605
-66.3014
-66.4082
-66.3752
-66.5761
-66.4558
-66.4154
-66.514
-66.4743
-66.5623
-66.6081
-66.5921
-66.5734
-66.6004
-66.6214
-66.4523
-66.7026
-66.4084
-66.4808
-66.645
-66.5863
-66.472
-66.6523
-66.5325
-66.5376
-66.5684
-66.4402
-66.4033
-66.6035
-66.6209
-66.5543
-66.4224
-66.5582
-66.7393
-66.621
-66.5574
-66.6888
-66.5366
-66.5143
-66.7503
-66.5756
-66.4996
-66.3708
-66.5507
-66.5215
-66.5106
-66.6465
-66.4916
-66.5638
-66.6982
-66.2785
-66.4785
-66.4934
-66.4859
-66.5683
-66.6208
-66.4497
-66.5635
-66.4768
-66.4339
-66.7031
-66.4798
-66.406
-66.4692
-66.4695
-66.562
-66.2504
-66.6699
-66.686
-66.6596
-66.6277
-66.7083
-66.5166
-66.6717
-66.4831
-66.5907
-66.5971
-66.7022
-66.6814
-66.578
-66.3516
-66.4398
-66.5732
-66.4272
-66.3176
-66.5526
-66.4363
-66.6167
-66.5158
-66.4773
-66.6155
-66.4072
-66.4406
-66.5884
-66.4883
-66.412
-66.68
-66.5089
-66.488
-66.4403
-66.4635
-66.6228
-66.3614
-66.4101
-66.5174
-66.4715
-66.5195
-66.52
-66.514
-66.4575
-66.3207
-66.5522
-66.5239
-66.4508
-66.5631
-66.6095
-66.6485
-66.5746
-66.4187
-66.5307
-66.5354
-66.544
-66.4589
-66.5201
-66.5638
-66.5801
-66.5061
-66.5131
-66.5263
-66.544
-66.4682
-66.3808
-66.4344
-66.4513
-66.5452
-66.6018
-66.6389
-66.62
-66.5556
-66.638
-66.5267
-66.5139
-66.6333
-66.6515
-66.792
-66.3823
-66.3567
-66.3434
-66.4468
-66.5806
-66.3921
-66.4219
-66.39
-66.5276
-66.5649
-66.4317
-66.4317
-66.4691
-66.674
-66.5809
-66.6323
-66.7517
-66.5921
-66.4655
-66.654
-66.6734
-66.6733
-66.4254
-66.5504
-66.6173
-66.555
-66.5785
-66.5063
-66.747
-66.5167
-66.765
-66.7588
-66.34
-66.558
-66.7172
-66.5676
-66.7287
-66.7079
-66.8213
-66.5179
-66.4751
-66.4835
-66.804
-66.5115
-66.4598
-66.5467
-66.4241
-66.7194
-66.5801
-66.3307
-66.5013
-66.466
-66.5764
-66.7241
-66.6189
-66.5925
-66.7585
-66.4907
-66.5355
-66.7322
-66.6471
-66.5734
-66.4469
-66.5746
-66.5146
-66.6824
-66.4077
-66.4571
-66.4002
-66.6888
-66.5986
-66.5876
-66.4525
-66.7025
-66.4901
-66.5302
-66.5724
-66.406
-66.5471
-66.7913
-66.4288
-66.7184
-66.416
-66.5225
-66.5011
-66.3248
-66.7468
-66.6993
-66.7056
-66.5189
-66.5751
-66.534
-66.4486
-66.4913
-66.7023
-66.6356
-66.8134
-66.7891
-66.2941
-66.4745
-66.3095
-66.7951
-66.3907
-66.552
-66.4643
-66.593
-66.5622
-66.6961
-66.4817
-66.6439
-66.5927
-66.489
-66.7199
-66.593
-66.5992
-66.3016
-66.4935
-66.5788
-66.4406
-66.7662
-66.5027
-66.9136
-66.6983
-66.4015
-66.7569
-66.7323
-66.4445
-66.4563
-66.4475
-66.6098
-66.4843
-66.329
-66.6206
-66.6052
-66.5848
-66.513
-66.4612
-66.6668
-66.3225
-66.7616
-66.647
-66.4786
-66.7917
-66.3542
-66.4892
-66.5716
-66.4986
-66.4301
-66.4423
-66.3975
-66.52
-66.3816
-66.5045
-66.6263
-66.6249
-66.3815
-66.485
-66.3967
-66.5619
-66.6074
-66.4684
-66.3521
-66.5051
-66.5704
-66.4244
-65.2695
-66.3962
-66.4643
-66.5859
-66.5969
-66.3892
-66.6364
-66.4148
-66.5137
-66.5533
-66.4985
-66.8836
-66.5547
-66.5897
-66.6089
-66.7711
-66.44
-66.3325
-66.7653
-66.625
-66.5095
-66.5542
-66.6451
-66.6193
-66.5267
-66.5268
-66.5457
-66.6033
-66.6228
-66.4542
-66.3457
-66.5295
-66.4983
-66.5068
-66.5765
-66.532
-66.6185
-66.6695
-66.4318
-66.5646
-66.6439
-66.8318
-66.5284
-66.4897
-66.7217
-66.6634
-66.68
-66.4121
-66.4469
-66.59
-66.5729
-66.5929
-66.7333
-66.1421
-66.7598
-66.5419
-66.6497
-66.6848
-66.7458
-66.2145
-66.5291
-66.5416
-66.6455
-66.8408
-66.6064
-66.6846
-66.6251
-66.604
-66.5458
-66.5563
-66.6161
-66.4748
-66.6527
-66.6016
-66.5789
-66.6389
-66.4872
-66.6284
-66.4889
-66.4717
-66.4842
-66.8184
-66.4945
-66.6379
-66.4876
-66.6679
-66.7217
-66.6603
-66.5169
-66.589
-66.476
-66.517
-66.5867
-66.2857
-66.6235
-66.5598
-66.7132
-66.8212
-66.581
-66.5381
-66.5015
-66.6789
-66.6388
-66.4925
-66.5161
-66.5898
-66.5158
-66.4494
-66.6561
-66.576
-66.5918
-66.6351
-66.4776
-66.6237
-66.4909
-66.7352
-66.4477
-66.4793
-66.4976
-66.416
-66.6253
-66.7151
-66.3964
-66.6955
-66.5334
-66.4249
-66.5726
-66.6847
-66.5995
-66.6121
-66.8385
-66.5596
-66.5103
-66.5853
-66.3227
-66.4793
-66.7886
-66.6893
-66.6924
-66.6731
-66.778
-66.5341
-66.6649
-66.5218
-66.8021
-66.7842
-66.6887
-66.5545
-66.4846
-66.7092
-66.7374
-66.6072
-66.4148
-66.5465
-66.5843
-66.7509
-66.5494
-66.488
-66.7524
-66.6152
-66.6469
-66.6471
-66.4066
-66.5768
-66.5669
-66.6885
-66.5267
-66.6153
-66.3171
-66.4143
-66.8391
-66.7519
-66.4807
-66.6226
-66.4783
-66.7289
-66.5229
-66.6994
-66.5167
-66.5538
-66.5891
-66.5161
-66.4708
-66.6336
-66.618
-66.5631
-66.5616
-66.4861
-66.829
-66.5728
-66.3116
-66.4705
-66.6527
-66.6388
-66.4253
-66.8811
-66.6771
-66.5393
-66.573
-66.5809
-66.5854
-66.4731
-66.4284
-66.5689
-66.38
-66.3261
-66.5055
-66.5523
-66.3775
-66.723
-66.5887
-66.6065
-66.6443
-66.5197
-66.8045
-66.5025
-66.6174
-66.6282
-66.6337
-66.4854
-66.5807
-66.564
-66.5435
-66.5639
-66.2908
-66.7941
-66.5961
-66.4928
-66.4821
-66.6558
-66.7657
-66.6822
-66.5206
-66.5291
-66.5569
-66.6462
-66.3206
-66.6832
-66.6321
-66.5324
-66.5349
-66.4525
-66.478
-66.4718
-66.6312
-66.7715
-66.6884
-66.4275
-66.5886
-66.5336
-66.3527
-66.5663
-66.7478
-66.606
-66.5231
-66.5493
-66.6576
-66.4094
-66.6793
-66.6919
-66.6157
-66.6049
-66.8793
-66.6932
-66.4389
-66.476
-66.628
-66.5112
-66.8505
-66.7217
-66.5121
-66.4059
-66.5633
-66.6772
-66.6239
-66.5905
-66.4905
-66.6158
-66.5836
-66.4359
-66.5203
-66.4442
-66.5813
-66.5615
-66.6004
-66.2449
-66.4104
-66.5579
-66.5579
-66.5832
-66.8317
-66.4037
-66.575
-66.4722
-66.5678
-66.5072
-66.4884
-66.5153
-66.5462
-66.5923
-66.5151
-66.487
-66.4242
-66.6365
-66.5677
-66.8239
-66.704
-66.5647
-66.3855
-66.3877
-66.4975
-66.2873
-66.5857
-66.6288
-66.6288
-66.6963
-66.4606
-66.7355
-66.5273
-66.4194
-66.4443
-66.8604
-66.4683
-66.5785
-66.5679
-66.792
-66.6158
-66.3216
-66.6655
-66.6379
-66.7386
-66.4954
-66.421
-66.5929
-66.7002
-66.6779
-66.6308
-66.6537
-66.4548
-66.5897
-66.5688
-66.5235
-66.5607
-66.3722
-66.5944
-66.631
-66.47
-66.9369
-66.717
-66.5375
-66.5379
-66.5053
-66.6067
-66.5659
-66.5631
-66.6493
-66.6391
-66.7178
-66.6167
-66.6249
-66.4905
-66.5067
-66.5104
-66.4579
-66.6154
-66.5237
-66.508
-66.5542
-66.8121
-66.6744
-66.5869
-66.3811
-66.5165
-66.6145
-66.5702
-66.6815
-66.4173
-66.6601
-66.7016
-66.61
-66.7195
-66.4863
-66.4499
-66.6553
-66.3785
-66.4998
-66.6094
-66.4973
-66.6506
-66.3334
-66.7173
-66.6904
-66.4939
-66.4966
-66.7514
-66.57
-66.6246
-66.6994
-66.4786
-66.6164
-66.7516
-66.5521
-66.428
-66.5303
-66.7421
-66.7211
-66.6625
-66.4867
-66.5316
-66.7264
-66.5255
-66.5133
-66.5541
-66.6355
-66.5981
-66.5535
-66.4533
-66.3032
-66.6573
-66.5825
-66.6382
-66.5089
-66.6865
-66.728
-66.7024
-66.5837
-66.2633
-66.7728
-66.4999
-66.5547
-66.3039
-66.8075
-66.6788
-66.5702
-66.6694
-66.7312
-66.4848
-66.5401
-66.6873
-66.6396
-66.3563
-66.564
-66.4501
-66.6792
-66.4345
-66.6978
-66.5039
-66.582
-66.6069
-66.4994
-66.5925
-66.6576
-66.6052
-66.8913
-66.7238
-66.4108
-66.3678
-66.3454
-66.5095
-66.7471
-66.6798
-66.7391
-66.6606
-66.9087
-66.5704
-66.5872
-66.7882
-66.5606
-66.7233
-66.4171
-66.5241
-66.6872
-66.5605
-66.3991
-66.7242
-66.5792
-66.4867
-66.5934
-66.6486
-66.406
-66.6949
-66.6079
-66.3771
-66.6832
-66.4952
-66.5824
-66.4491
-66.5248
-66.5968
-66.6009
-66.5444
-66.502
-66.8405
-66.6836
-66.6194
-66.8552
-66.3298
-66.6115
-66.5898
-66.6091
-66.6517
-66.5304
-66.6495
-66.5277
-66.5307
-66.5117
-66.6497
-66.6139
-66.4061
-66.3241
-66.4902
-66.433
-66.5228
-66.573
-66.5335
-66.4303
-66.7535
-66.5281
-66.6039
-66.7615
-66.6282
-66.6124
-66.6574
-66.6747
-66.6922
-66.4142
-66.6516
-66.7271
-66.3788
-66.5585
-66.5154
-66.7548
-66.5601
-66.6444
-66.6222
-66.6293
-66.5367
-66.3791
-66.4646
-66.4353
-66.4821
-66.713
-66.7303
-66.5528
-66.5373
-66.5564
-66.5058
-66.3871
-66.441
-66.5978
-66.4697
-66.5961
-66.3849
-66.5424
-66.5482
-66.5878
-66.5292
-66.4929
-66.6728
-66.5602
-66.5636
-66.6599
-66.6186
-66.4967
-66.498
-66.4592
-66.5786
-66.458
-66.5592
-66.5368
-66.3825
-66.6418
-66.3213
-66.6102
-66.6557
-66.4348
-66.3395
-66.6783
-66.6476
-66.6336
-66.6049
-66.4652
-66.53
-66.6019
-66.5126
-66.6931
-66.4789
-66.655
-66.7188
-66.6661
-66.3095
-66.6509
-66.5293
-66.6372
-66.6339
-66.4844
-66.6062
-66.4742
-66.6543
-66.4774
-66.6786
-66.5899
-66.5449
-66.4949
-66.7443
-66.6077
-66.6228
-66.6123
-66.713
-66.6822
-66.5611
-66.7404
-66.4975
-66.6385
-66.4813
-66.3823
-66.6249
-66.5979
-66.5704
-66.6962
-66.6229
-66.3826
-66.4615
-66.5008
-66.4277
-66.6255
-66.4521
-66.6589
-66.6203
-66.5247
-66.5099
-66.6027
-66.9297
-66.7181
-66.413
-66.7548
-66.541
-66.7229
-66.5847
-66.6312
-66.4815
-66.6575
-66.4635
-66.3655
-66.4896
-66.5528
-66.3115
-66.6765
-66.4513
-66.7391
-66.4377
-66.5045
-66.4655
-66.4271
-66.4333
-66.5701
-66.7013
-66.529
-66.6053
-66.6198
-66.5169
-66.6007
-66.6639
-66.3809
-66.3737
-66.3455
-66.7792
-66.598
-66.5177
-66.6172
-66.5555
-66.394
-66.5496
-66.5097
-66.6543
-66.7047
-66.6245
-66.6064
-66.6281
-66.4737
-66.5208
-66.4246
-66.5975
-66.5625
-66.3909
-66.3902
-66.6178
-66.816
-66.6537
-66.7142
-66.6585
-66.6021
-66.6176
-66.5356
-66.373
-66.5179
-66.4162
-66.4508
-66.6551
-66.4466
-66.7016
-66.4796
-66.7291
-66.5478
-66.541
-66.5395
-66.5606
-66.573
-66.1736
-66.4478
-66.273
-66.5516
-66.5447
-66.629
-66.5848
-66.4699
-66.6078
-66.5104
-66.6536
-66.5803
-66.5472
-66.6273
-66.5249
-66.8633
-66.5304
-66.6377
-66.4674
-66.8774
-66.3787
-66.6302
-66.7994
-66.6173
-66.7393
-66.566
-66.5276
-66.32
-66.3165
-66.4538
-66.6645
-66.486
-66.762
-66.2491
-66.7036
-66.463
-66.4634
-66.5593
-66.5051
-66.6605
-66.3212
-66.4894
-66.3125
-66.3668
-66.5828
-66.6819
-66.3266
-66.7518
-66.331
-66.5036
-66.6135
-66.6172
-66.3937
-66.5493
-66.4002
-66.7153
-66.6569
-66.5717
-66.6465
-66.7437
-66.3431
-66.7357
-66.6485
-66.4955
-66.6123
-66.4773
-66.6186
-66.5069
-66.7046
-66.7707
-66.8291
-66.6603
-66.6374
-66.78
-66.8068
-66.6362
-66.7344
-66.6085
-66.5912
-66.7777
-66.4711
-66.5448
-66.398
-66.571
-66.3463
-66.4096
-66.6141
-66.571
-66.6212
-66.5309
-66.5479
-66.4734
-66.5043
-66.6244
-66.7989
-66.5207
-66.3535
-66.4935
-66.6057
-66.5299
-66.6409
-66.3842
-66.633
-66.7536
-66.5475
-66.6896
-66.5753
-66.7229
-66.7856
-66.4859
-66.5116
-66.6328
-66.4357
-66.6852
-66.6904
-66.6673
-66.3848
-66.3745
-66.4883
-66.3647
-66.5949
-66.5175
-66.6591
-66.6592
-66.6306
-66.5785
-66.4149
-66.5335
-66.4127
-66.6013
-66.8124
-66.5888
-66.3907
-66.4605
-66.509
-66.4383
-66.3848
-66.6871
-66.6283
-66.5097
-66.5509
-66.6039
-66.3631
-66.4666
-66.5414
-66.331
-66.6006
-66.5882
-66.6799
-66.829
-66.6267
-66.6605
-66.3772
-66.6574
-66.444
-66.5709
-66.7252
-66.3874
-66.481
-66.506
-66.3587
-66.2285
-66.5374
-66.6509
-66.4937
-66.3969
-66.6027
-66.5336
-66.675
-66.7074
-66.5542
-66.4647
-66.6721
-66.6542
-66.6743
-66.5042
-66.5457
-66.6132
-66.4817
-66.4923
-66.4719
-66.5811
-66.5189
-66.5208
-66.6845
-66.4556
-66.6153
-66.5496
-66.672
-66.6934
-66.48
-66.6017
-66.2709
-66.5829
-66.5007
-66.5333
-66.6544
-66.4504
-66.7389
-66.5002
-66.3373
-66.5385
-66.5184
-66.6281
-66.4243
-66.4507
-66.612
-66.3424
-66.5387
-66.205
-66.5843
-66.4599
-66.4168
-66.7018
-66.7131
-66.3084
-66.4656
-66.3464
-66.4653
-66.5913
-66.6039
-66.6565
-66.5008
-66.5688
-66.5682
-66.6026
-66.4732
-66.2407
-66.7527
-66.3817
-66.3789
-66.4037
-66.5345
-66.7207
-66.577
-66.5474
-66.5031
-66.213
-66.488
-66.3211
-66.5768
-66.5195
-66.6296
-66.6264
-66.5244
-66.711
-66.4645
-66.4931
-66.6776
-66.6508
-66.7525
-66.6691
-66.55
-66.576
-66.3587
-66.2999
-66.63
-66.4414
-66.3368
-66.6354
-66.6652
-66.3261
-66.4654
-66.5217
-66.3908
-66.5054
-66.5295
-66.5439
-66.5501
-66.561
-66.4517
-66.4975
-66.4914
-66.5064
-66.5255
-66.3681
-66.5215
-66.3696
-66.7953
-66.496
-66.5297
-66.483
-66.4538
-66.4463
-66.3996
-66.7086
-66.5527
-66.4238
-66.4405
-66.6969
-66.5909
-66.5242
-66.4573
-66.5715
-66.2686
-66.4511
-66.621
-66.4243
-66.5967
-66.5181
-66.5701
-66.4011
-66.4928
-66.5453
-66.5444
-66.5514
-66.5173
-66.4451
-66.4803
-66.2392
-66.3951
-66.6147
-66.4602
-66.441
-66.3014
-66.3712
-66.4445
-66.4833
-66.4353
-66.3883
-66.5638
-66.8647
-66.5549
-66.606
-66.5497
-66.6117
-66.5116
-66.465
-66.5049
-66.2335
-66.586
-66.5862
-66.5768
-66.3974
-66.381
-66.352
-66.5863
-66.644
-66.555
-66.7021
-66.5058
-66.658
-66.4129
-66.6403
-66.3556
-66.4096
-66.3273
-66.525
-66.5773
-66.4419
-66.4984
-66.1875
-66.2506
-66.3801
-66.7712
-66.536
-66.5132
-66.4288
-66.5308
-66.3835
-66.4993
-66.5201
-66.2064
-66.586
-66.5097
-66.3592
-66.4375
-66.6702
-66.495
-66.2993
-66.339
-66.6144
-66.4703
-66.7209
-66.5771
-66.6353
-66.5796
-66.3875
-66.19
-66.605
-66.3968
-66.3916
-66.521
-66.6733
-66.3705
-66.6456
-66.4822
-66.3723
-66.6876
-66.4885
-66.3669
-66.338
-66.7408
-66.5135
-66.416
-66.5776
-66.4371
-66.3727
-66.5519
-66.6007
-66.5882
-66.3983
-66.3456
-66.5548
-66.5461
-66.4031
-66.7708
-66.6349
-66.7894
-66.4656
-66.6317
-66.7146
-66.6144
-66.6361
-66.4966
-66.661
-66.5108
-66.765
-66.4487
-66.4613
-66.5563
-66.4471
-66.3234
-66.5094
-66.5102
-66.5004
-66.512
-66.5125
-66.5664
-66.4416
-66.593
-66.5391
-66.4498
-66.3817
-66.4296
-66.4046
-66.3945
-66.632
-66.3699
-66.5909
-66.432
-66.5152
-66.6226
-66.3802
-66.5615
-66.6657
-66.4959
-66.6154
-66.3923
-66.4561
-66.5323
-66.544
-66.4175
-66.3982
-66.369
-66.4087
-66.5324
-66.6233
-66.558
-66.4703
-66.4111
-66.6393
-66.5268
-66.4484
-66.4786
-66.5374
-66.3702
-66.6203
-66.5856
-66.6308
-66.3002
-66.5239
-66.6797
-66.4593
-66.5754
-66.3037
-66.4763
-66.4073
-66.4655
-66.5101
-66.4935
-66.3692
-66.3623
-66.3652
-66.4805
-66.2402
-66.3587
-66.4383
-66.6993
-66.5627
-66.3612
-66.6103
-66.6101
-66.504
-66.3083
-66.5324
-66.4772
-66.6206
-66.455
-66.7019
-66.6271
-66.7516
-66.4314
-66.6323
-66.6399
-66.5681
-66.4726
-66.4784
-66.4461
-66.6939
-66.5401
-66.5558
-66.2569
-66.4261
-66.4773
-66.281
-66.6387
-66.5426
-66.3291
-66.3843
-66.5121
-66.2727
-65.6233
-66.3575
-66.215
-66.5652
-66.3106
-66.5038
-66.5193
-66.4568
-66.4549
-66.3606
-66.7203
-66.421
-66.4595
-66.6723
-66.5433
-66.4688
-66.5377
-66.5274
-66.354
-66.3187
-66.5997
-66.516
-66.5596
-66.3419
-66.6919
-66.4159
-66.5009
-66.3304
-66.5285
-66.5627
-66.3385
-66.5551
-66.4248
-66.097
-66.424
-66.577
-66.5284
-66.4926
-66.5468
-66.3907
-66.5978
-66.5364
-66.545
-66.6536
-66.5606
-66.5191
-66.361
-66.2882
-66.542
-66.5976
-66.6864
-66.4928
-66.2694
-66.5953
-66.2038
-66.3411
-66.3318
-66.4387
-66.6875
-66.456
-66.5353
-66.4172
-66.6594
-66.3392
-66.4208
-66.3667
-66.4395
-66.6884
-66.5413
-66.3766
-66.3254
-66.5724
-66.4759
-66.2714
-66.425
-66.4345
-66.4972
-66.5432
-66.4315
-66.2645
-66.4933
-66.4479
-66.3082
-66.4598
-66.4126
-66.358
-66.3334
-66.3919
-66.4361
-66.3592
-66.3685
-66.3636
-66.3746
-66.5474
-66.3809
-66.5325
-66.2039
-66.5435
-66.3354
-66.5138
-66.5122
-66.5139
-66.4554
-66.4482
-66.503
-66.4916
-66.4569
-66.4477
-66.4601
-66.3952
-66.4601
-66.2395
-66.2858
-66.4489
-66.5826
-66.2952
-66.3245
-66.5799
-66.5044
-66.4865
-66.3106
-66.5593
-66.2251
-66.4948
-66.4851
-66.2638
-66.4954
-66.5343
-66.3405
-66.1618
-66.4892
-66.4897
-66.4691
-66.4272
-66.4965
-66.4023
-66.5355
-66.2409
-66.3111
-66.314
-66.6219
-66.3011
-66.6153
-66.3979
-66.401
-66.4699
-66.4051
-66.4135
-66.2912
-66.3612
-66.3625
-66.4907
-66.4488
-66.2897
-66.3298
-66.3531
-66.5783
-66.4215
-66.5216
-66.6207
-66.4357
-66.5959
-66.2498
-66.3468
-66.4781
-66.3697
-66.3846
-66.3562
-66.2689
-66.5621
-66.312
-66.3083
-66.3787
-66.4185
-66.2643
-66.5108
-66.518
-66.5856
-66.7137
-66.2716
-66.1186
-66.4348
-66.3282
-66.6234
-66.2642
-66.604
-66.3814
-66.3197
-66.3218
-66.3321
-66.4375
-66.1572
-66.3291
-66.547
-66.4429
-66.3363
-66.3584
-66.6029
-66.4216
-66.4088
-66.5475
-66.3086
-66.451
-66.3184
-66.5238
-66.2328
-66.4075
-66.3556
-66.5294
-66.4002
-66.3246
-66.3307
-66.3405
-66.5522
-66.4758
-66.3817
-66.4682
-66.5115
-66.3582
-66.4347
-66.3746
-66.6027
-66.4398
-66.5165
-66.3088
-66.3192
-66.5502
-66.3938
-66.535
-66.3386
-66.5215
-66.3521
-66.4487
-66.4649
-66.4288
-66.522
-66.2218
-66.5044
-66.3979
-66.3118
-66.1981
-66.5022
-66.2364
-66.3347
-66.206
-66.2508
-66.5366
-66.3631
-66.5839
-66.3543
-66.3864
-66.3834
-66.5529
-66.4923
-66.2554
-66.2575
-66.4242
-66.734
-66.4003
-66.3015
-66.252
-66.2981
-66.3957
-66.2775
-66.5173
-66.2525
-66.5471
-66.4123
-66.54
-66.3389
-66.4101
-66.3177
-66.579
-66.269
-66.4841
-66.2742
-66.5658
-66.3805
-66.3175
-66.3372
-66.3968
-66.3517
-66.5588
-66.2539
-66.391
-66.711
-66.5323
-66.375
-66.0671
-66.483
-66.3976
-66.3379
-66.5415
-66.2537
-66.5101
-66.6435
-66.1424
-66.2834
-66.4098
-66.3261
-66.3371
-66.3144
-66.3663
-66.494
-66.1516
-66.3955
-66.3137
-66.4069
-66.2922
-66.5058
-66.3717
-66.4073
-66.6353
-66.6886
-66.5073
-66.1133
-66.3348
-66.4272
-66.2032
-66.2426
-66.3488
-66.3117
-66.3588
-66.4728
-66.3008
-66.3137
-66.3372
-66.4489
-66.6532
-66.4608
-66.3415
-66.0791
-66.6214
-66.4681
-66.3588
-66.281
-66.6265
-66.3577
-66.511
-66.5053
-66.2022
-66.4282
-66.4374
-66.514
-66.3518
-66.1645
-66.2636
-66.449
-66.0775
-66.3823
-66.392
-66.5199
-66.4641
-66.4127
-66.1221
-66.4542
-66.3574
-66.4652
-66.1184
-66.4518
-66.4045
-66.2349
-66.3306
-66.4312
-66.2547
-66.3356
-66.3208
-66.5017
-66.4002
-66.4235
-66.2679
-66.1581
-66.3749
-66.4387
-66.3577
-66.4163
-66.375
-66.1484
-66.4452
-66.2584
-66.4391
-66.3143
-66.2991
-66.255
-66.2442
-66.4833
-66.3438
-66.1704
-66.2534
-66.2743
-66.3776
-66.3499
-66.3477
-66.4134
-66.2453
-66.3496
-66.2267
-66.2313
-66.5094
-66.4057
-66.3997
-66.3539
-66.3862
-66.5984
-66.3238
-66.2876
-66.1459
-66.1898
-66.2372
-66.0641
-66.59
-66.482
-66.2667
-66.472
-66.5913
-66.2406
-66.3525
-66.4127
-66.4117
-66.3436
-66.3886
-66.3832
-66.478
-66.1662
-66.3667
-66.4317
-66.3062
-66.2866
-66.2342
-66.3262
-66.4591
-66.2396
-66.3728
-66.5553
-66.4477
-66.3653
-66.3848
-66.3277
-66.3974
-66.2099
-66.3771
-66.1751
-66.4512
-66.212
-66.2904
-66.3078
-66.3811
-66.3366
-66.2908
-66.4232
-66.1929
-66.3637
-66.1638
-66.55
-66.2559
-66.4409
-66.3517
-66.3548
-66.1674
-66.2694
-66.1162
-66.2215
-66.4351
-66.334
-66.2932
-66.4883
-66.3433
-66.3076
-66.3906
-66.3271
-66.371
-66.536
-66.3627
-66.1885
-66.3824
-66.1084
-66.3882
-66.373
-66.4459
-66.2634
-66.1869
-66.1893
-66.3185
-66.492
-66.4462
-66.3519
-66.2543
-66.4568
-66.1068
-66.2086
-66.241
-66.2269
-66.239
-66.351
-66.3883
-66.3878
-66.2645
-66.212
-66.3263
-66.1728
-66.408
-66.3193
-66.3666
-66.3007
-66.4134
-66.4403
-66.3468
-66.3637
-66.4926
-66.272
-66.3941
-66.412
-66.3976
-66.2933
-66.4278
-66.5768
-66.1524
-66.1557
-66.3023
-66.302
-66.4254
-66.5086
-66.3541
-66.6283
-66.4549
-66.2512
-66.2733
-66.2027
-66.3553
-66.3585
-66.43
-66.2572
-66.3739
-66.3212
-66.1941
-66.3125
-66.2315
-66.318
-66.3929
-66.4915
-66.3535
-66.2193
-66.3517
-66.3146
-66.1344
-66.4603
-66.2612
-66.4221
-66.2025
-66.0538
-66.3784
-66.2754
-66.2811
-66.1328
-66.2616
-66.4381
-66.133
-66.311
-66.3008
-66.4102
-66.3787
-66.5701
-66.4205
-66.4571
-66.4672
-66.2818
-66.1787
-66.2899
-66.295
-66.2764
-66.4848
-66.2575
-65.9091
-66.2351
-66.351
-66.2523
-66.3625
-66.5469
-66.3497
-66.2962
-66.3578
-66.2165
-66.4362
-66.3613
-66.2069
-66.4079
-66.3695
-66.1786
-66.2717
-66.239
-66.2454
-66.2737
-66.3631
-66.4722
-66.1624
-66.4593
-66.4081
-66.5686
-66.3644
-66.2641
-66.4868
-66.1967
-66.1746
-66.4124
-66.3041
-66.2857
-66.5378
-66.4223
-66.2663
-66.1667
-66.1877
-66.2377
-66.1356
-66.1391
-66.0782
-66.3332
-66.4256
-66.5648
-66.1808
-66.2708
-66.1472
-66.3007
-66.4438
-66.3163
-66.3037
-66.2874
-66.2787
-66.4798
-66.4172
-66.4554
-66.387
-66.1261
-66.153
-66.1832
-66.1076
-66.0186
-66.3932
-66.4162
-66.4495
-66.2559
-66.4465
-66.3248
-66.4718
-66.1782
-66.3308
-66.2381
-66.2238
-66.3247
-66.4657
-66.4195
-66.2581
-66.4111
-66.2945
-66.0108
-66.4338
-66.3895
-66.0608
-66.2558
-66.2033
-66.2992
-66.2016
-66.3082
-66.1062
-66.2647
-66.248
-66.3502
-66.3001
-66.2217
-66.2848
-66.4193
-66.2421
-66.4172
-66.4657
-66.2776
-66.3732
-66.2357
-66.2215
-66.2784
-66.2837
-66.3537
-66.3069
-66.3125
-66.267
-66.3163
-66.2771
-66.1403
-66.2592
-66.249
-66.2747
-66.0688
-66.2727
-66.3684
-66.3254
-66.4963
-66.2885
-66.4194
-66.4188
-66.1875
-66.4174
-66.3117
-66.3135
-66.0671
-66.355
-66.2704
-66.2676
-66.2762
-66.3887
-66.338
-66.3952
-66.2656
-66.2842
-66.5329
-65.9543
-66.3281
-66.3721
-66.4008
-66.3176
-66.2978
-66.2356
-66.2463
-66.1922
-66.2484
-66.1988
-66.2842
-66.3719
-66.2328
-66.1605
-66.2935
-66.7364
-66.2935
-66.253
-66.2205
-66.256
-66.2249
-66.406
-66.118
-66.3535
-66.4326
-66.2951
-66.0814
-66.2013
-66.3015
-66.0978
-66.4418
-66.2417
-66.1753
-66.2898
-66.2859
-66.3216
-66.3074
-66.1913
-66.3839
-66.3226
-66.0769
-66.4207
-66.3944
-65.9469
-66.1156
-66.4231
-66.0919
-66.278
-66.2787
-66.5798
-66.2287
-66.3782
-66.2303
-66.2903
-66.1477
-66.3335
-66.1296
-66.267
-66.2624
-66.2005
-66.0954
-66.3043
-66.438
-66.2965
-66.1797
-66.06
-66.1483
-66.2181
-66.3983
-66.5287
-66.2154
-66.407
-66.263
-66.302
-66.3075
-66.1785
-66.3224
-66.1913
-66.1194
-66.0764
-66.3223
-66.5564
-66.6502
-66.3298
-66.4243
-66.3249
-66.265
-66.2283
-66.4479
-66.3538
-66.2742
-66.3424
-66.0862
-66.1463
-66.2919
-65.9768
-66.2531
-66.1637
-66.3128
-66.1873
-66.3907
-66.2676
-65.9932
-66.1697
-66.2712
-66.4354
-66.2012
-66.3054
-66.4245
-66.2774
-66.4625
-66.1169
-66.1655
-66.3117
-66.2203
-66.321
-66.2335
-66.0528
-66.4908
-66.1723
-66.0649
-66.1916
-66.163
-66.4981
-66.0177
-66.1696
-66.2381
-66.2262
-66.3435
-66.3347
-65.8792
-66.2347
-66.3033
-66.2198
-66.1463
-66.0491
-66.2318
-66.1318
-66.2032
-66.3725
-66.2092
-66.3015
-66.2413
-66.3464
-66.3188
-66.2033
-66.1603
-66.1344
-66.2755
-66.1125
-66.1812
-66.2282
-66.4262
-66.2021
-66.4904
-66.3137
-66.2886
-66.4958
-66.3668
-66.4818
-66.4195
-66.3033
-66.0359
-66.1598
-65.9414
-66.3283
-66.3189
-65.9898
-66.038
-66.3296
-66.0885
-66.2459
-66.1299
-66.461
-66.1423
-66.4555
-66.2973
-66.2043
-66.1085
-65.9639
-65.9974
-66.1913
-66.4738
-66.2832
-66.3951
-65.8633
-66.2129
-66.2627
-66.2934
-66.3116
-66.3024
-66.4037
-66.0875
-66.1452
-66.1253
-66.028
-66.1498
-66.1412
-66.1854
-66.3205
-66.4248
-66.1606
-66.1624
-66.0797
-66.1917
-66.2764
-66.5175
-66.1935
-66.2407
-66.178
-66.3032
-66.2027
-66.2092
-66.2677
-66.2927
-66.2099
-66.1703
-66.4066
-66.2155
-66.2122
-66.0963
-66.2832
-66.2485
-66.2485
-66.1338
-66.3726
-66.3508
-66.0764
-66.2968
-66.0241
-66.0082
-66.4973
-66.3451
-66.2421
-66.3304
-66.3068
-66.1576
-66.142
-66.3412
-66.0701
-66.2392
-66.1751
-66.0915
-66.3717
-66.265
-66.0886
-66.1497
-66.2342
-66.0623
-66.3231
-66.1961
-66.2146
-66.4256
-66.243
-66.0673
-66.2312
-66.2283
-66.0708
-66.2728
-66.2093
-66.3104
-65.8847
-66.1948
-65.9714
-65.9005
-66.2382
-66.2137
-66.416
-66.0695
-66.2597
-66.1466
-66.067
-66.1084
-66.1388
-66.0727
-66.1137
-66.1289
-66.0858
-66.1986
-66.2567
-66.2317
-66.1252
-66.3741
-66.4665
-66.0114
-66.3289
-66.105
-66.2812
-66.2007
-66.003
-66.0787
-66.2171
-66.0882
-66.0831
-66.1989
-66.2896
-66.2351
-66.19
-66.0699
-66.2651
-66.2733
-66.2035
-66.3209
-66.227
-66.0358
-66.1551
-66.3851
-66.1786
-66.1019
-65.9607
-65.9781
-66.4672
-66.1808
-66.1709
-66.0539
-66.4499
-66.3588
-66.2358
-66.413
-66.3234
-66.1012
-66.1788
-65.9672
-66.2976
-65.9843
-66.0885
-66.1538
-66.1853
-66.004
-66.1266
-66.0999
-66.3828
-66.1754
-66.2223
-66.2764
-66.1283
-66.2119
-66.2274
-66.1152
-66.2879
-66.062
-65.8749
-66.2468
-66.2852
-66.1998
-66.2534
-66.0683
-66.2661
-66.1367
-66.2944
-66.1183
-66.1551
-66.0435
-66.1485
-66.1309
-66.2357
-65.9944
-66.0327
-66.1771
-66.2664
-66.1465
-66.1108
-66.1949
-66.248
-66.1468
-66.1186
-66.3342
-66.2991
-66.2964
-66.1621
-66.073
-66.2533
-66.3293
-66.0314
-66.2889
-66.0595
-66.3634
-66.4635
-66.1456
-65.8789
-66.5129
-66.4317
-66.141
-66.3442
-66.0304
-66.1667
-66.2095
-66.1479
-66.2724
-66.1304
-66.3389
-66.255
-66.3634
-66.2853
-66.2839
-66.0105
-66.126
-66.0487
-66.0884
-66.2739
-66.2185
-66.1917
-66.0884
-65.9514
-66.0223
-66.3067
-66.3485
-66.2097
-66.0977
-66.2108
-66.2561
-66.0457
-66.259
-66.1389
-65.929
-66.0168
-66.2276
-65.9958
-66.0996
-66.1203
-66.1206
-66.0324
-66.0823
-66.2007
-66.2041
-66.0385
-66.1418
-65.9839
-66.1548
-66.157
-66.3043
-66.0332
-65.9158
-66.2425
-66.0912
-66.1991
-66.2362
-66.1754
-66.2538
-66.1254
-66.1678
-66.0779
-66.2253
-66.0859
-66.23
-66.1117
-66.2571
-66.2021
-66.1402
-66.175
-66.023
-66.1763
-66.1783
-66.0054
-66.119
-66.146
-66.1976
-66.1999
-66.0601
-65.9605
-66.1705
-66.0865
-66.1529
-66.0438
-66.2997
-66.1986
-66.1959
-66.2093
-66.0185
-66.2328
-66.3702
-66.2497
-66.1514
-66.2903
-66.2569
-66.015
-66.1198
-66.0948
-66.0133
-66.1658
-66.2288
-66.1598
-66.2488
-66.2946
-66.3465
-66.0527
-66.2505
-66.226
-66.1745
-66.3143
-66.1056
-66.1234
-66.1446
-66.0834
-66.0638
-66.0164
-66.207
-66.2324
-66.3053
-66.1084
-66.0521
-66.1374
-66.196
-66.0519
-66.1973
-66.0712
-66.3659
-66.0721
-65.969
-66.2965
-66.0019
-66.2354
-66.3396
-66.1123
-66.1197
-66.031
-66.1892
-66.2562
-66.1925
-66.1328
-66.0576
-66.4203
-66.1675
-66.292
-66.2017
-66.2697
-65.9014
-66.0427
-66.1305
-66.1429
-66.0612
-65.9777
-66.1682
-65.99
-66.2293
-66.2071
-66.0848
-66.2127
-66.2181
-66.1334
-66.1856
-65.9699
-66.0651
-66.1564
-66.1956
-66.0863
-66.0579
-66.0503
-66.3033
-65.9136
-66.4779
-66.0837
-66.1335
-66.0983
-66.1641
-66.2462
-66.1768
-66.1269
-65.9016
-66.1127
-66.0764
-65.94
-65.9726
-66.0995
-65.902
-66.1919
-66.0066
-65.8976
-66.2966
-66.1748
-66.1237
-66.0262
-65.9803
-66.058
-66.1089
-66.0473
-66.0971
-66.0897
-66.1808
-66.1161
-66.1234
-66.116
-65.9874
-66.0796
-65.9396
-66.2468
-66.1827
-66.1297
-66.1232
-66.044
-66.0219
-66.134
-66.1972
-66.0224
-66.191
-66.2192
-66.2481
-65.7994
-66.1826
-65.9155
-65.8387
-65.8962
-66.0924
-66.1851
-66.3367
-66.3886
-66.3103
-66.1918
-66.0001
-66.3336
-66.0246
-66.0986
-66.2076
-66.0412
-66.1629
-66.0763
-66.2411
-66.0246
-66.1393
-65.9527
-66.1149
-66.327
-66.0317
-66.2011
-66.2333
-66.2116
-65.936
-66.2683
-66.054
-66.3148
-66.0986
-66.1973
-66.0092
-66.2498
-66.2129
-66.3453
-66.1997
-66.2009
-66.1415
-66.1765
-66.1435
-66.083
-66.2297
-66.1147
-66.1529
-66.3975
-66.2078
-65.9597
-66.1469
-66.1668
-66.0086
-66.1749
-66.1436
-66.0807
-65.8743
-66.0625
-66.2321
-66.2937
-66.0847
-66.1808
-66.1262
-66.1012
-65.9699
-66.1606
-66.2113
-65.9463
-65.8683
-66.1388
-66.3255
-66.1694
-66.0011
-66.2326
-66.2161
-66.112
-65.9644
-66.1149
-66.2203
-66.0008
-66.145
-66.2164
-66.1597
-66.0815
-66.0308
-65.9405
-66.1685
-66.1216
-66.1951
-66.1901
-66.078
-66.0905
-65.9587
-66.2999
-66.2546
-66.2517
-65.9719
-66.0057
-66.0575
-66.0485
-66.3581
-66.3889
-65.9644
-65.9707
-66.3835
-66.1242
-66.0146
-66.1844
-66.2827
-66.1763
-66.1114
-66.1306
-66.1207
-66.1444
-65.9771
-66.1523
-66.2639
-66.0717
-66.1965
-65.8981
-65.8875
-66.0239
-65.9029
-66.0834
-66.0497
-66.2891
-66.0693
-66.0639
-66.1617
-66.0268
-66.1951
-65.9406
-66.1546
-65.9841
-66.2069
-66.0355
-66.1478
-66.2382
-65.984
-66.0957
-66.0401
-66.0897
-65.9279
-66.1743
-66.1302
-66.2914
-65.9748
-66.0632
-65.8746
-66.0605
-66.1092
-66.2623
-66.2613
-66.18
-66.3685
-66.0005
-66.2137
-66.1678
-66.1238
-66.15
-66.0767
-66.2192
-66.0388
-65.9887
-66.0215
-66.0426
-65.9985
-65.9385
-66.24
-66.1513
-66.1254
-66.1193
-66.5553
-66.2482
-66.0716
-66.1844
-66.0784
-66.0913
-66.3074
-65.8949
-66.1351
-66.15
-66.1862
-66.1615
-66.1615
-66.1562
-66.0738
-66.1257
-66.107
-65.9692
-65.9667
-66.145
-66.0178
-66.0226
-66.1804
-66.1376
-66.1794
-66.1912
-66.1504
-66.1373
-65.9226
-66.0601
-66.2245
-66.2602
-66.0455
-66.1947
-66.2161
-65.9461
-66.0786
-66.0554
-66.2808
-66.1627
-66.0616
-66.1783
-66.1063
-66.1617
-66.1956
-66.3907
-66.2979
-66.2284
-66.0184
-65.9918
-66.2979
-66.1808
-65.9418
-66.1067
-66.3959
-65.8677
-66.2573
-65.8922
-66.2117
-66.0789
-66.1217
-66.0698
-66.139
-66.1478
-66.1845
-66.0575
-66.0643
-66.1097
-66.0432
-66.1045
-66.1902
-66.1143
-66.0915
-66.1857
-66.0073
-66.1977
-66.3856
-65.9554
-66.206
-66.0388
-66.2837
-65.9083
-66.1153
-66.1724
-66.0576
-65.9966
-66.1132
-66.1389
-66.0349
-66.0815
-66.0806
-66.0061
-66.1253
-66.1772
-66.0352
-66.3276
-66.1205
-66.2011
-65.8711
-65.974
-66.0276
-66.2281
-66.2386
-66.2241
-66.2018
-66.0667
-66.2769
-66.2067
-66.103
-66.2231
-66.1508
-65.9608
-66.4664
-66.2616
-66.0111
-66.1557
-66.0513
-66.0767
-66.1003
-66.0316
-66.0115
-66.3181
-66.0112
-66.0755
-65.9986
-66.0204
-66.0529
-66.2288
-66.1225
-66.1883
-66.1674
-66.0372
-66.1755
-66.1923
-66.1991
-66.082
-66.1943
-65.9925
-66.2523
-66.2699
-66.1277
-66.2796
-66.0895
-66.2187
-66.1456
-66.0649
-66.2976
-66.0479
-66.0068
-66.2397
-66.2465
-66.0464
-66.2168
-66.1139
-66.1224
-65.885
-66.0923
-66.278
-66.1391
-66.1398
-66.1326
-66.3383
-66.2533
-66.1727
-66.0476
-66.088
-65.9549
-66.1305
-66.0992
-66.1738
-66.1665
-65.9685
-66.1603
-66.167
-66.0565
-66.083
-66.131
-66.1167
-66.0292
-66.1619
-66.0493
-65.9868
-66.247
-65.9838
-66.2258
-66.2185
-66.1199
-66.1439
-66.1986
-65.8791
-66.1481
-66.15
-65.9819
-66.1232
-66.1883
-65.9116
-66.2021
-66.2399
-66.0075
-66.151
-65.8993
-66.084
-65.967
-66.2036
-66.1268
-66.1566
-66.1005
-65.9848
-66.09
-65.9745
-66.2028
-65.9273
-66.2225
-66.0004
-66.1337
-66.0663
-66.3631
-66.2428
-66.2554
-66.2242
-65.9811
-66.3905
-66.1179
-66.2306
-66.1975
-66.1344
-65.9688
-66.2969
-66.0291
-66.2132
-66.1511
-66.1599
-66.1382
-66.1125
-66.305
-66.2922
-66.1897
-66.0323
-66.2346
-66.1343
-66.2389
-66.1974
-66.0843
-66.0093
-66.2577
-66.2663
-66.2728
-66.288
-66.2014
-66.1509
-66.1483
-66.1158
-65.9714
-66.3811
-66.1556
-66.1141
-66.2348
-66.0913
-65.9868
-66.0612
-66.1704
-66.0077
-66.1972
-66.1881
-66.0669
-66.1368
-66.0197
-66.1277
-66.2178
-66.2152
-66.228
-65.9315
-66.2342
-65.8717
-66.2816
-66.3095
-66.2361
-66.1454
-65.9855
-66.047
-66.2166
-66.1378
-66.0096
-66.2316
-65.9932
-66.1077
-66.0397
-66.1563
-66.2961
-66.0063
-66.2189
-66.2075
-66.422
-66.1817
-66.343
-66.1739
-65.9385
-66.0686
-66.1071
-66.2218
-66.1198
-65.8262
-66.0501
-66.242
-66.1074
-66.4082
-66.3233
-66.059
-66.1107
-66.1122
-66.2918
-66.251
-66.1432
-66.0701
-66.0491
-66.129
-66.1317
-65.9592
-66.1853
-66.0325
-66.4058
-66.0114
-66.1299
-66.0629
-66.0463
-66.0435
-65.9995
-65.9785
-66.042
-66.2416
-66.0334
-65.9949
-65.9202
-66.0264
-66.1046
-66.0227
-66.0748
-65.9909
-65.9008
-66.1433
-66.1025
-66.1242
-66.139
-66.1231
-66.4002
-66.2472
-66.2616
-66.3462
-65.9991
-65.8861
-65.9584
-66.1029
-66.244
-66.087
-66.1725
-66.029
-66.1314
-66.2402
-66.1292
-66.19
-66.2618
-66.1941
-65.9808
-66.245
-66.0713
-66.3004
-66.0097
-66.089
-66.1946
-66.0809
-66.3261
-66.3052
-66.0801
-66.1412
-66.2136
-66.2086
-66.0536
-66.2789
-65.9656
-66.4239
-66.051
-66.1612
-66.1778
-66.0833
-66.1281
-66.3648
-66.1575
-66.0443
-66.0226
-66.1471
-66.3281
-66.0836
-66.0735
-66.2156
-66.0179
-66.1246
-65.8861
-65.8683
-66.1361
-66.3088
-66.0835
-66.1321
-66.0556
-66.0858
-66.1447
-66.0186
-66.278
-66.1278
-66.2164
-66.3721
-66.0651
-66.2656
-66.0205
-66.2554
-66.1657
-66.1263
-66.1493
-66.1042
-65.9039
-66.2341
-66.0275
-66.1049
-66.1433
-66.1181
-66.1144
-66.1965
-66.1155
-66.2959
-66.3449
-66.3134
-66.1645
-66.1453
-66.1559
-66.0498
-66.0053
-66.2004
-66.3657
-66.2274
-66.1771
-66.1165
-66.1404
-66.1557
-66.0872
-66.1576
-66.1815
-65.986
-65.949
-66.1578
-66.1349
-65.9864
-66.1528
-66.1248
-66.2841
-66.1988
-65.9499
-66.1415
-66.1726
-66.1292
-66.115
-65.9777
-66.0758
-66.2039
-66.1712
-66.286
-66.1689
-66.0515
-66.3965
-66.0456
-66.2587
-66.2724
-65.9457
-66.324
-66.1633
-65.9567
-66.255
-66.1836
-66.1739
-66.0278
-66.3191
-66.1077
-66.2964
-66.1796
-66.243
-66.1686
-66.1183
-66.1712
-66.4865
-66.1586
-66.0173
-66.0082
-66.3408
-66.0712
-66.1661
-66.1075
-65.8757
-66.0794
-66.048
-65.967
-66.3118
-66.2307
-66.0333
-65.9594
-66.1738
-66.1848
-66.1045
-66.1335
-66.2938
-66.198
-66.2443
-66.0835
-66.1215
-66.3018
-66.1927
-66.1694
-65.9156
-66.2944
-65.9982
-66.146
-66.307
-66.2742
-66.2202
-66.1308
-66.1619
-66.1918
-66.0776
-66.3321
-66.3207
-66.1593
-66.1824
-66.0711
-66.3078
-66.2634
-66.0561
-66.2673
-66.1491
-66.212
-66.1998
-66.208
-66.2186
-66.2145
-66.2762
-66.0361
-66.2183
-66.0985
-66.2937
-66.3557
-66.1376
-66.2112
-66.2671
-66.0263
-66.2164
-66.1806
-66.053
-66.4745
-66.172
-66.1705
-66.185
-66.2345
-66.131
-66.2121
-66.3573
-66.3299
-66.2482
-66.1494
-66.1817
-66.2357
-66.2338
-66.2451
-65.934
-66.2031
-66.2722
-66.1594
-66.3122
-66.3017
-66.3734
-65.9478
-66.2597
-66.1946
-66.0569
-66.1626
-65.9703
-66.3044
-66.2015
-66.2703
-66.3874
-66.3146
-66.1785
-66.1791
-65.9627
-66.169
-66.0976
-66.2494
-66.1723
-66.4346
-66.5161
-66.2798
-66.4378
-66.1081
-66.1819
-66.2635
-66.0261
-66.3485
-66.1239
-66.2747
-66.0306
-66.1818
-66.1582
-66.1473
-66.1354
-66.0106
-66.344
-66.1122
-66.1136
-66.1208
-66.0148
-66.0969
-66.0844
-66.1151
-66.1281
-66.175
-65.9987
-66.1548
-65.9711
-66.2864
-66.2751
-66.2465
-66.2314
-66.21
-66.0024
-66.2874
-65.9591
-66.0283
-66.2365
-66.1545
-66.1089
-66.3475
-66.0168
-66.21
-66.2027
-65.9472
-65.8751
-66.0807
-66.0824
-66.2766
-66.0721
-66.2442
-66.2556
-66.2432
-66.0466
-66.1104
-66.0797
-66.1784
-66.2175
-66.3538
-66.2315
-66.0704
-66.3284
-66.0982
-66.2491
-66.0996
-66.086
-66.3223
-66.1532
-66.0724
-66.1617
-66.1393
-66.2245
-66.1625
-66.2673
-66.4783
-66.0149
-66.4047
-66.3928
-66.0928
-66.3785
-66.3022
-66.3094
-66.2906
-66.16
-66.1345
-66.2386
-66.2962
-66.3993
-66.1295
-66.1276
-66.1774
-66.1567
-66.3943
-66.1675
-66.1797
-66.3465
-66.1963
-66.0895
-66.0787
-66.3306
-66.3764
-66.2628
-66.1299
-66.1463
-66.3544
-66.0471
-66.3121
-66.2503
-66.4486
-66.2524
-66.1076
-66.1962
-66.1896
-66.2978
-66.1417
-66.1944
-66.2459
-66.1543
-66.1372
-66.4593
-66.2213
-66.2963
-66.2729
-66.1508
-66.2098
-66.0247
-66.22
-66.0382
-66.1305
-66.2965
-66.2886
-66.2229
-66.0788
-65.9966
-66.3145
-66.1852
-66.2954
-66.1411
-66.3358
-66.1541
-66.3435
-66.0218
-65.9961
-66.3315
-66.0599
-66.2626
-66.1685
-66.2114
-66.158
-66.2921
-66.4329
-66.428
-66.223
-66.5218
-66.2943
-66.2032
-66.311
-66.0484
-66.1524
-66.1077
-66.2669
-66.3321
-66.1233
-66.2035
-66.3768
-66.3013
-66.4206
-66.3003
-66.3015
-66.1274
-66.251
-66.3542
-66.3641
-66.1508
-66.0207
-65.9344
-66.2736
-66.1788
-66.4719
-66.1328
-66.1893
-66.3233
-66.382
-66.1445
-66.272
-66.0323
-66.3971
-66.3239
-66.1321
-66.3108
-66.3818
-66.1777
-66.2634
-66.41
-66.1872
-66.2334
-66.1614
-66.197
-66.1451
-66.1995
-66.2623
-66.3887
-66.1087
-66.2042
-66.2098
-66.2731
-66.2547
-66.3801
-66.1769
-66.236
-66.1481
-66.2827
-66.0957
-66.1675
-66.2587
-66.3758
-66.3835
-66.353
-66.2972
-66.1507
-66.4629
-66.4741
-66.3289
-66.3486
-66.2058
-66.3093
-66.0441
-66.2849
-66.3487
-66.6455
-66.1156
-66.2076
-66.235
-66.3914
-66.4436
-66.2329
-66.2912
-66.4519
-66.4062
-66.3949
-66.356
-66.2469
-66.1372
-66.0707
-66.1723
-66.1997
-66.0738
-66.5017
-66.2949
-66.3941
-66.3339
-66.1541
-66.2792
-66.2064
-66.4979
-66.1256
-66.3703
-66.1867
-66.3436
-66.1053
-66.3507
-66.127
-66.4808
-66.1882
-66.092
-66.2156
-66.0004
-66.2519
-66.1537
-66.217
-66.1778
-66.1116
-66.4061
-66.1893
-66.299
-66.2242
-66.4429
-66.2649
-66.2339
-66.048
-66.3
-66.2259
-66.227
-65.9704
-66.1728
-66.2029
-66.127
-66.4391
-66.0803
-66.2089
-65.9644
-66.4289
-66.1576
-66.5348
-66.2109
-66.367
-66.3304
-66.3336
-65.9392
-66.4644
-66.3112
-66.4548
-66.4048
-66.3428
-66.208
-66.2633
-66.3871
-66.2698
-66.2889
-66.1295
-66.3158
-66.2031
-66.2756
-65.9537
-66.4102
-66.2781
-65.9443
-66.3548
-66.262
-66.3345
-66.0091
-66.2176
-66.2314
-66.2837
-66.2624
-66.3318
-66.4253
-66.4603
-66.1598
-66.3309
-66.3933
-66.3683
-66.1895
-66.2876
-66.3764
-66.2636
-66.3752
-66.2441
-66.3683
-66.2453
-66.2356
-66.5509
-66.2855
-66.4601
-66.5022
-66.5901
-66.3169
-66.3059
-66.3428
-66.3841
-66.2102
-66.1779
-66.3451
-66.4919
-66.3737
-66.4301
-66.1225
-66.1449
-66.3631
-66.2972
-66.3703
-66.2165
-66.4195
-66.2774
-66.1416
-66.3536
-66.3536
-66.2583
-66.4278
-66.4423
-66.2249
-66.4267
-66.2069
-66.5595
-66.2501
-66.2077
-66.4922
-66.4361
-66.4461
-66.2043
-66.3503
-66.3504
-66.1015
-66.5797
-66.2349
-66.2503
-66.2875
-66.4887
-66.4501
-66.1461
-66.2442
-66.5127
-66.4201
-66.2043
-66.2793
-66.319
-66.2744
-66.3651
-66.2453
-66.2678
-66.4277
-66.3686
-66.2094
-66.3596
-66.3346
-66.4191
-66.3222
-66.2221
-66.2534
-66.357
-66.366
-66.3823
-66.3872
-66.4254
-66.3147
-66.4368
-66.324
-66.269
-66.1383
-66.4863
-66.3613
-66.2791
-66.2663
-66.3729
-66.5473
-66.3483
-66.3198
-66.3292
-66.4083
-66.4698
-66.3122
-66.2257
-66.3535
-66.5335
-66.1523
-66.306
-66.306
-66.431
-66.3954
-66.3292
-66.4861
-66.3512
-66.4995
-66.4201
-66.2509
-66.2478
-66.4831
-66.2053
-66.2607
-66.4714
-66.417
-66.1425
-66.3319
-66.5707
-66.7148
-66.4846
-66.192
-66.2992
-66.705
-66.4734
-66.4285
-66.2865
-66.4362
-66.331
-66.2987
-66.4466
-66.2683
-66.3852
-66.3908
-66.1994
-66.4402
-66.2429
-66.6213
-66.1768
-66.5721
-66.3518
-66.1959
-66.3274
-66.409
-66.4206
-66.1959
-66.4379
-66.3111
-66.4028
-66.3841
-66.2635
-66.6009
-66.4474
-66.1519
-66.5471
-66.3466
-66.4295
-66.3375
-66.4412
-66.3239
-66.1985
-66.3338
-66.2902
-66.4102
-66.5384
-66.3424
-66.5764
-66.5089
-66.5433
-66.566
-66.4045
-66.3862
-66.2075
-66.3661
-66.3588
-66.4271
-66.5161
-66.3713
-66.4329
-66.2934
-66.4413
-66.5014
-66.4094
-66.4667
-66.3922
-66.3835
-66.3094
-66.4591
-66.3185
-66.4503
-66.3448
-66.4209
-66.5603
-66.4325
-66.5755
-66.3866
-66.4416
-66.3152
-66.5975
-66.3589
-66.457
-66.2368
-66.6096
-66.4833
-66.4654
-66.1729
-66.1134
-66.6649
-66.2693
-66.5316
-66.4395
-66.4506
-66.5968
-66.305
-66.4833
-66.7278
-66.5326
-66.4461
-66.3476
-66.3916
-66.5253
-66.6992
-66.4008
-66.4816
-66.2308
-66.4907
-66.4716
-66.5462
-66.4914
-66.8052
-66.3855
-66.3901
-66.296
-66.458
-66.4208
-66.3125
-66.4498
-66.3132
-66.3424
-66.3896
-66.6585
-66.3445
-66.45
-66.218
-66.5568
-66.3593
-66.4503
-66.4892
-66.5071
-66.4312
-66.2592
-66.4121
-66.6425
-66.5251
-66.7439
-66.4843
-66.6491
-66.4652
-66.5141
-66.3805
-66.5345
-66.3625
-66.8252
-66.4279
-66.2803
-66.4688
-66.5634
-66.5424
-66.5801
-66.2707
-66.5916
-66.6101
-66.428
-66.6012
-66.5299
-66.3867
-66.347
-66.3297
-66.5579
-66.4491
-66.5635
-66.3605
-66.6416
-66.4322
-66.4684
-66.3968
-66.6535
-66.5395
-66.3749
-66.4867
-66.4883
-66.4019
-66.5521
-66.6208
-66.6723
-66.6557
-66.3481
-66.2799
-66.5065
-66.5293
-66.5773
-66.4912
-66.4344
-66.5123
-66.6383
-66.6341
-66.5185
-66.5137
-66.6071
-66.6797
-66.4608
-66.2931
-66.4847
-66.7948
-66.5088
-66.5799
-66.4346
-66.5799
-66.4009
-66.5176
-66.628
-66.5001
-66.5971
-66.602
-66.3972
-66.2917
-66.5623
-66.5456
-66.598
-66.4974
-66.5995
-66.7357
-66.4896
-66.6724
-66.5392
-66.5201
-66.6616
-66.563
-66.6105
-66.3223
-66.5203
-66.6487
-66.5127
-66.5321
-66.4662
-66.6776
-66.4592
-66.5229
-66.4815
-66.4115
-66.5249
-66.5793
-66.8324
-66.5264
-66.4898
-66.5024
-66.5941
-66.4845
-66.5753
-66.3481
-66.4783
-66.5327
-66.3198
-66.6886
-66.5917
-66.5568
-66.6167
-66.6343
-66.4728
-66.4111
-66.4752
-66.3804
-66.874
-66.2963
-66.566
-66.5346
-66.5682
-66.3502
-66.6387
-66.6164
-66.7863
-66.5165
-66.5966
-66.5843
-66.5794
-66.6994
-66.6323
-66.6108
-66.2768
-66.579
-66.6272
-66.4704
-66.4981
-66.42
-66.5039
-66.4972
-66.5621
-66.3443
-66.4555
-66.5488
-66.6091
-66.5955
-66.7483
-66.4546
-66.7016
-66.7245
-66.7764
-66.5348
-66.7526
-66.5089
-66.7026
-66.5184
-66.7154
-66.7528
-66.5822
-66.7308
-66.5415
-66.5908
-66.5062
-66.2681
-66.465
-66.5556
-66.458
-66.5049
-66.4596
-66.5248
-66.6516
-66.4514
-66.5321
-66.3751
-66.5632
-66.3173
-66.6899
-66.5423
-66.5783
-66.5147
-66.6992
-66.6605
-66.6836
-66.3044
-66.7027
-66.7337
-66.6057
-66.7436
-66.4781
-66.5731
-66.6307
-66.6026
-66.5592
-66.6989
-66.6852
-66.5685
-66.4294
-66.252
-66.5995
-66.7514
-66.5907
-66.6678
-66.48
-66.5648
-66.5207
-66.6518
-66.6805
-66.6636
-66.4769
-66.5712
-66.5332
-66.5981
-66.7073
-66.752
-66.5764
-66.5377
-66.7113
-66.5801
-66.6653
-66.6802
-66.903
-66.9093
-66.4392
-66.7392
-66.6909
-66.8015
-66.4533
-66.6674
-66.7372
-66.6744
-66.6728
-66.4982
-66.6174
-66.6502
-66.4247
-66.9001
-66.5691
-66.5624
-66.6683
-66.5253
-66.8754
-66.6562
-66.7406
-66.7659
-66.7246
-66.6197
-66.8973
-66.5268
-66.7644
-66.5651
-66.4453
-66.8049
-66.8044
-66.5021
-66.6699
-66.6455
-66.842
-66.5619
-66.7281
-66.6319
-66.5681
-66.7543
-66.6874
-66.6803
-66.6124
-66.761
-66.9092
-66.7025
-66.5401
-66.7157
-66.5935
-66.6515
-66.7879
-66.7171
-66.4639
-66.87
-66.5879
-66.6583
-66.4595
-66.6558
-66.6017
-66.5378
-66.6636
-66.4628
-66.8971
-66.8383
-66.6523
-66.9052
-66.6153
-66.5417
-66.5724
-66.6828
-66.5832
-66.3742
-66.6636
-66.7595
-66.6351
-66.6556
-66.8041
-66.7328
-66.6249
-66.5781
-66.5619
-66.5697
-66.832
-66.5234
-66.6013
-66.6404
-66.9184
-66.4628
-66.7241
-66.6607
-66.7736
-66.663
-66.6077
-66.7004
-66.7994
-66.8544
-66.5604
-66.8345
-66.5973
-66.7268
-66.6246
-66.5205
-66.8524
-66.754
-66.8032
-66.6846
-66.6406
-66.7999
-66.6008
-66.8138
-66.6773
-66.7262
-66.6947
-66.93
-66.8768
-66.8381
-66.7846
-66.8585
-66.8247
-66.8443
-67.0056
-66.7789
-66.5906
-66.9431
-66.9555
-66.8015
-66.8994
-66.6188
-66.5627
-66.6764
-66.829
-66.6393
-66.5827
-66.9271
-66.7418
-66.6553
-66.5963
-66.7215
-66.5207
-66.8917
-66.8331
-66.484
-66.8026
-66.5399
-66.7491
-66.6981
-66.9485
-66.5229
-66.5686
-66.6014
-66.858
-66.7304
-66.8065
-66.8952
-67.0739
-66.8658
-66.5396
-66.8967
-66.7077
-66.5763
-66.8557
-66.6493
-66.4767
-66.84
-66.7613
-66.699
-66.7582
-66.7474
-66.7423
-66.7833
-66.8155
-67.0317
-66.7432
-66.9063
-66.8947
-66.7259
-66.6224
-66.9142
-67.1228
-67.0237
-66.6185
-66.4999
-66.7629
-66.9109
-66.6661
-66.855
-66.8023
-66.8767
-66.8541
-66.8168
-66.647
-66.8632
-66.7149
-66.7795
-66.9437
-66.6748
-66.6262
-66.7679
-66.9189
-66.8265
-66.8584
-66.7653
-66.8591
-66.6709
-66.631
-66.9314
-66.7152
-66.8583
-66.6488
-66.7805
-66.9111
-67.0954
-67.0248
-66.7241
-66.7155
-66.9693
-66.8521
-66.7243
-66.7177
-66.8911
-67.0376
-66.7024
-66.8359
-66.7167
-66.8667
-66.7168
-66.5939
-66.8136
-66.9848
-66.9282
-66.8226
-66.8805
-66.746
-66.7612
-66.7937
-66.6687
-66.6459
-66.7544
-66.9191
-66.6376
-66.7183
-66.7357
-66.8218
-66.8113
-66.6962
-67.1921
-66.6904
-66.7274
-66.7134
-66.7971
-66.817
-66.853
-66.7418
-66.8449
-66.7464
-66.9879
-66.9461
-66.5774
-66.6785
-66.993
-66.6736
-66.8277
-66.6259
-66.8108
-66.6753
-66.8316
-66.9036
-67.0395
-66.8979
-66.9459
-66.7801
-67.0197
-66.8716
-66.7498
-66.964
-66.9069
-66.8725
-67.0111
-66.6223
-66.8669
-66.9753
-66.6661
-66.9061
-66.7604
-66.7312
-67.1672
-66.8224
-66.8217
-66.9306
-66.6281
-66.7397
-66.7899
-66.6846
-66.8637
-66.6248
-66.9498
-66.9261
-66.8876
-66.9404
-66.9317
-66.9712
-66.9291
-67.0826
-66.9482
-66.885
-66.8878
-67.0867
-66.8779
-66.8538
-66.6995
-66.7271
-66.899
-66.8133
-66.9232
-67.1071
-66.9342
-66.7883
-66.9641
-67.05
-66.8215
-66.7421
-66.9693
-66.7023
-66.9762
-66.7155
-66.867
-66.8667
-66.8844
-66.6645
-66.7492
-66.8641
-67.1657
-66.9184
-66.997
-66.913
-66.8976
-67.0748
-66.9179
-66.7875
-66.8767
-66.881
-66.9028
-66.9585
-67.0072
-66.9475
-66.9926
-67.1145
-66.9081
-67.0021
-66.8359
-66.995
-66.6676
-66.8739
-66.9095
-67.0343
-66.8932
-66.9053
-67.0466
-66.7373
-66.793
-66.9891
-66.8125
-66.7566
-66.8352
-66.9201
-67.0033
-67.013
-67.0689
-67.1084
-66.8342
-66.9805
-67.0726
-66.9293
-66.9835
-67.0497
-67.0581
-67.0063
-66.8978
-66.7826
-66.8387
-66.915
-67.0166
-66.8573
-66.9644
-66.9625
-67.173
-67.0273
-67.1654
-66.8751
-67.1339
-66.9304
-66.9947
-67.0469
-66.8886
-66.8441
-66.8012
-67.0742
-67.1757
-66.9334
-67.0048
-66.8411
-67.0895
-67.1502
-67.0179
-67.0226
-67.0607
-66.8733
-66.9246
-67.0309
-66.8766
-66.7801
-67.0226
-66.9004
-66.8551
-66.8958
-67.0145
-67.0226
-66.8525
-66.8967
-66.7653
-66.6377
-67.0765
-66.9188
-66.9347
-66.7082
-66.8263
-67.0947
-66.9701
-66.844
-66.933
-66.957
-67.0086
-66.9364
-66.9482
-66.9621
-67.1844
-67.1096
-66.876
-67.2337
-67.0184
-67.2003
-67.1292
-67.1906
-66.9127
-66.9768
-67.0672
-67.2247
-66.8473
-66.975
-67.1375
-67.2494
-67.1654
-67.1443
-66.916
-66.8966
-67.2091
-66.7852
-67.0874
-66.9228
-66.8533
-66.8833
-66.9809
-66.9015
-67.0448
-66.9761
-67.1078
-67.0976
-66.9041
-67.0608
-66.7006
-67.3154
-67.0626
-66.9222
-67.1972
-66.9469
-66.9572
-67.0292
-66.9593
-67.0695
-66.8711
-66.7142
-66.9047
-66.8462
-67.3826
-66.9792
-66.9588
-67.0883
-66.8645
-67.0141
-66.8584
-66.9249
-67.0829
-66.9599
-67.0579
-67.1209
-66.9418
-67.0097
-66.8621
-67.1912
-66.9591
-67.1256
-67.0709
-67.0207
-66.9147
-67.2832
-66.9125
-67.0575
-66.8865
-67.1045
-66.948
-67.0826
-67.0699
-67.1706
-67.2
-67.0613
-67.0889
-66.9616
-66.9203
-66.9557
-67.1286
-67.046
-66.8781
-67.0109
-66.7768
-67.0289
-67.046
-66.9117
-66.9869
-67.079
-66.9713
-66.8808
-66.8593
-67.0005
-67.1649
-67.1563
-67.1797
-67.0481
-67.1467
-67.1083
-66.951
-66.9143
-66.9634
-67.0632
-67.0324
-67.1052
-67.1172
-67.0438
-66.9811
-67.2214
-66.9912
-66.9927
-66.9056
-66.9944
-67.2323
-67.0317
-66.955
-67.0499
-67.1465
-67.0257
-67.1384
-66.8682
-67.1219
-67.3065
-67.0294
-67.0635
-66.9284
-67.0591
-67.0163
-67.2057
-67.2369
-67.3552
-67.1889
-67.0023
-67.1027
-67.1313
-66.991
-67.1094
-66.8836
-67.2384
-67.0816
-67.0978
-66.9803
-67.1147
-66.9748
-67.0911
-66.9588
-67.0606
-67.0156
-67.0579
-67.1378
-67.1915
-67.4008
-67.2028
-67.0708
-67.1609
-67.1619
-66.9897
-67.0697
-67.1292
-67.0544
-67.3375
-67.2234
-67.0587
-66.9409
-67.0332
-67.2905
-67.4345
-66.9119
-66.9897
-67.1763
-67.027
-67.0717
-67.2817
-67.1905
-67.1546
-67.0675
-67.0908
-66.9863
-67.1946
-67.2764
-66.9445
-67.1877
-66.8043
-67.0141
-67.1718
-67.0114
-67.2944
-66.9629
-67.2369
-67.3349
-67.2686
-67.2396
-67.284
-67.4761
-67.1621
-66.9739
-66.9228
-67.2394
-67.3366
-67.1276
-67.2672
-67.0996
-67.1935
-67.0422
-66.966
-67.1267
-67.0718
-67.1887
-67.0368
-67.277
-67.2418
-67.0665
-67.201
-67.0164
-67.2523
-67.0264
-67.0975
-67.0746
-67.1552
-67.013
-67.1692
-67.0839
-67.3866
-67.1059
-67.1867
-66.9671
-67.1785
-67.1593
-67.3288
-67.2641
-67.1183
-67.2722
-67.3708
-66.8973
-67.0943
-67.3713
-67.2149
-67.2247
-67.1873
-66.9852
-67.1521
-67.2101
-67.1315
-67.3693
-67.1186
-67.0644
-67.452
-67.1752
-66.8203
-67.0464
-67.1132
-66.9703
-67.0934
-67.3523
-67.3078
-67.4019
-67.1609
-67.3024
-67.281
-67.2576
-67.2076
-67.1581
-67.239
-67.1653
-67.4169
-67.0856
-67.1824
-67.1174
-67.1446
-67.1512
-67.1926
-67.1464
-67.4034
-66.8998
-67.1941
-67.0673
-67.1956
-66.9501
-67.1268
-67.2142
-67.2876
-67.0321
-67.1418
-67.1849
-67.0871
-67.0723
-67.1902
-67.2414
-67.2512
-67.0064
-67.2112
-67.2633
-67.0176
-67.322
-67.35
-67.2274
-67.3167
-67.1284
-67.0987
-67.3696
-67.2922
-67.0723
-67.1249
-67.2337
-67.0435
-67.1815
-67.3024
-67.2091
-67.3623
-67.209
-67.2342
-67.2148
-67.2399
-67.2573
-67.3945
-67.2358
-67.0426
-67.2631
-67.4614
-67.343
-67.2541
-67.4099
-67.1506
-67.4156
-67.3076
-67.5078
-67.0936
-67.2375
-67.0246
-67.5326
-67.3522
-67.3431
-67.2173
-67.0522
-67.3833
-67.1687
-67.1052
-67.2125
-67.343
-67.4372
-67.1706
-67.297
-67.2188
-67.2875
-67.1387
-67.2025
-67.3853
-67.2955
-67.1433
-67.3426
-67.1371
-67.3354
-67.198
-67.2826
-67.0993
-67.447
-67.2408
-67.1211
-67.2358
-67.2396
-67.4023
-67.1515
-67.0133
-67.2135
-67.231
-67.355
-67.2158
-67.1978
-67.4492
-67.2805
-67.2275
-67.1137
-67.4029
-67.283
-67.5621
-67.1937
-67.1921
-67.0269
-67.5063
-67.1057
-67.2585
-67.255
-67.2373
-67.3469
-67.4102
-67.4334
-67.2732
-67.2897
-67.2429
-67.0974
-67.0898
-67.4377
-67.3654
-67.3347
-67.2879
-67.1806
-67.1453
-67.2204
-67.2288
-67.3249
-67.2849
-67.1
-67.0328
-67.3636
-67.1774
-67.3193
-67.3087
-67.4546
-67.2158
-67.1247
-67.2489
-67.189
-67.1868
-67.2829
-67.3162
-67.2019
-67.3255
-67.27
-67.1302
-67.1987
-67.2687
-67.1559
-67.2663
-67.2125
-67.1986
-67.2938
-67.1908
-67.3743
-67.4313
-67.2309
-67.4382
-67.3537
-67.3665
-67.5276
-67.3838
-67.3813
-67.2522
-67.3473
-67.2338
-67.1182
-67.3242
-67.3002
-67.2348
-67.4556
-66.9268
-67.2633
-67.3117
-67.3346
-67.6161
-67.4455
-67.1912
-67.4709
-67.4099
-67.1571
-67.2347
-67.427
-67.2531
-67.2706
-67.1916
-67.4139
-67.4131
-67.2521
-67.2563
-67.214
-67.2143
-67.2392
-67.4304
-67.3409
-67.4469
-67.3264
-67.0448
-67.3854
-67.3428
-67.2925
-67.3956
-67.4281
-67.3229
-67.1983
-67.4108
-67.2755
-67.5609
-67.6249
-67.3289
-67.3986
-67.2297
-67.2327
-67.3161
-67.225
-67.3309
-67.2626
-67.41
-67.4114
-67.2297
-67.3817
-67.4586
-67.3292
-67.5006
-67.4553
-67.3818
-67.1077
-67.4045
-67.1328
-67.5529
-67.1976
-67.2955
-67.0604
-67.508
-67.5134
-67.5388
-67.4543
-67.3393
-67.1561
-67.4181
-67.5339
-67.3441
-67.3703
-67.1465
-67.4048
-67.4139
-67.4245
-67.4268
-67.5667
-67.5797
-67.3684
-67.3651
-67.4852
-67.3544
-67.4092
-67.115
-67.4386
-67.2771
-67.5664
-67.3923
-67.2301
-67.3919
-67.5328
-67.2474
-67.5623
-67.4513
-67.3048
-67.5258
-67.2103
-67.428
-67.4522
-67.3306
-67.2932
-67.3386
-67.4593
-67.5392
-67.4245
-67.4833
-67.2542
-67.5452
-67.5876
-67.4489
-67.2212
-67.2689
-67.3978
-67.1813
-67.3822
-67.2199
-67.4358
-67.5212
-67.3747
-67.2456
-67.3791
-67.1403
-67.2202
-67.3219
-67.4172
-67.3946
-67.3069
-67.3476
-67.19
-67.3671
-67.3963
-67.4681
-67.5939
-67.3758
-67.3909
-67.4441
-67.4078
-67.3921
-67.3948
-67.3063
-67.3774
-67.4409
-67.2859
-67.4297
-67.3375
-67.4593
-67.4653
-67.337
-67.3595
-67.4369
-67.3408
-67.1981
-67.4329
-67.2575
-67.4147
-67.4706
-67.5577
-67.3781
-67.3233
-67.248
-67.7219
-67.3142
-67.632
-67.3674
-67.4024
-67.2751
-67.3212
-67.4713
-67.3216
-67.2618
-67.4814
-67.5881
-67.574
-67.3148
-67.5249
-67.4023
-67.3862
-67.3223
-67.4189
-67.4726
-67.4651
-67.3612
-67.447
-67.3611
-67.3073
-67.2747
-67.2881
-67.3934
-67.3085
-67.3333
-67.2546
-67.2618
-67.4471
-67.2909
-67.5339
-67.4664
-67.3644
-67.3974
-67.4684
-67.4787
-67.447
-67.52
-67.4424
-67.3147
-67.2035
-67.4113
-67.4634
-67.3759
-67.5259
-67.4275
-67.3046
-67.3889
-67.5126
-67.5692
-67.3521
-67.4131
-67.2897
-67.7829
-67.3568
-67.5035
-67.4866
-67.2229
-67.2678
-67.4746
-67.4689
-67.4319
-67.2737
-67.2328
-67.4558
-67.3333
-67.5112
-67.4834
-67.6771
-67.2649
-67.3921
-67.4724
-67.3987
-67.2162
-67.3083
-67.5212
-67.5778
-67.3796
-67.5261
-67.5803
-67.4622
-67.3307
-67.4538
-67.6221
-67.2801
-67.4189
-67.3852
-67.3482
-67.299
-67.3515
-67.438
-67.3068
-67.4583
-67.5532
-67.5042
-67.3712
-67.4971
-67.5314
-67.4641
-67.1988
-67.2958
-67.5553
-67.4228
-67.5636
-67.4278
-67.4887
-67.3855
-67.5097
-67.4449
-67.5299
-67.6677
-67.5459
-67.5195
-67.5484
-67.3709
-67.4404
-67.3996
-67.4104
-67.3245
-67.4413
-67.3178
-67.5778
-67.6105
-67.5252
-67.6229
-67.4936
-67.2747
-67.5069
-67.4868
-67.4732
-67.504
-67.4632
-67.4497
-67.42
-67.541
-67.5473
-67.6252
-67.4505
-67.3585
-67.3785
-67.4913
-67.604
-67.2457
-67.3897
-67.4217
-67.512
-67.5192
-67.444
-67.5743
-67.3189
-67.4217
-67.4431
-67.5905
-67.5068
-67.4297
-67.4397
-67.5511
-67.4683
-67.3834
-67.3475
-67.3155
-67.6685
-67.4244
-67.4017
-67.7608
-67.3512
-67.3652
-67.6388
-67.649
-67.4241
-67.2982
-67.3977
-67.351
-67.5853
-67.6025
-67.3932
-67.5732
-67.4936
-67.576
-67.4061
-67.2045
-67.69
-67.4947
-67.3562
-67.7434
-67.6805
-67.4497
-67.5172
-67.3859
-67.4108
-67.492
-67.6468
-67.4917
-67.1804
-67.3955
-67.5765
-67.4503
-67.207
-67.5242
-67.4755
-67.5902
-67.289
-67.5211
-67.4533
-67.6463
-67.538
-67.4189
-67.7144
-67.7078
-67.5489
-67.3697
-67.488
-67.4811
-67.5329
-67.5093
-67.2733
-67.4207
-67.3297
-67.4928
-67.6382
-67.5473
-67.3821
-67.3715
-67.3345
-67.3454
-67.4852
-67.4087
-67.5046
-67.4565
-67.4883
-67.5221
-67.5108
-67.7116
-67.1485
-67.4131
-67.4835
-67.3603
-67.573
-67.3231
-67.3942
-67.5526
-67.5959
-67.4161
-67.5004
-67.5916
-67.7011
-67.5502
-67.6551
-67.405
-67.4594
-67.8071
-67.5398
-67.4422
-67.2529
-67.5669
-67.5829
-67.5266
-67.4664
-67.299
-67.2428
-67.5365
-67.6058
-67.6031
-67.5357
-67.4863
-67.674
-67.6812
-67.4988
-67.4704
-67.2572
-67.4502
-67.521
-67.6624
-67.3238
-67.5838
-67.5861
-67.3665
-67.5297
-67.6432
-67.2671
-67.3341
-67.4085
-67.6636
-67.2756
-67.6697
-67.7173
-67.4825
-67.6049
-67.4932
-67.4227
-67.2487
-67.6085
-67.1168
-67.536
-67.3233
-67.199
-67.7249
-67.6424
-67.6811
-67.5845
-67.339
-67.5055
-67.5931
-67.5722
-67.4177
-67.5705
-67.2725
-67.5099
-67.406
-67.5561
-67.6834
-67.4944
-67.52
-67.4891
-67.5567
-67.4947
-67.2933
-67.5544
-67.6679
-67.4923
-67.3248
-67.4495
-67.4461
-67.6606
-67.447
-67.4269
-67.6119
-67.5513
-67.5968
-67.5967
-67.3892
-67.4648
-67.4504
-67.5692
-67.3793
-67.5866
-67.5205
-67.4387
-67.528
-67.5229
-67.4586
-67.4
-67.6739
-67.5134
-67.5277
-67.4819
-67.3014
-67.5457
-67.4699
-67.5824
-67.4602
-67.459
-67.5375
-67.5494
-67.596
-67.5978
-67.6575
-67.6792
-67.6395
-67.5887
-67.6636
-67.3488
-67.3618
-67.4732
-67.2486
-67.5654
-67.5606
-67.5625
-67.5478
-67.4977
-67.4635
-67.3769
-67.4256
-67.5828
-67.5453
-67.5046
-67.3845
-67.641
-67.5915
-67.6405
-67.4387
-67.6905
-67.5301
-67.5571
-67.4512
-67.8104
-67.3394
-67.4124
-67.5922
-67.4299
-67.4097
-67.4637
-67.4883
-67.689
-67.3779
-67.4472
-67.5815
-67.6008
-67.4181
-67.6087
-67.6144
-67.5695
-67.5758
-67.546
-67.36
-67.4936
-67.6111
-67.2673
-67.5479
-67.4101
-67.5819
-67.5123
-67.6661
-67.408
-67.6292
-67.5546
-67.55
-67.6859
-67.4952
-67.6297
-67.5572
-67.5816
-67.5318
-67.5174
-67.6644
-67.37
-67.4704
-67.5908
-67.4028
-67.3742
-67.5736
-67.4599
-67.6407
-67.4658
-67.7288
-67.431
-67.6289
-67.4035
-67.2897
-67.494
-67.5059
-67.535
-67.5092
-67.8133
-67.5654
-67.5054
-67.6032
-67.5839
-67.6663
-67.6372
-67.2066
-67.5395
-67.6166
-67.5013
-67.328
-67.3117
-67.5135
-67.5184
-67.7578
-67.5556
-67.4015
-67.2399
-67.3926
-67.4579
-67.6529
-67.524
-67.4223
-67.5353
-67.5444
-67.5781
-67.6213
-67.5952
-67.422
-67.5402
-67.5249
-67.5833
-67.6823
-67.4453
-67.4264
-67.3135
-67.664
-67.626
-67.5678
-67.6092
-67.6021
-67.7474
-67.5677
-67.375
-67.6189
-67.5911
-67.5248
-67.4047
-67.5396
-67.5936
-67.4958
-67.6735
-67.4928
-67.4325
-67.4616
-67.4149
-67.4449
-67.4726
-67.686
-67.4226
-67.4494
-67.4804
-67.4451
-67.6524
-67.5572
-67.4821
-67.7446
-67.5769
-67.5465
-67.4836
-67.3722
-67.4114
-67.7058
-67.493
-67.3017
-67.5021
-67.5164
-67.6243
-67.5318
-67.6895
-67.5477
-67.6268
-67.6886
-67.4867
-67.5236
-67.5891
-67.6358
-67.6689
-67.3816
-67.6555
-67.4288
-67.4282
-67.6442
-67.6786
-67.4165
-67.4855
-67.4064
-67.5882
-67.3818
-67.4102
-67.7822
-67.5113
-67.6759
-67.5184
-67.1981
-67.5051
-67.3676
-67.1896
-67.4078
-67.412
-67.6313
-67.8675
-67.4426
-67.5112
-67.4131
-67.6185
-67.6221
-67.397
-67.3832
-67.5692
-67.5574
