# Timestamp: 2026-08-23 17:04:36.133116
# Start Freq: 1420355750
# End Freq: 1420455750
# Bin Count: 16384
# Max Power: -49.3057, Avg Power: -66.3125441040039
-67.424
-67.6111
-67.3108
-67.5866
-67.783
-67.5643
-67.5686
-67.6205
-67.5616
-67.6033
-67.5881
-67.5756
-67.5441
-67.412
-67.4786
-67.5025
-67.5511
-67.5644
-67.7053
-67.3689
-67.4856
-67.3112
-67.4013
-67.7717
-67.6697
-67.5736
-67.3787
-67.607
-67.4879
-67.3982
-67.5874
-67.5979
-67.4938
-67.614
-67.3084
-67.7412
-67.3996
-67.6251
-67.5158
-67.5374
-67.6227
-67.5478
-67.6261
-67.3889
-67.6836
-67.5225
-67.684
-67.462
-67.8274
-67.4419
-67.3978
-67.5759
-67.3258
-67.8781
-67.6446
-67.5071
-67.6849
-67.4145
-67.4229
-67.4571
-67.684
-67.384
-67.5944
-67.5767
-67.5173
-67.421
-67.5202
-67.7761
-67.4803
-67.5506
-67.4543
-67.6466
-67.6823
-67.5719
-67.4884
-67.4182
-67.5322
-67.4863
-67.5457
-67.5463
-67.6307
-67.6997
-67.5867
-67.688
-67.3685
-67.5806
-67.4856
-67.5396
-67.3561
-67.6179
-67.7391
-67.5636
-67.6607
-67.7297
-67.4293
-67.5598
-67.3348
-67.5708
-67.8595
-67.4808
-67.7163
-67.5008
-67.6039
-67.359
-67.0724
-67.2504
-67.5472
-67.4841
-67.3414
-67.4768
-67.5256
-67.454
-67.476
-67.6959
-67.6259
-67.4843
-67.5429
-67.4859
-67.3393
-67.7548
-67.4052
-67.4048
-67.5385
-67.3872
-67.4855
-67.4965
-67.5515
-67.5696
-67.6359
-67.5498
-67.5352
-67.7557
-67.5361
-67.5317
-67.2859
-67.5724
-67.4453
-67.4591
-67.4469
-67.4881
-67.3807
-67.5622
-67.5534
-67.3557
-67.5071
-67.7297
-67.4795
-67.4474
-67.3234
-67.4475
-67.5118
-67.5025
-67.5512
-67.3371
-67.5497
-67.2356
-67.3447
-67.4942
-67.4338
-67.5452
-67.6154
-67.4522
-67.5463
-67.5652
-67.589
-67.44
-67.4642
-67.5071
-67.4563
-67.3638
-67.5026
-67.3089
-67.3772
-67.3787
-67.5152
-67.4611
-67.4378
-67.4329
-67.4652
-67.3828
-67.5791
-67.6919
-67.4245
-67.5047
-67.4508
-67.5127
-67.609
-67.2005
-67.3424
-67.5363
-67.4907
-67.703
-67.5182
-67.8078
-67.5033
-67.6296
-67.6165
-67.4348
-67.4763
-67.4337
-67.565
-67.5644
-67.5093
-67.6659
-67.4339
-67.4889
-67.2526
-67.3608
-67.2553
-67.7788
-67.6427
-67.4308
-67.4913
-67.5185
-67.4217
-67.3514
-67.2335
-67.7556
-67.3703
-67.3892
-67.4822
-67.3053
-67.436
-67.52
-67.537
-67.5811
-67.5419
-67.6361
-67.5916
-67.5099
-67.5913
-67.43
-67.5523
-67.3394
-67.4628
-67.382
-67.4755
-67.3843
-67.2862
-67.5206
-67.5083
-67.3674
-67.5978
-67.4693
-67.4106
-67.4051
-67.5444
-67.3592
-67.5209
-67.4443
-67.6407
-67.5667
-67.6137
-67.4776
-67.4374
-67.4521
-67.5344
-67.5217
-67.2515
-67.4564
-67.3028
-67.3144
-67.2161
-67.4374
-67.2894
-67.4738
-67.5143
-67.1173
-67.5116
-67.4957
-67.4808
-67.5171
-67.3303
-67.215
-67.7339
-67.6341
-67.3066
-67.3437
-67.3491
-67.4248
-67.5129
-67.4447
-67.4481
-67.3003
-67.5842
-67.7665
-67.3726
-67.5648
-67.2877
-67.3824
-67.4595
-67.4471
-67.4482
-67.3525
-67.5595
-67.3684
-67.3681
-67.2735
-67.5074
-67.4879
-67.5809
-67.3538
-67.4188
-67.5729
-67.4368
-67.3836
-67.4235
-67.4809
-67.3566
-67.3771
-67.5476
-67.3918
-67.4956
-67.3967
-67.4521
-67.5558
-67.6461
-67.4347
-67.3899
-67.2584
-67.4833
-67.3888
-67.6705
-67.5869
-67.7116
-67.4309
-67.4191
-67.4306
-67.4902
-67.2811
-67.3723
-67.2152
-67.488
-67.5684
-67.5195
-67.375
-67.4994
-67.5166
-67.4386
-67.6462
-67.4122
-67.4538
-67.5097
-67.5199
-67.442
-67.4566
-67.389
-67.5779
-67.5897
-67.5703
-67.5025
-67.5412
-67.4571
-67.3785
-67.4188
-67.4343
-67.4476
-67.3347
-67.3382
-67.6985
-67.421
-67.3885
-67.3913
-67.3929
-67.4933
-67.3839
-67.699
-67.3701
-67.3418
-67.4255
-67.4621
-67.4228
-67.4481
-67.2091
-67.3631
-67.4642
-67.5289
-67.4419
-67.3672
-67.486
-67.4435
-67.2951
-67.499
-67.4692
-67.3303
-67.4178
-67.278
-67.2994
-67.4165
-67.366
-67.4747
-67.26
-67.2472
-67.4042
-67.2056
-67.4229
-67.3
-67.3277
-67.7209
-67.2381
-67.2866
-67.4402
-67.5246
-67.3582
-67.338
-67.3576
-67.279
-67.2397
-67.1023
-67.3644
-67.4128
-67.4933
-67.4226
-67.3775
-67.4511
-67.4203
-67.2883
-67.5362
-67.462
-67.3894
-67.4017
-67.1751
-67.582
-67.4274
-67.3452
-67.4009
-67.3927
-67.4477
-67.2577
-67.2298
-67.4484
-67.3546
-67.4795
-67.3147
-67.2501
-67.1012
-67.4115
-67.288
-67.1901
-67.5712
-67.5352
-67.5066
-67.167
-67.2877
-67.5019
-67.293
-67.5326
-67.4376
-67.3845
-67.4899
-67.3745
-67.2213
-67.4531
-67.344
-67.261
-67.5294
-67.2101
-67.33
-67.3745
-67.355
-67.2657
-67.33
-67.5633
-67.3794
-67.4036
-67.5835
-67.3329
-67.3601
-67.2848
-67.2952
-67.3489
-67.4115
-67.5736
-67.3757
-67.4845
-67.3425
-67.4569
-67.4262
-67.2498
-67.3047
-67.3855
-67.4004
-67.4515
-67.2124
-67.2735
-67.4283
-67.3013
-67.3124
-67.7516
-67.1966
-67.3162
-67.5863
-67.4095
-67.2592
-67.6405
-67.4488
-67.3071
-67.269
-67.4236
-67.2778
-67.5977
-67.6328
-67.3637
-67.4377
-67.4258
-67.1356
-67.186
-67.3528
-67.5885
-67.3505
-67.4736
-67.2023
-67.2334
-67.2861
-67.3174
-67.0783
-67.3494
-67.5024
-67.2255
-67.4177
-67.5342
-67.4143
-67.4123
-67.3285
-67.3926
-67.2756
-67.4168
-67.4857
-67.4752
-67.2427
-67.2755
-67.3593
-67.4713
-67.328
-67.3382
-67.2887
-67.5329
-67.0012
-67.1433
-67.4997
-67.1859
-67.2506
-67.3146
-67.4637
-67.1374
-67.6415
-67.2709
-67.1646
-67.2481
-67.4516
-67.3209
-67.1737
-67.4165
-67.2679
-67.1066
-67.2184
-67.1118
-67.5246
-67.3964
-67.2149
-66.9979
-67.3045
-67.1927
-67.3277
-67.2485
-67.438
-67.1967
-67.5425
-67.3578
-67.3444
-67.4372
-67.0763
-67.2017
-67.4482
-67.2899
-67.2864
-67.0849
-67.3412
-67.2338
-67.1942
-67.3289
-67.5898
-67.1501
-67.3883
-67.2523
-67.5986
-67.0911
-67.2332
-67.5988
-67.2686
-67.1756
-67.344
-67.4303
-67.3262
-67.3027
-67.4802
-67.2947
-67.303
-67.3037
-67.3591
-67.4447
-67.1879
-67.121
-67.3047
-67.3066
-67.3089
-67.3523
-67.22
-67.293
-67.4999
-67.3583
-67.4151
-67.3098
-67.2172
-67.4025
-67.3386
-67.4502
-67.4795
-67.3163
-67.2613
-67.3266
-67.0494
-67.2492
-67.1457
-67.3618
-67.2427
-67.237
-67.3488
-67.3634
-67.5015
-67.3077
-67.4118
-67.301
-67.3578
-67.2253
-67.258
-67.443
-67.0986
-67.2692
-67.3146
-67.2913
-67.3801
-67.4102
-67.3701
-67.1407
-67.2057
-67.2014
-67.3283
-67.2307
-67.3879
-67.5334
-67.3695
-67.2325
-67.2192
-67.1969
-67.2303
-67.2092
-67.3182
-67.3974
-67.278
-67.3645
-67.105
-67.3206
-67.404
-67.2999
-67.3053
-66.9635
-67.1138
-67.4205
-67.377
-67.2261
-67.2499
-67.4463
-67.2424
-67.2444
-67.1984
-67.2276
-67.2912
-67.3934
-67.3173
-67.3073
-67.179
-67.1532
-67.2784
-67.4131
-67.1135
-67.0378
-67.2169
-67.3617
-67.3846
-67.1678
-67.1079
-67.0623
-67.3395
-67.4133
-67.2259
-67.3076
-67.3608
-67.0824
-67.3768
-67.3056
-67.2402
-67.119
-67.3215
-67.2223
-67.197
-67.2414
-67.357
-67.2233
-67.1995
-67.2769
-67.1422
-67.273
-66.9614
-67.2021
-67.0841
-67.0503
-67.344
-67.1569
-67.4677
-67.3222
-66.9935
-67.3733
-67.4327
-67.0287
-66.9599
-67.2268
-66.9342
-67.1673
-67.1021
-66.9499
-67.2714
-67.0316
-67.1793
-67.2059
-67.1217
-67.2056
-67.2051
-67.2083
-67.2317
-67.1468
-67.2253
-67.1845
-67.2662
-67.1013
-67.2173
-67.0823
-67.16
-67.4555
-67.0728
-67.3891
-67.2377
-67.1411
-67.1672
-67.2999
-67.0516
-67.138
-67.0113
-67.164
-67.1992
-67.2696
-67.2409
-67.0666
-67.0815
-67.1239
-67.2756
-66.9089
-67.0892
-67.059
-67.0101
-67.2703
-67.238
-67.41
-67.3159
-67.1115
-67.2571
-67.1276
-67.1077
-67.1876
-67.4095
-67.1039
-67.2329
-67.1793
-67.0954
-67.1705
-67.1117
-66.8485
-67.0679
-67.1666
-67.1348
-67.0909
-67.0633
-67.1068
-66.9738
-66.9764
-67.041
-66.931
-67.1059
-67.2266
-67.3508
-67.1692
-67.1666
-67.0813
-67.1262
-67.0639
-67.2611
-66.9176
-66.9616
-67.0966
-67.1702
-66.9959
-67.3221
-67.1248
-67.1349
-67.1419
-67.2391
-67.017
-67.0423
-67.2405
-67.149
-67.076
-67.2541
-67.0239
-67.0261
-67.1167
-67.2584
-67.1081
-67.3258
-66.9175
-67.1331
-67.0482
-67.1975
-67.0024
-67.3755
-67.1464
-66.9193
-67.2107
-67.1524
-66.9695
-67.1123
-67.3198
-67.1353
-66.9408
-67.1193
-67.2066
-67.1543
-67.1191
-67.3757
-67.2569
-67.1319
-66.986
-67.3367
-67.2916
-67.1311
-67.1504
-66.9634
-67.1821
-67.2381
-67.2692
-67.0281
-67.1104
-66.9926
-66.9122
-66.9671
-66.9172
-67.0901
-66.9908
-67.1519
-67.1381
-67.1783
-66.7791
-67.1385
-66.8949
-66.9455
-66.96
-66.8728
-67.046
-67.3506
-67.2336
-67.1418
-66.8983
-67.0224
-67.0892
-67.078
-67.2604
-67.1615
-66.8755
-67.1046
-66.954
-66.9427
-66.9735
-67.0026
-67.0742
-66.8597
-67.1317
-67.0619
-66.9199
-66.8528
-67.0049
-66.9654
-66.9789
-67.1941
-66.9353
-66.9231
-66.8963
-67.0993
-67.1621
-67.0216
-66.9908
-67.0016
-67.0298
-66.8429
-67.11
-67.0224
-66.9272
-67.1207
-67.1707
-67.232
-66.9918
-66.9854
-66.9588
-67.1449
-67.0106
-67.1169
-67.0545
-67.0506
-67.066
-67.1594
-67.017
-66.8071
-66.9079
-67.0302
-67.2121
-67.091
-66.9658
-66.9683
-66.9131
-66.8677
-66.8849
-66.9177
-66.6653
-66.9165
-67.0571
-66.9998
-66.9927
-66.9153
-67.2768
-66.8135
-67.0573
-67.0406
-66.9644
-66.9096
-66.9951
-66.9879
-66.9002
-66.8929
-66.9799
-66.7981
-67.0034
-67.0036
-66.9731
-67.0285
-66.9485
-67.0322
-67.0963
-67.2548
-66.9984
-67.2846
-66.9393
-66.8894
-66.9617
-66.8656
-66.8568
-66.9261
-67.1354
-67.0133
-66.8747
-66.7757
-66.9434
-66.8721
-66.8198
-67.0375
-66.9633
-67.0299
-67.0004
-66.9523
-66.9922
-66.9326
-67.1166
-67.0091
-66.9647
-66.9019
-66.8172
-66.8155
-66.9148
-66.8596
-66.8553
-67.145
-66.8616
-66.8966
-66.9601
-66.8789
-66.9261
-66.9982
-66.9994
-66.8833
-66.845
-66.9734
-67.0994
-66.8417
-66.9561
-66.7955
-66.8342
-66.7834
-67.0273
-66.7692
-66.8236
-66.9541
-67.1504
-66.8233
-66.6859
-66.7216
-66.9001
-66.7492
-66.266
-66.795
-66.7989
-66.8631
-66.9471
-66.7873
-66.8868
-66.7416
-67.0248
-66.972
-66.9811
-67.0389
-66.8476
-67.1754
-67.0513
-66.84
-66.8087
-66.9292
-66.5942
-66.8044
-66.8951
-66.7082
-66.8137
-66.8293
-66.5896
-66.8748
-66.8911
-66.848
-66.6749
-66.7933
-67.0255
-67.0125
-66.8986
-66.9357
-66.8918
-66.8487
-66.9755
-66.9454
-66.7985
-66.7694
-66.8539
-67.0205
-67.1586
-66.7705
-66.7559
-66.816
-66.8003
-67.1514
-66.7721
-66.9641
-66.9344
-66.7046
-66.7935
-66.6604
-66.7287
-66.7762
-66.9597
-66.8817
-66.9894
-66.7349
-66.958
-67.1298
-66.5982
-66.8855
-66.6992
-66.6621
-66.7611
-66.6578
-66.7292
-66.7759
-66.6111
-66.8321
-66.8979
-66.8832
-67.045
-66.6538
-66.79
-66.8227
-67.0515
-66.8125
-66.8191
-66.8391
-66.644
-67.0541
-66.6703
-66.6596
-66.919
-66.9208
-66.8026
-66.8874
-66.6464
-66.7028
-67.0959
-66.7915
-66.7532
-66.8385
-66.7121
-66.7833
-66.92
-66.8658
-66.7596
-66.6393
-66.8381
-66.7874
-66.814
-66.7207
-66.7142
-66.9001
-66.6776
-66.7208
-66.7578
-66.7925
-66.5872
-66.7248
-66.6012
-66.9011
-66.7045
-66.5941
-66.9252
-66.8616
-67.0392
-66.7031
-66.6223
-66.88
-66.6641
-66.6063
-67.0105
-66.6781
-66.7607
-66.5445
-66.9595
-66.6888
-66.7136
-66.6689
-66.769
-66.8731
-66.5939
-66.4509
-66.8044
-66.6784
-66.5261
-66.7924
-66.7294
-66.7595
-66.8822
-66.6468
-66.8478
-66.6726
-66.7816
-66.6937
-66.6338
-66.7843
-66.736
-66.791
-66.7025
-66.7092
-66.7539
-66.6564
-66.6487
-66.5597
-66.8296
-66.5287
-66.6412
-66.6196
-67.0375
-66.794
-66.7379
-66.7745
-66.6564
-66.6897
-66.8075
-66.7347
-66.6527
-66.8337
-66.7811
-66.6479
-66.7296
-66.7675
-66.8128
-66.6014
-66.7601
-66.6947
-66.5366
-66.834
-66.5623
-66.6504
-66.7976
-66.7787
-66.7871
-66.8002
-66.7286
-66.2764
-66.4421
-66.5975
-66.4906
-66.4617
-66.7769
-66.6718
-66.6368
-66.6324
-66.8095
-66.611
-66.7114
-66.533
-66.5828
-66.637
-66.4498
-66.565
-66.7054
-66.5225
-66.6131
-66.5943
-66.5955
-66.7529
-66.674
-66.607
-66.434
-66.5107
-66.5313
-66.5331
-66.5123
-66.7635
-66.5782
-66.7222
-66.8546
-66.5902
-66.7571
-66.7499
-66.5345
-66.527
-66.5955
-66.5383
-66.5281
-66.5034
-66.8708
-66.6401
-66.5099
-66.8142
-66.5209
-66.4178
-66.7802
-66.6062
-66.7852
-66.7342
-66.7014
-66.5769
-66.7067
-66.7582
-66.7486
-66.3277
-66.7249
-66.5844
-66.6369
-66.3868
-66.5443
-66.705
-66.5803
-66.5483
-66.6565
-66.5489
-66.6026
-66.4268
-66.5612
-66.6749
-66.4711
-66.5814
-66.5598
-66.5732
-66.6129
-66.4971
-66.7388
-66.4586
-66.5038
-66.3716
-66.8755
-66.662
-66.5348
-66.7224
-66.4521
-66.6491
-66.5493
-66.7841
-66.6101
-66.7892
-66.5211
-66.6257
-66.513
-66.4321
-66.5039
-66.5268
-66.3897
-66.8041
-66.2841
-66.5622
-66.5461
-66.4702
-66.6984
-66.8113
-66.6588
-66.6199
-66.4255
-66.6492
-66.2241
-66.6168
-66.7071
-66.4781
-66.4253
-66.4807
-66.2713
-66.351
-66.5421
-66.6161
-66.3717
-66.5252
-66.2797
-66.7164
-66.3955
-66.538
-66.4295
-66.3255
-66.6971
-66.4189
-66.6327
-66.551
-66.5887
-66.5064
-66.4745
-66.3748
-66.4647
-66.6525
-66.6101
-66.4019
-66.7163
-66.3646
-66.4199
-66.538
-66.3942
-66.5094
-66.3895
-66.5908
-66.4283
-66.3931
-66.527
-66.7406
-66.4335
-66.5607
-66.3546
-66.3947
-66.6503
-66.4415
-66.2915
-66.5799
-66.5288
-66.4122
-66.7165
-66.5781
-66.5632
-66.4878
-66.4552
-66.5635
-66.541
-66.293
-66.4075
-66.3548
-66.5045
-66.3642
-66.349
-66.4446
-66.5253
-66.4098
-66.3025
-66.6751
-66.5987
-66.3179
-66.4844
-66.3637
-66.2747
-66.3928
-66.395
-66.2363
-66.3332
-66.3821
-66.1671
-66.4023
-66.4528
-66.5081
-66.1937
-66.544
-66.3843
-66.4204
-66.5344
-66.2863
-66.4505
-66.3914
-66.4724
-66.3662
-66.4696
-66.367
-66.4805
-66.4575
-66.2192
-66.4066
-66.1604
-66.4068
-66.3761
-66.3894
-66.1873
-66.3176
-66.3531
-66.2275
-66.4555
-66.4104
-66.3302
-66.4679
-66.4359
-66.4654
-66.4536
-66.5238
-66.5284
-66.3861
-66.1159
-66.4396
-66.248
-66.1283
-66.3115
-66.3294
-66.6057
-66.3061
-66.5868
-66.4379
-66.4699
-66.268
-66.292
-66.3182
-66.153
-66.347
-66.2874
-66.4074
-66.3843
-66.416
-66.3812
-66.3311
-66.279
-66.1258
-66.183
-66.208
-66.4869
-66.2806
-66.4371
-66.5278
-66.4452
-66.2917
-66.2646
-66.2886
-66.2975
-66.2845
-66.5237
-66.3841
-66.5192
-66.0665
-66.4517
-66.2471
-66.3912
-66.4743
-66.2146
-66.2221
-66.3715
-66.2929
-66.3794
-66.4556
-66.2806
-66.2613
-66.4201
-66.2428
-66.3478
-66.3697
-66.1914
-66.312
-65.9657
-66.0578
-66.3701
-66.1929
-66.1744
-66.2542
-66.4775
-66.1454
-66.2568
-66.1988
-66.4074
-66.4051
-66.2763
-66.2508
-66.1887
-66.1593
-66.1117
-66.2961
-66.2808
-66.2124
-66.0333
-66.2426
-66.2805
-66.4561
-66.118
-66.2201
-66.155
-66.3081
-66.2199
-65.9851
-66.435
-66.2746
-66.3485
-66.0978
-66.4461
-66.1917
-66.4475
-66.2357
-66.2641
-66.2526
-66.4249
-66.2321
-66.364
-66.3198
-66.3403
-66.2892
-66.3096
-66.1291
-66.387
-66.1698
-66.4656
-66.0957
-66.444
-66.4113
-66.0666
-66.452
-66.3004
-66.2541
-66.2451
-66.4006
-66.3779
-66.064
-66.4291
-66.3836
-66.2416
-66.2559
-66.0492
-66.2867
-66.2461
-66.2163
-66.138
-66.5105
-66.2518
-66.1749
-66.1914
-66.2541
-66.0404
-66.2901
-66.248
-66.3718
-66.2718
-66.1899
-66.1234
-66.0686
-65.9595
-66.3388
-66.1323
-66.1516
-66.0159
-66.3086
-66.2509
-66.1573
-66.1662
-66.0914
-66.5509
-65.9243
-66.1799
-66.4938
-66.3881
-66.2933
-66.2967
-66.1779
-66.0528
-66.4426
-66.1143
-66.3914
-66.2345
-66.4361
-66.3706
-66.2898
-66.2834
-66.1517
-66.558
-66.1525
-66.1703
-66.1689
-66.0302
-66.3282
-66.2288
-66.0238
-66.0349
-66.3891
-66.1314
-66.1783
-66.2831
-66.351
-66.036
-66.4094
-66.1868
-66.3104
-66.2746
-66.0344
-66.1051
-66.1629
-66.0683
-66.0591
-66.0801
-65.9695
-66.1894
-66.1581
-66.0995
-66.0927
-65.923
-66.2855
-66.1581
-66.2009
-66.261
-66.1641
-66.1121
-66.0787
-66.1954
-66.1559
-66.0408
-66.0567
-66.2498
-66.1903
-65.928
-66.338
-66.025
-66.1535
-65.9772
-66.2017
-66.002
-66.112
-66.1954
-66.3881
-66.1207
-66.132
-66.1688
-66.006
-66.2077
-66.1882
-66.1444
-65.8496
-66.2778
-66.1558
-66.1435
-65.9648
-66.0766
-66.1041
-65.9058
-65.9682
-66.0482
-65.8484
-66.0956
-66.2168
-66.0655
-66.0695
-66.2359
-66.1655
-66.0655
-65.985
-66.1543
-66.0353
-66.1026
-66.1707
-66.0813
-66.1206
-66.1129
-65.9195
-66.252
-66.0336
-66.0335
-65.8986
-66.269
-66.0121
-66.0347
-66.0531
-66.0733
-65.9915
-66.1795
-66.2107
-65.924
-66.2435
-66.1329
-65.8849
-65.9599
-65.9107
-66.0408
-65.9235
-66.0011
-66.0626
-65.9849
-66.0325
-66.052
-66.142
-66.0325
-65.9696
-66.1447
-65.7961
-66.0859
-66.357
-66.214
-65.9389
-66.1541
-66.2591
-66.0936
-66.0736
-66.0645
-66.3567
-66.0734
-66.2178
-65.8661
-66.0891
-66.186
-66.2523
-66.1858
-66.0665
-65.9899
-66.2132
-65.8917
-65.9165
-66.148
-65.9862
-65.8922
-66.0169
-65.9911
-65.9701
-65.9485
-66.2145
-65.933
-66.0445
-66.0175
-66.232
-66.0298
-66.0272
-66.0157
-66.2427
-66.1024
-66.2009
-65.9369
-66.1301
-65.9396
-66.1662
-66.0605
-65.9124
-65.9513
-65.9294
-65.8746
-66.0959
-65.9299
-66.1717
-66.1387
-66.0252
-66.0282
-66.0011
-65.8734
-66.0028
-65.8596
-65.9421
-66.0952
-66.1058
-66.2516
-66.0049
-66.0538
-66.1171
-65.8982
-65.8991
-66.0769
-66.0025
-66.0687
-66.2256
-66.1273
-66.2141
-66.0533
-65.913
-65.7873
-66.1167
-65.8577
-66.1151
-65.8103
-65.867
-65.9668
-66.1245
-65.9017
-66.1714
-65.7459
-65.9475
-65.9498
-66.1731
-66.0165
-65.9807
-66.1899
-65.8591
-65.9006
-65.9198
-66.0317
-66.125
-66.1156
-66.1353
-65.9698
-65.8086
-65.9061
-65.8746
-65.806
-66.0132
-66.1131
-65.9746
-65.9339
-66.0642
-66.0123
-65.8581
-66.0461
-65.9568
-65.987
-66.0073
-66.0483
-66.0407
-65.8856
-65.8964
-66.0433
-65.9476
-66.0894
-66.0006
-66.0741
-66.055
-65.8983
-65.7674
-66.0522
-66.0129
-65.8877
-65.7938
-65.9111
-66.0975
-65.8843
-66.0832
-66.0181
-65.9414
-66.0019
-65.826
-65.8076
-65.8936
-65.857
-65.8012
-65.9123
-65.7626
-66.0203
-65.8063
-65.8492
-65.9815
-66.0249
-65.883
-65.7946
-65.9001
-65.8223
-66.1301
-65.9356
-65.8485
-65.9107
-65.7874
-65.7665
-65.8956
-65.7426
-65.8631
-65.9234
-65.7849
-65.8707
-66.0813
-65.848
-65.774
-65.8437
-65.9419
-65.9671
-65.8588
-66.0598
-65.7853
-65.9633
-65.8137
-65.8665
-65.8839
-65.9724
-65.7939
-65.984
-65.8738
-65.9417
-65.9992
-65.9145
-65.8792
-65.8076
-66.049
-65.7025
-65.9937
-65.9728
-65.8021
-65.7752
-66.0014
-65.7304
-65.8892
-66.0506
-65.7357
-65.9333
-65.9265
-65.8873
-65.891
-66.0616
-65.9841
-66.1006
-65.9407
-65.9616
-65.8728
-66.0658
-65.9617
-65.871
-65.818
-66.0513
-65.9157
-65.7747
-66.0323
-65.827
-65.9584
-65.841
-66.0966
-65.8977
-65.8673
-65.8793
-66.0003
-65.8537
-65.914
-65.7735
-65.6943
-65.9443
-65.8009
-65.9103
-65.8953
-65.9322
-65.9612
-65.9924
-65.9373
-65.7924
-65.9949
-65.9655
-65.5296
-66.0452
-65.8056
-65.8451
-65.8601
-66.0363
-65.5559
-65.8738
-65.7192
-65.8237
-65.8173
-65.7337
-65.9097
-66.0027
-65.5863
-65.7543
-65.8901
-65.8226
-65.734
-65.7852
-66.0413
-65.8759
-66.1074
-65.9372
-65.7866
-65.6144
-65.8523
-65.6762
-65.7972
-65.7824
-65.5474
-65.852
-65.7493
-65.7094
-66.0151
-65.8293
-65.8236
-65.8084
-65.8589
-65.911
-65.7494
-66.0569
-65.7514
-65.7338
-65.8934
-65.6369
-65.6642
-65.8304
-65.7462
-66.0955
-65.5757
-65.7699
-65.6942
-65.7569
-65.9758
-65.6996
-65.7382
-65.6761
-65.7051
-65.7576
-65.665
-65.7655
-66.0181
-65.9812
-65.6657
-65.8126
-65.7787
-65.6306
-66.0999
-65.7196
-65.8496
-65.7825
-66.0695
-65.8002
-66.0807
-65.8387
-65.8547
-65.8528
-65.8726
-65.8896
-65.6333
-65.4637
-65.7741
-65.7072
-65.8597
-65.6788
-65.586
-65.7648
-65.8587
-65.7394
-65.9346
-65.7212
-66.1136
-65.7706
-65.8981
-65.8579
-65.6129
-65.6335
-65.7939
-65.8458
-65.7474
-65.8263
-65.4979
-65.4019
-65.6938
-65.6404
-65.6396
-65.6562
-65.8997
-65.7492
-65.7882
-65.6806
-65.7659
-65.7393
-65.9082
-65.6013
-65.8538
-65.9102
-65.5468
-65.8032
-65.5241
-65.6389
-65.6812
-65.8776
-65.9093
-65.7667
-65.8402
-65.8017
-65.6016
-65.5529
-65.839
-65.521
-65.6253
-65.7622
-65.7212
-65.7514
-65.7317
-65.7901
-65.5593
-65.8804
-65.5703
-65.8673
-65.6391
-65.5179
-65.7562
-65.5894
-65.5122
-66.0087
-65.7597
-65.6539
-65.9341
-65.7807
-65.9344
-65.5114
-65.8279
-65.7229
-65.7088
-65.7298
-65.6467
-65.8147
-65.7082
-65.783
-65.7588
-65.7925
-65.8081
-65.8265
-65.5001
-65.7383
-65.5057
-65.6765
-65.5867
-65.8059
-65.7101
-65.5364
-65.7534
-66.1157
-65.6715
-65.6987
-65.7301
-65.641
-65.5496
-65.8098
-65.553
-65.8618
-65.5726
-65.6567
-66.0667
-65.5994
-65.5458
-65.7505
-65.7174
-65.6594
-65.8169
-65.6872
-65.3827
-65.8557
-65.6004
-65.9014
-65.5373
-65.4956
-65.6741
-65.6144
-65.5379
-65.4869
-65.6859
-65.7044
-65.7324
-65.6423
-65.7917
-65.7773
-65.5432
-65.5373
-65.779
-65.6799
-65.7691
-65.6033
-65.8839
-65.6434
-65.5965
-66.0069
-65.6959
-65.831
-65.6036
-65.5866
-65.5917
-65.5077
-65.7409
-65.5486
-65.6138
-65.5151
-65.6143
-65.8032
-65.8144
-65.7472
-65.5532
-65.8823
-65.5202
-65.7797
-65.836
-65.7476
-65.7257
-65.6424
-65.8205
-65.6569
-65.6907
-65.7239
-65.7224
-65.8844
-65.9013
-65.6451
-65.8864
-65.812
-65.721
-65.7308
-65.6839
-65.521
-65.5544
-65.8222
-65.4429
-65.8286
-65.7965
-65.5356
-65.8333
-65.5978
-65.594
-65.8247
-65.7317
-65.6548
-65.5712
-65.6937
-65.5779
-66.0305
-65.4517
-65.5823
-65.5671
-65.6601
-65.7515
-65.5828
-65.9986
-65.9282
-65.5829
-65.6563
-65.9298
-65.4423
-65.7557
-65.8285
-65.7296
-65.5786
-65.7268
-65.4779
-65.8744
-65.7705
-65.4383
-65.6653
-65.843
-65.6171
-65.4475
-65.7903
-65.6205
-65.7435
-65.4888
-65.5847
-65.6064
-65.5854
-66.0992
-65.6723
-65.5605
-65.6567
-65.6895
-65.823
-65.8355
-65.5615
-65.6329
-65.6042
-65.497
-65.7682
-65.5754
-65.5623
-65.7004
-65.8124
-65.6972
-65.7973
-65.6692
-65.5125
-65.5093
-65.6072
-65.8516
-65.5739
-65.7024
-65.5686
-65.5419
-65.6203
-65.6454
-65.6276
-66.0146
-65.6814
-65.5946
-65.6905
-65.6361
-65.6396
-65.4758
-65.6672
-65.6918
-65.5878
-65.2839
-65.8144
-65.7182
-65.6397
-65.5977
-65.6911
-65.5473
-65.6198
-65.517
-65.7493
-65.8695
-65.6239
-65.5194
-65.4386
-65.8608
-65.4035
-65.4507
-65.7841
-65.5273
-65.6221
-65.6191
-65.526
-65.6954
-65.4469
-65.7571
-65.6583
-65.348
-65.6238
-65.6828
-65.7735
-65.5209
-65.7467
-65.7608
-65.8516
-65.4726
-65.6079
-65.6276
-65.7311
-65.6401
-65.4865
-65.8145
-65.8099
-65.6944
-65.6735
-65.5884
-65.5998
-65.5333
-65.5223
-65.6166
-65.4046
-65.4523
-65.508
-65.5801
-65.3786
-65.3649
-65.3744
-65.5139
-65.6234
-65.5295
-65.6305
-65.6411
-65.5935
-65.651
-65.4318
-65.5493
-65.5538
-65.3414
-65.3109
-65.6851
-65.6219
-65.6402
-65.5436
-65.5752
-65.7218
-65.8232
-65.5339
-65.5235
-65.8075
-65.4056
-65.5778
-65.4339
-65.6824
-65.4842
-65.8057
-65.4646
-65.6323
-65.8054
-65.6388
-65.7783
-65.7068
-65.4098
-65.7043
-65.6866
-65.715
-65.6757
-65.6062
-65.7767
-65.4185
-65.5499
-65.5454
-65.6359
-65.5603
-65.3688
-65.3865
-65.804
-65.4007
-65.541
-65.6078
-65.5926
-65.4753
-65.5784
-65.6078
-65.4742
-65.3597
-65.6943
-65.4753
-65.5495
-65.6338
-65.7151
-65.5646
-65.5965
-65.7327
-65.3872
-65.7112
-65.5467
-65.5286
-65.4673
-65.5264
-65.6985
-65.533
-65.7234
-65.5661
-65.7477
-65.4305
-65.4862
-65.6118
-65.4232
-65.5683
-65.55
-65.6681
-65.5944
-65.5546
-65.4468
-65.4487
-65.3076
-65.592
-65.7219
-65.6963
-65.6563
-65.5256
-65.5186
-65.5565
-65.6702
-65.7527
-65.7468
-65.6321
-65.421
-65.5309
-65.7174
-65.2812
-65.5192
-65.5986
-65.6338
-65.3795
-65.6584
-65.6023
-65.6058
-65.5864
-65.2369
-65.5434
-65.5336
-65.5597
-65.4758
-65.5274
-65.7044
-65.6231
-65.7133
-65.6146
-65.6092
-65.6268
-65.6066
-65.4856
-65.5256
-65.4849
-65.3884
-65.4784
-65.6458
-65.3462
-65.5315
-65.65
-65.535
-65.521
-65.6231
-65.6102
-65.4925
-65.44
-65.4943
-65.9944
-65.3552
-65.4052
-65.4927
-65.5585
-65.49
-65.6905
-65.4178
-65.7402
-65.6663
-65.5616
-65.607
-65.4214
-65.7503
-65.558
-64.9983
-65.5408
-65.4682
-65.7993
-65.7567
-65.3883
-65.4877
-65.4635
-65.7317
-65.6393
-65.4732
-65.4534
-65.4814
-65.4244
-65.5434
-65.3794
-65.4488
-65.6032
-65.4122
-65.3861
-65.6739
-65.5818
-65.6411
-65.6051
-65.6041
-65.551
-65.6393
-65.6735
-65.6063
-65.4281
-65.4854
-65.4653
-65.4366
-65.3624
-65.7152
-65.6394
-65.3306
-65.578
-65.6143
-65.5621
-65.6947
-65.6082
-65.457
-65.647
-65.6432
-65.6101
-65.373
-65.4271
-65.6203
-65.513
-65.5729
-65.6735
-65.6327
-65.7587
-65.4468
-65.519
-65.4563
-65.5753
-65.7636
-65.7568
-65.4288
-65.5165
-65.4472
-65.5615
-65.4889
-65.6559
-65.6585
-65.3113
-65.613
-65.7153
-65.5613
-65.4341
-65.6243
-65.4626
-65.5092
-65.4608
-65.672
-65.517
-65.5134
-65.377
-65.1858
-65.6198
-65.464
-65.4849
-65.7262
-65.6609
-65.4823
-65.554
-65.5756
-65.6197
-65.5458
-65.6321
-65.4146
-65.5426
-65.7286
-65.5276
-65.5787
-65.6125
-65.5331
-65.6452
-65.3632
-65.5071
-65.5233
-65.3193
-65.5468
-65.5553
-65.561
-65.4917
-65.6441
-65.8053
-65.6881
-65.469
-65.5587
-65.5557
-65.6071
-65.5784
-65.6207
-65.4878
-65.3361
-65.5617
-65.5064
-65.5364
-65.6843
-65.7157
-65.5924
-65.5876
-65.5161
-65.6977
-65.6394
-65.5357
-65.5002
-65.5618
-65.4319
-65.6269
-65.5177
-65.4636
-65.6094
-65.514
-65.3989
-65.3702
-65.5977
-65.7048
-65.2018
-65.5547
-65.5449
-65.6295
-65.3724
-65.4102
-65.6755
-65.4975
-65.8
-65.4962
-65.5212
-65.791
-65.3183
-65.6197
-65.368
-65.3308
-65.6199
-65.5347
-65.6534
-65.4649
-65.5169
-65.5337
-65.7695
-65.5933
-65.1807
-65.4373
-65.421
-65.7236
-65.5022
-65.2968
-65.5193
-65.293
-65.5136
-65.7277
-65.4987
-65.5384
-65.4056
-65.2952
-65.6592
-65.5084
-65.3827
-65.3552
-65.4952
-65.6314
-65.2813
-65.6181
-65.5082
-65.6716
-65.6208
-65.6047
-65.5888
-65.4463
-65.4578
-65.4285
-65.472
-65.5506
-65.364
-65.3386
-65.5159
-65.5583
-65.6402
-65.6977
-65.6065
-65.7336
-65.4405
-65.557
-65.3264
-65.4954
-65.3373
-65.386
-65.5422
-65.4783
-65.7703
-65.603
-65.7117
-65.4712
-65.6797
-65.4057
-65.3551
-65.264
-65.5584
-65.5006
-65.2477
-65.2937
-65.4507
-65.4579
-65.4715
-65.5682
-65.4399
-65.322
-65.4837
-65.445
-65.2742
-65.5342
-65.6531
-65.5564
-65.4598
-65.3398
-65.7618
-65.3167
-65.5243
-65.5909
-65.5632
-65.2463
-65.5729
-65.4158
-65.5642
-65.357
-65.4562
-65.4186
-65.676
-65.2452
-65.7157
-65.5337
-65.4253
-65.3248
-65.4359
-65.5225
-65.6897
-65.5297
-65.4752
-65.5672
-65.4719
-65.4296
-65.5561
-65.4224
-65.5266
-65.3253
-65.3539
-65.4889
-65.4487
-65.6934
-65.52
-65.2436
-65.2466
-65.4849
-65.3719
-65.7174
-65.4563
-65.4188
-65.4231
-65.5502
-65.5616
-65.4417
-65.3035
-65.4745
-65.4629
-65.5294
-65.4006
-65.416
-65.5373
-65.5256
-65.643
-65.5534
-65.6387
-65.4168
-65.5503
-65.6649
-65.2392
-65.4379
-65.5334
-65.4081
-65.3754
-65.3691
-65.5844
-65.4154
-65.3575
-65.5289
-65.5457
-65.6108
-65.4507
-65.6305
-65.4178
-65.3783
-65.3281
-65.4668
-65.3731
-65.4068
-65.4308
-65.4957
-65.3832
-65.2405
-65.4215
-65.2057
-65.4685
-65.4417
-65.3742
-65.3575
-65.6218
-65.65
-65.5587
-65.2962
-65.6221
-65.363
-65.6821
-65.4651
-65.417
-65.507
-65.3605
-65.4456
-65.5512
-65.6399
-65.4687
-65.4347
-65.371
-65.559
-65.3481
-65.3876
-65.5956
-65.2971
-65.5629
-65.568
-65.503
-65.5791
-65.6062
-65.7695
-65.4686
-65.4798
-65.2874
-65.4166
-65.399
-65.5679
-65.4687
-65.5033
-65.5728
-65.6273
-65.2701
-65.4178
-65.4243
-65.3012
-65.2623
-65.6032
-65.4183
-65.4923
-65.5543
-65.5464
-65.6039
-65.4408
-65.295
-65.4701
-65.416
-65.6789
-65.4859
-65.6979
-65.4386
-65.3794
-65.6346
-65.5892
-65.4106
-65.3969
-65.5309
-65.5248
-65.4401
-65.5761
-65.4843
-65.459
-65.3609
-65.2065
-65.5664
-65.4082
-65.2222
-65.5557
-65.5165
-65.3897
-65.4457
-65.3564
-65.4429
-65.4837
-65.5901
-65.3873
-65.3118
-65.6662
-65.4278
-65.5632
-65.5784
-65.4546
-65.2304
-65.6743
-65.5451
-65.4325
-65.5389
-65.5115
-65.6528
-65.5106
-65.4022
-65.31
-65.6093
-65.3891
-65.5291
-65.5317
-65.3027
-65.201
-65.4492
-65.576
-65.3831
-65.3902
-65.7162
-65.5045
-65.2567
-65.3765
-65.2654
-65.5641
-65.2837
-65.4314
-65.3708
-65.255
-65.6112
-65.3767
-65.5263
-65.532
-65.6809
-65.5173
-65.6041
-65.4888
-65.3965
-65.6354
-65.2475
-65.3667
-65.4204
-65.6154
-65.4384
-65.324
-65.4962
-65.3455
-65.5354
-65.5597
-65.742
-65.4241
-65.4332
-65.5381
-65.5115
-65.4114
-65.4026
-65.5326
-65.3435
-65.3765
-65.6833
-65.6744
-65.3184
-65.4315
-65.5932
-65.6569
-65.4213
-65.6453
-65.5332
-65.4226
-65.5619
-65.3476
-65.3919
-65.5083
-65.5261
-65.5303
-65.4216
-65.545
-65.6094
-65.4966
-65.5306
-65.4414
-65.5731
-65.4586
-65.6094
-65.3938
-65.4024
-65.2089
-65.5154
-65.3647
-65.409
-65.4908
-65.3203
-65.6743
-65.5507
-65.3633
-65.604
-65.6237
-65.2279
-65.5667
-65.656
-65.2813
-65.5187
-65.4826
-65.5948
-65.3718
-65.4675
-65.5539
-65.4566
-65.594
-65.309
-65.6503
-65.3999
-65.4876
-65.4814
-65.414
-65.4254
-65.2734
-65.5011
-65.3948
-65.5086
-65.424
-65.3026
-65.686
-65.5357
-65.4977
-65.49
-65.4928
-65.7232
-65.3932
-65.5303
-65.5105
-65.5494
-65.3533
-65.5595
-65.4692
-65.5942
-65.6588
-65.5086
-65.4362
-65.4912
-65.6761
-65.5625
-65.5031
-65.4961
-65.3816
-65.5797
-65.6038
-65.4996
-65.5187
-65.5689
-65.5966
-65.326
-65.5936
-65.4727
-65.5906
-65.5077
-65.4596
-65.5055
-65.5628
-65.5286
-65.4543
-65.4776
-65.4555
-65.4379
-65.6443
-65.5093
-65.4344
-65.4889
-65.4716
-65.2774
-65.6274
-65.4694
-65.5782
-65.5546
-65.362
-65.5383
-65.7477
-65.4346
-65.4036
-65.4222
-65.3796
-65.4124
-65.2294
-65.6948
-65.5152
-65.3922
-65.3219
-65.4676
-65.5768
-65.4762
-65.2871
-65.4487
-65.5824
-65.5767
-65.6528
-65.6196
-65.4881
-65.6753
-65.3403
-65.7697
-65.5443
-65.7184
-65.7245
-65.3689
-65.3044
-65.3323
-65.4402
-65.5884
-65.6692
-65.6096
-65.5131
-65.5343
-65.4081
-65.3959
-65.5658
-65.6258
-65.4481
-65.4967
-65.5086
-65.502
-65.4081
-65.3635
-65.4447
-65.4076
-65.318
-65.6068
-65.7591
-65.5176
-65.6858
-65.5056
-65.5181
-65.5465
-65.6401
-65.321
-65.6185
-65.4304
-65.5565
-65.6906
-65.509
-65.4232
-65.2389
-65.4344
-65.558
-65.5597
-65.5268
-65.6554
-65.4852
-65.6808
-65.514
-65.4228
-65.52
-65.3248
-65.5331
-65.4513
-65.512
-65.607
-65.443
-65.5863
-65.4405
-65.449
-65.6509
-65.2331
-65.4971
-65.1254
-65.5565
-65.411
-65.5758
-65.3466
-65.4525
-65.4969
-65.5395
-65.2858
-65.4584
-65.5338
-65.4935
-65.4522
-65.3389
-65.5753
-65.8779
-65.5123
-65.5368
-65.5346
-65.5264
-65.6179
-65.676
-65.6534
-65.4075
-65.7335
-65.7345
-65.2223
-65.4724
-65.6201
-65.5844
-65.4252
-65.2376
-65.6546
-65.3164
-65.6926
-65.3648
-65.6715
-65.3213
-65.547
-65.475
-65.4105
-65.5387
-65.3272
-65.4418
-65.5502
-65.5762
-65.5813
-65.7456
-65.3238
-65.4159
-65.5067
-65.4146
-65.4565
-65.4656
-65.355
-65.5774
-65.4958
-65.4347
-65.4813
-65.3506
-65.4381
-65.4439
-65.6639
-65.6179
-65.6378
-65.4373
-65.3678
-65.5386
-65.6635
-65.2855
-65.5067
-65.5008
-65.4731
-65.4195
-65.4847
-65.4848
-65.4767
-65.5678
-65.4373
-65.5701
-65.4167
-65.3897
-65.5125
-65.4279
-65.4408
-65.633
-65.667
-65.4994
-65.4453
-65.5532
-65.6011
-65.6588
-65.2729
-65.4282
-65.5464
-65.3093
-65.4104
-65.497
-65.3055
-65.3665
-65.4435
-65.6144
-65.5964
-65.6986
-65.6721
-65.3673
-65.3461
-65.4018
-65.2778
-65.5187
-65.2469
-65.3707
-65.4766
-65.5341
-65.6794
-65.4607
-65.6855
-65.5461
-65.6102
-65.5509
-65.5722
-65.467
-65.6618
-65.3709
-65.5749
-65.5822
-65.4288
-65.2933
-65.5369
-65.5989
-65.4781
-65.5619
-65.6653
-65.6483
-65.5346
-65.5406
-65.6208
-65.6099
-65.6903
-65.7235
-65.4706
-65.4765
-65.5468
-65.6786
-65.5858
-65.739
-65.8482
-65.4117
-65.3077
-65.6187
-65.509
-65.4912
-65.6575
-65.5293
-65.5313
-65.6196
-65.7783
-65.7332
-65.595
-65.4823
-65.4545
-65.4629
-65.5493
-65.3474
-65.4437
-65.7202
-65.5389
-65.5918
-65.564
-65.7766
-65.4628
-65.4555
-65.5539
-65.6915
-65.6234
-65.7441
-65.7354
-65.5443
-65.548
-65.2003
-65.5654
-65.6041
-65.5924
-65.4182
-65.6551
-65.7246
-65.2715
-65.4055
-65.272
-65.5158
-65.7225
-65.4589
-65.4758
-65.557
-65.4491
-65.6592
-65.5327
-65.7135
-65.5558
-65.5998
-65.4636
-65.7712
-65.5164
-65.4704
-65.5143
-65.521
-65.5895
-65.5161
-65.52
-65.4178
-65.2373
-65.2124
-65.5739
-65.7294
-65.4799
-65.5557
-65.4204
-65.3909
-65.4811
-65.5989
-65.5564
-65.4832
-65.6451
-65.6169
-65.7296
-65.5941
-65.5478
-65.4489
-65.7059
-65.3347
-65.7686
-65.3518
-65.5927
-65.4725
-65.7999
-65.4632
-65.8163
-65.5209
-65.4106
-65.4163
-65.6846
-65.6106
-65.4928
-65.7125
-65.5144
-65.6548
-65.2905
-65.7119
-65.3864
-65.4482
-65.5435
-65.5007
-65.6484
-65.5959
-65.5293
-65.6465
-65.5402
-65.7284
-65.5777
-65.5947
-65.5694
-65.3343
-65.5631
-65.8412
-65.5522
-65.6843
-65.483
-65.6194
-65.3679
-65.6975
-65.7598
-65.44
-65.8331
-65.6152
-65.7168
-65.7765
-65.4548
-65.5431
-65.5214
-65.3616
-65.4422
-65.4196
-65.3295
-65.4154
-65.5581
-65.7183
-65.3922
-65.6469
-65.6723
-65.2946
-65.675
-65.2306
-65.5534
-65.4015
-65.533
-65.5703
-65.5863
-65.3606
-65.5719
-65.7565
-65.5613
-65.524
-65.5802
-65.6313
-65.5957
-65.5944
-65.389
-65.3856
-65.5101
-65.4423
-65.6655
-65.6061
-65.726
-65.5579
-65.5597
-65.6463
-65.5593
-65.6671
-65.3452
-65.3651
-65.6508
-65.575
-65.7508
-65.5213
-65.5349
-65.5336
-65.4486
-65.507
-65.5476
-65.5039
-65.5027
-65.766
-65.5212
-65.6246
-65.5742
-65.7142
-65.6058
-65.7563
-65.4021
-65.6864
-66.0091
-65.4602
-65.735
-65.4416
-65.4788
-65.6889
-65.7684
-65.6165
-65.3935
-65.4423
-65.7144
-65.6049
-65.6703
-65.6379
-65.6155
-65.5988
-65.5186
-65.6746
-65.58
-65.397
-65.6357
-65.6485
-65.7033
-65.5076
-65.4491
-65.5173
-65.5836
-65.3389
-65.584
-65.952
-65.6306
-65.6898
-65.6527
-65.4558
-65.7179
-65.663
-65.3281
-65.7341
-65.6475
-65.5062
-65.5347
-65.4834
-65.5994
-65.581
-65.6147
-65.4096
-65.4315
-65.4362
-65.5123
-65.6387
-65.4915
-65.7315
-65.4836
-65.4921
-65.3177
-65.5747
-65.6919
-65.7767
-65.318
-65.6376
-65.7096
-65.7377
-65.7058
-65.516
-65.793
-65.643
-65.4372
-65.471
-65.5122
-65.5058
-65.5351
-65.6686
-65.6061
-65.3962
-65.5228
-65.6427
-65.548
-65.7449
-65.5048
-65.7408
-65.7671
-65.6241
-65.7303
-65.5112
-65.5267
-65.416
-65.5753
-65.5228
-65.6718
-65.7154
-65.5252
-65.5826
-65.741
-65.501
-65.6846
-65.4582
-65.4684
-65.5104
-65.5541
-65.7135
-65.5344
-65.586
-65.8163
-65.4663
-65.6462
-65.6692
-65.6785
-65.6287
-65.6073
-65.7973
-65.512
-65.716
-65.6964
-65.772
-65.5609
-65.4939
-65.5179
-65.3809
-65.8885
-65.664
-65.6386
-65.5473
-65.5761
-65.7275
-65.5682
-65.828
-65.4854
-65.5311
-65.5604
-65.487
-65.6972
-65.6426
-65.5111
-65.683
-65.613
-65.5889
-65.6814
-65.583
-65.777
-65.7497
-65.4927
-65.7122
-65.5268
-65.6192
-65.3941
-65.4029
-65.4408
-65.6764
-65.7055
-65.397
-65.4816
-65.3425
-65.6551
-65.6505
-65.3928
-65.6679
-65.5631
-65.6483
-65.6279
-65.7532
-65.5833
-65.6178
-65.8717
-65.507
-65.6332
-65.6345
-65.6597
-65.5472
-65.5493
-65.5983
-65.6188
-65.5415
-65.5596
-65.389
-65.8022
-65.7876
-65.6914
-65.5575
-65.4428
-65.4858
-65.8232
-65.8555
-65.3021
-65.5758
-65.5654
-65.4621
-65.6485
-65.6575
-65.7229
-65.7909
-65.7447
-65.7679
-65.8681
-65.4467
-65.4879
-65.5892
-65.5079
-65.6741
-65.636
-65.8454
-65.7696
-65.6883
-65.8317
-65.5304
-65.6791
-65.5839
-65.5077
-65.5993
-65.5643
-65.4299
-65.6177
-65.7256
-65.6751
-65.573
-65.671
-65.4998
-65.6809
-65.8413
-65.8097
-65.8905
-65.7536
-65.5881
-65.4396
-65.7814
-65.519
-65.7453
-65.4944
-65.6744
-65.6009
-65.7649
-65.6061
-65.5163
-65.5404
-65.6361
-65.6096
-65.6908
-65.6689
-65.6191
-65.7044
-65.4449
-65.711
-65.4798
-65.626
-65.647
-65.8816
-65.7725
-65.6454
-65.7008
-65.496
-65.6911
-65.994
-65.4831
-65.785
-65.5318
-65.8451
-65.639
-65.682
-65.6846
-65.5788
-65.8669
-65.5367
-65.6897
-65.7928
-65.4885
-65.5334
-65.8439
-65.7513
-65.4359
-65.7465
-65.7314
-65.8381
-65.7271
-65.6168
-65.5264
-65.6203
-65.6014
-65.6036
-65.6615
-65.7395
-65.5167
-65.8058
-65.7516
-65.5396
-65.7943
-65.6161
-65.459
-65.6796
-65.6495
-65.7129
-65.5663
-65.6419
-65.5891
-65.8146
-65.7384
-65.6223
-65.6627
-65.6284
-65.6948
-65.3816
-65.6533
-65.8302
-65.7539
-65.4554
-65.5108
-65.5537
-65.5647
-65.8303
-65.5145
-65.7028
-65.6681
-65.5844
-65.768
-65.5927
-65.7007
-65.7458
-65.541
-65.6531
-65.7227
-65.8661
-65.7613
-65.7601
-65.6475
-65.5821
-65.6219
-65.6947
-65.2903
-65.7721
-65.5632
-65.9052
-65.5862
-65.7383
-65.7627
-65.6173
-65.89
-65.9442
-65.7645
-65.8543
-65.687
-65.8262
-65.6591
-65.7509
-65.7999
-65.6231
-65.7817
-65.5412
-65.716
-65.8679
-65.726
-65.6498
-65.8833
-65.6434
-65.6057
-65.5086
-65.4849
-65.7117
-65.6133
-65.5023
-65.8161
-65.7631
-65.7855
-65.6348
-65.7171
-65.7882
-65.8313
-65.7211
-65.6705
-65.7636
-65.5362
-65.6325
-65.8203
-65.6187
-65.7348
-65.7679
-65.6587
-65.8431
-65.5655
-65.624
-65.7817
-65.6633
-65.573
-65.6471
-65.7714
-65.5474
-65.8463
-65.9063
-65.7661
-65.5655
-65.5247
-65.6359
-65.556
-65.715
-65.4846
-65.7337
-65.5099
-65.3866
-65.7826
-65.6364
-65.6394
-65.8305
-65.8082
-65.8403
-65.686
-65.4558
-65.6748
-65.4736
-65.6231
-65.7516
-65.6285
-65.405
-65.5784
-65.9715
-65.7481
-65.7396
-65.8182
-65.5844
-65.6619
-65.4815
-65.7141
-65.5089
-65.7946
-65.5862
-65.8897
-65.7158
-65.9392
-65.8155
-65.8959
-65.7383
-65.7878
-65.8451
-65.9224
-65.9025
-66.0351
-65.754
-65.4645
-65.4568
-65.7563
-65.796
-65.4949
-65.9553
-66.0768
-65.9678
-65.6994
-65.7514
-65.8611
-65.7394
-65.7833
-65.6127
-65.699
-65.602
-65.5004
-65.7593
-65.7204
-65.7031
-65.7179
-65.9953
-65.5278
-65.7925
-65.7132
-65.9251
-65.5252
-65.7079
-65.7933
-65.5136
-65.6303
-65.915
-65.8801
-65.572
-65.9939
-65.8257
-65.6663
-65.6277
-65.6584
-65.8348
-65.6291
-65.5465
-65.3858
-65.8794
-65.6653
-65.7358
-65.7096
-65.7917
-65.9122
-65.6476
-65.695
-65.6188
-65.8079
-65.8585
-65.8511
-65.5911
-65.7104
-65.5373
-65.8263
-65.7656
-65.5524
-65.6606
-65.562
-65.6721
-65.6429
-65.7587
-65.6825
-65.794
-65.7362
-65.8892
-65.8351
-65.9398
-65.7527
-65.7164
-65.9318
-65.7795
-65.6373
-65.6119
-65.8348
-65.7457
-65.9866
-65.713
-65.7998
-65.7018
-65.8171
-65.5863
-65.7718
-65.6639
-65.8113
-65.8009
-65.6712
-65.8533
-65.7844
-65.6583
-65.7459
-65.5466
-66.0096
-65.7312
-65.7839
-65.5684
-65.7953
-65.832
-65.6921
-65.8153
-65.5583
-65.9339
-65.7879
-65.799
-65.9229
-65.7903
-65.7705
-65.8301
-65.9388
-65.5731
-65.7191
-65.7296
-65.7078
-65.6339
-65.6107
-65.7202
-65.6931
-65.7159
-65.7908
-65.824
-65.7241
-65.7231
-65.7361
-65.6272
-65.8404
-65.825
-65.8148
-65.727
-66.0196
-65.7924
-65.7714
-65.8014
-65.6958
-65.6232
-65.7324
-65.6367
-65.8004
-65.8531
-65.6224
-65.8141
-65.7891
-65.9932
-65.5787
-65.8178
-65.6828
-65.5782
-65.6664
-65.763
-65.5023
-65.8756
-65.5735
-65.8507
-65.8457
-66.009
-65.7926
-65.6135
-65.8301
-65.8275
-65.5002
-65.8359
-65.7752
-65.7404
-65.6805
-65.7234
-65.9836
-65.7454
-65.8312
-65.9661
-65.59
-65.8145
-65.8348
-65.9055
-65.6122
-65.81
-65.8274
-65.7
-65.8008
-65.7376
-65.5968
-65.7293
-65.8386
-65.6963
-65.7496
-65.7084
-65.9404
-65.6829
-65.7833
-65.9242
-65.6571
-65.7399
-65.7076
-65.6645
-65.7971
-65.627
-65.6355
-65.6937
-65.8229
-65.6586
-65.802
-65.9032
-65.8222
-65.9085
-65.7262
-65.6504
-65.7549
-65.6589
-65.7755
-65.894
-65.8136
-65.7984
-65.8998
-65.7134
-65.8913
-65.8577
-65.6986
-65.8081
-65.8683
-65.9498
-66.0096
-65.7127
-65.7696
-65.9345
-65.709
-65.9878
-65.7829
-65.7535
-65.6127
-65.9105
-65.8675
-65.7895
-65.7484
-65.7702
-65.7448
-65.9009
-66.0232
-65.7669
-65.8361
-65.9408
-65.9065
-65.9779
-65.8507
-65.6699
-65.7067
-65.937
-65.5486
-65.8178
-65.7342
-65.6689
-65.6883
-65.67
-65.7895
-65.7444
-65.755
-65.9045
-65.8965
-65.64
-65.8211
-65.9102
-65.7173
-65.9413
-65.7966
-65.7985
-65.7444
-65.7434
-65.7541
-65.8294
-65.6964
-65.9466
-65.6681
-65.8527
-65.8182
-65.8879
-65.8749
-65.7649
-65.7899
-65.808
-65.8241
-65.748
-65.7478
-65.925
-66.0305
-65.8345
-65.9448
-65.5542
-65.9545
-65.5951
-65.8004
-65.7405
-65.9881
-65.661
-65.5987
-65.7113
-65.7395
-65.9944
-65.7551
-65.7857
-65.9042
-65.9493
-65.7964
-65.8681
-65.65
-65.8392
-66.0687
-65.7108
-65.775
-65.9579
-65.6074
-65.9938
-65.7673
-65.7108
-65.7496
-65.8525
-65.5674
-65.7734
-65.8223
-65.8243
-65.5233
-65.7736
-65.8935
-66.0267
-65.7039
-66.1279
-65.8172
-65.8376
-65.7102
-65.9095
-65.8123
-65.81
-65.9005
-65.9603
-65.9366
-66.0593
-66.0214
-65.8591
-65.7075
-65.6885
-65.9667
-65.6995
-65.9143
-65.7582
-65.8639
-65.8938
-65.8016
-65.7722
-65.978
-66.0664
-65.9463
-65.88
-65.7181
-65.9102
-66.0101
-65.9114
-65.7442
-65.8316
-65.8345
-65.8542
-65.8615
-66.1007
-65.854
-65.8368
-66.0113
-65.7079
-65.9229
-65.7719
-65.7565
-65.7662
-65.9372
-65.9441
-65.9441
-65.823
-65.6758
-65.7004
-65.93
-65.615
-65.6163
-65.7517
-65.8584
-65.9223
-65.8482
-65.9233
-65.9199
-65.8726
-65.9974
-66.17
-65.8972
-66.1923
-65.8151
-65.8185
-65.6776
-66.1047
-65.9591
-65.8774
-65.7354
-65.9054
-66.0028
-66.03
-66.0638
-65.7084
-65.8257
-65.9581
-65.81
-65.9469
-65.9572
-65.831
-66.0167
-65.8719
-65.9238
-65.7446
-65.894
-65.8661
-65.7471
-65.8275
-65.8656
-65.6755
-65.8986
-65.8494
-65.8575
-65.8291
-66.1532
-65.8864
-65.8216
-65.8796
-65.8027
-65.9274
-65.7496
-65.9087
-65.8352
-66.1654
-65.8046
-65.7535
-65.8543
-65.955
-65.8699
-65.9587
-65.8708
-65.7877
-65.9943
-66.0356
-65.9061
-65.9047
-66.0173
-66.0124
-65.9807
-65.9013
-66.0982
-65.7778
-65.8502
-65.6079
-65.8052
-65.8984
-65.8094
-65.8882
-65.8897
-66.1289
-65.7485
-65.8737
-65.762
-65.9204
-65.8863
-65.7672
-65.8404
-65.9106
-65.8477
-65.7059
-65.786
-65.7187
-66.1424
-66.0817
-66.0545
-65.9362
-65.9772
-65.8872
-65.8005
-65.8179
-65.8865
-66.0745
-65.888
-65.8922
-66.0064
-65.9404
-65.7769
-65.97
-65.8145
-66.01
-65.8925
-65.8466
-65.6144
-65.9628
-65.7104
-65.929
-65.9487
-65.6998
-66.0012
-65.8303
-66.0452
-65.7111
-65.8201
-65.9872
-65.9471
-65.9013
-65.8979
-66.0284
-65.9764
-66.0021
-65.6957
-65.9526
-66.0288
-65.8316
-65.8113
-65.8877
-66.1748
-65.9764
-66.009
-65.7809
-66.2315
-65.7698
-66.0765
-65.1728
-65.8729
-66.1246
-65.7099
-65.8023
-65.8022
-66.1526
-65.7929
-65.6842
-65.7217
-66.2679
-65.8365
-66.12
-66.023
-65.8776
-66.0358
-65.9247
-65.9507
-65.804
-65.806
-66.1568
-65.9482
-65.8238
-65.9047
-65.9663
-65.8752
-66.0809
-65.7029
-65.9182
-66.0212
-65.8143
-65.9611
-66.136
-65.8483
-66.1177
-65.8561
-66.0581
-65.9754
-65.9336
-66.0038
-65.9291
-65.8982
-65.9985
-66.0538
-65.9586
-65.8701
-66.0469
-65.9781
-65.9895
-65.8345
-65.9965
-65.9522
-65.94
-65.8355
-65.9486
-65.7517
-66.0124
-65.9796
-66.014
-65.9067
-65.849
-66.0249
-66.1088
-65.9058
-65.8937
-65.8376
-65.9249
-65.9062
-65.9163
-65.9837
-65.9002
-65.8678
-65.9891
-66.0111
-65.9479
-66.0182
-66.2406
-65.8086
-65.9845
-65.8875
-66.0179
-65.9269
-65.8237
-65.9505
-65.9395
-65.8855
-65.9271
-65.9368
-66.0041
-66.1072
-66.1124
-65.8905
-65.8697
-66.0283
-65.7801
-65.9814
-65.951
-65.8938
-65.859
-65.9543
-65.9943
-66.2557
-66.247
-66.159
-65.9395
-66.0845
-66.1631
-65.9759
-66.0232
-66.1429
-66.0593
-65.9095
-65.8366
-65.9745
-65.7766
-65.9667
-65.7401
-65.9599
-65.9604
-65.9645
-66.0621
-65.8256
-65.7862
-66.0467
-65.9795
-66.0863
-66.1145
-65.964
-65.8254
-65.9152
-66.1459
-65.902
-65.7832
-66.184
-65.8524
-65.8363
-65.9878
-65.7332
-66.0047
-66.0403
-65.9526
-66.0578
-65.9485
-66.0513
-66.2219
-65.8541
-65.9666
-65.8958
-66.1726
-65.7688
-65.9054
-66.1239
-66.1532
-65.9744
-65.6918
-65.9903
-65.9489
-66.1817
-66.0069
-65.75
-65.9186
-65.9031
-65.9196
-65.9814
-66.0968
-65.7569
-65.9231
-65.9054
-66.1109
-65.9259
-66.1336
-65.9432
-65.7226
-65.9172
-65.7772
-65.7108
-66.1771
-66.1246
-65.7969
-65.9143
-65.8617
-65.9631
-66.2116
-66.148
-66.0563
-65.9394
-66.3233
-65.9165
-66.1676
-65.952
-65.846
-66.1534
-66.0499
-65.9028
-66.0608
-65.8217
-65.9533
-65.9285
-66.1435
-66.1051
-66.0486
-66.0383
-65.8444
-66.0261
-66.0371
-65.9161
-65.9133
-66.1288
-66.0114
-66.0922
-66.342
-65.7682
-66.1106
-65.7833
-65.9344
-65.886
-66.0021
-66.1675
-66.1539
-66.1106
-66.0235
-66.0199
-65.8235
-65.9998
-65.953
-66.0184
-65.8671
-66.1181
-65.9425
-66.0497
-66.2253
-65.9561
-65.7955
-66.0155
-66.1413
-65.8232
-65.9888
-66.118
-66.0007
-65.8352
-65.9845
-66.1079
-66.0469
-66.0592
-65.8456
-66.0568
-66.0973
-66.1689
-65.9863
-66.2886
-65.9509
-66.0344
-66.2514
-65.9675
-66.0356
-66.0042
-66.1044
-66.1451
-66.1466
-66.1568
-66.0348
-66.0735
-66.0046
-65.7367
-65.9834
-66.0609
-65.9716
-66.2791
-65.8774
-66.1745
-66.0034
-65.7748
-66.2121
-65.8987
-66.0526
-65.771
-65.9192
-66.0159
-65.9787
-65.9315
-65.7988
-66.2213
-66.0982
-65.8807
-65.9806
-65.8335
-65.9873
-66.0628
-65.8663
-65.9488
-65.8816
-66.2691
-65.869
-66.1476
-65.9507
-65.8104
-66.2114
-65.9078
-65.9748
-66.2031
-65.9287
-66.1664
-65.9816
-66.1357
-66.0783
-66.164
-65.9043
-65.9687
-66.2705
-65.9242
-65.9174
-66.0201
-66.0493
-66.0572
-65.773
-66.3816
-66.077
-66.1184
-65.9802
-66.0376
-66.1486
-66.0335
-65.852
-66.0981
-65.9544
-66.0437
-65.9559
-66.1657
-65.9406
-66.0438
-66.1324
-65.9019
-65.9933
-65.8441
-66.0326
-65.9521
-66.0201
-66.0125
-65.9298
-66.2132
-65.8287
-66.0569
-65.8973
-65.7672
-65.9071
-65.912
-65.9064
-66.1693
-66.0552
-66.1189
-65.76
-65.9109
-66.1005
-66.1527
-65.9838
-65.8764
-66.08
-65.9868
-66.1229
-65.9253
-66.0116
-66.1
-66.108
-65.7795
-65.9706
-66.1626
-66.0583
-66.072
-66.1189
-65.8669
-66.0556
-66.0933
-66.0056
-65.9544
-65.9785
-65.9719
-65.9694
-66.1086
-65.9351
-66.1026
-66.2225
-65.9738
-66.1286
-65.8868
-65.8254
-65.8328
-65.9494
-66.0494
-65.9731
-65.9941
-66.0318
-66.1266
-66.0076
-66.1329
-66.0007
-66.2362
-65.7528
-66.0933
-65.9384
-65.8574
-66.4218
-65.9771
-66.1782
-66.283
-65.9689
-65.9341
-66.1944
-66.0574
-65.9266
-65.9591
-66.1121
-65.9023
-66.0872
-65.9945
-66.3211
-66.1539
-65.8419
-66.2051
-66.1969
-66.0997
-66.2431
-65.9492
-66.1576
-66.295
-65.961
-66.0672
-65.8826
-65.9088
-65.8813
-66.138
-65.8588
-65.9264
-65.9487
-65.8873
-65.9712
-66.164
-66.0327
-66.0334
-66.0722
-66.0213
-66.1683
-66.2201
-66.0768
-66.1803
-66.2464
-66.1541
-66.1626
-65.9445
-66.0709
-66.0559
-66.1945
-65.9916
-65.8808
-66.2848
-66.0906
-66.232
-65.872
-66.331
-66.0125
-65.8597
-65.7938
-66.057
-66.0644
-66.1771
-66.0038
-66.0579
-66.0118
-66.0251
-66.1799
-66.2332
-66.2249
-66.3141
-66.1131
-66.1351
-65.9065
-66.0617
-66.1885
-66.0256
-65.8903
-66.1841
-65.9859
-65.903
-66.0392
-66.2088
-66.0507
-66.1102
-65.8351
-65.9796
-66.2121
-66.0657
-66.109
-65.9332
-65.9477
-66.0429
-66.1902
-66.0327
-65.9645
-65.8696
-66.0961
-66.0274
-65.916
-66.2773
-66.0055
-66.0523
-66.1
-66.0732
-66.019
-66.1574
-65.9854
-65.9293
-66.244
-66.2101
-66.168
-66.1402
-66.0873
-66.2962
-66.3075
-66.0771
-66.0236
-66.0679
-65.9332
-65.931
-66.1511
-66.2058
-66.1334
-66.2589
-66.1028
-65.9651
-66.1662
-66.2445
-65.9856
-65.9578
-65.9491
-66.2747
-66.0033
-66.1799
-65.9427
-65.9924
-65.9825
-66.0171
-66.1856
-66.0247
-66.16
-65.9591
-66.0192
-65.9122
-65.9903
-66.0909
-66.2435
-66.0629
-66.0786
-66.1001
-65.9784
-65.8751
-66.05
-65.9908
-66.0069
-66.0826
-66.1529
-66.2888
-66.0263
-66.169
-66.0521
-66.1956
-66.1795
-66.0372
-66.0867
-66.2478
-65.9844
-65.9632
-65.8932
-66.0159
-66.1681
-66.0414
-66.399
-66.06
-66.2658
-66.0895
-66.1284
-65.9938
-66.1515
-66.0953
-66.189
-66.1571
-65.9632
-66.0587
-66.0263
-66.1133
-66.0661
-66.2113
-66.0245
-65.9478
-66.1905
-66.081
-66.1159
-66.2029
-66.1496
-66.1517
-65.9121
-66.0856
-66.0569
-66.1258
-65.997
-66.0873
-66.2473
-66.0087
-66.4331
-66.1722
-66.3776
-66.0942
-66.3467
-66.0473
-66.0638
-66.1441
-65.6664
-49.3057
-65.096
-66.0663
-65.9103
-65.9391
-66.095
-65.9553
-65.9581
-66.0311
-66.1723
-66.0945
-66.1863
-66.0302
-66.3149
-66.1525
-66.293
-66.1366
-66.1362
-66.0336
-65.9857
-65.9828
-66.1548
-66.0925
-66.1044
-66.038
-65.957
-66.0927
-66.1543
-65.8714
-65.9454
-66.0638
-66.0927
-66.1329
-66.1444
-66.0686
-66.1256
-65.9422
-66.1022
-66.0304
-66.0384
-66.1222
-65.965
-66.2653
-66.243
-66.1563
-66.3146
-66.1829
-66.3225
-65.871
-66.0443
-66.0956
-66.216
-65.9765
-66.1549
-66.1635
-66.1971
-66.1215
-66.2742
-65.9908
-66.1486
-66.2685
-66.1899
-66.0823
-66.2049
-65.9623
-66.1597
-66.3527
-66.1343
-66.0163
-65.9124
-66.0783
-66.1559
-66.1863
-66.0083
-66.1178
-66.0383
-66.0491
-66.2322
-66.1214
-66.1569
-66.0344
-66.1868
-66.0477
-66.0654
-66.0363
-66.067
-65.8723
-65.9534
-66.1909
-65.92
-66.2489
-66.0998
-66.1029
-66.0725
-66.0075
-65.9463
-65.942
-66.0054
-66.1334
-66.0417
-66.0568
-66.2137
-66.3102
-66.1217
-66.3207
-66.064
-66.1683
-66.0821
-66.0568
-66.244
-65.9833
-66.3038
-66.1513
-66.2118
-66.1734
-66.0998
-66.2041
-66.1283
-66.1776
-66.2285
-66.2067
-66.1004
-66.0602
-66.2871
-65.982
-66.1128
-66.4042
-66.0635
-66.1829
-66.0686
-66.2488
-66.2278
-66.3885
-66.1311
-66.3338
-66.035
-66.2548
-66.0453
-66.2904
-66.2675
-66.1839
-65.9603
-66.1152
-65.8274
-66.2011
-66.1196
-66.2655
-66.3453
-66.2585
-66.0779
-66.1934
-66.0702
-66.1525
-66.2424
-65.9463
-66.0977
-66.1097
-66.1344
-66.0662
-66.1891
-66.1493
-66.0723
-66.1252
-66.2988
-65.9352
-66.2328
-66.1393
-66.1197
-66.1915
-65.9984
-66.1431
-66.2203
-65.9917
-66.0641
-66.0558
-66.2173
-66.3038
-66.1288
-66.1402
-66.123
-66.1026
-66.3492
-66.1764
-65.9705
-66.1117
-66.06
-66.1014
-66.2884
-66.2467
-66.0552
-66.2657
-66.3055
-66.359
-66.3001
-66.4478
-66.1227
-66.1718
-66.0959
-66.3833
-66.1247
-66.3052
-66.446
-66.3206
-66.0208
-66.3624
-65.9602
-66.2801
-66.1078
-66.1319
-65.905
-66.0441
-66.0136
-66.1218
-66.0724
-65.9636
-66.0073
-66.1079
-65.9941
-66.3375
-66.1693
-66.3273
-66.1881
-66.0189
-65.9525
-65.9262
-66.2868
-66.147
-66.1144
-66.1035
-66.1089
-66.2677
-66.1722
-66.21
-66.3231
-66.0662
-66.0001
-66.2231
-66.2291
-66.0179
-66.083
-66.3382
-66.3004
-66.1187
-65.9403
-65.9805
-66.181
-66.1398
-65.9969
-65.8979
-66.0763
-65.9806
-66.1496
-66.3552
-66.2787
-66.3648
-66.1035
-66.4024
-66.2581
-66.1957
-66.2784
-66.0794
-66.1473
-66.2577
-66.1411
-66.2876
-66.2991
-66.2424
-66.1412
-66.3735
-66.2062
-66.1636
-66.4115
-66.3293
-66.1553
-66.1043
-66.3261
-66.0357
-66.1214
-66.4003
-66.0213
-66.1371
-66.3199
-66.2312
-66.2518
-66.0649
-66.173
-66.2624
-66.2802
-66.1875
-66.2361
-66.0523
-66.2088
-65.9644
-65.9969
-66.4341
-66.255
-66.1441
-66.2317
-66.3503
-65.9665
-65.9644
-65.8559
-66.2293
-66.1206
-66.1601
-66.2979
-66.1375
-66.1705
-66.3588
-66.2406
-65.9615
-66.2114
-66.3517
-66.4546
-66.2368
-66.4015
-66.3836
-65.9817
-65.8972
-66.3944
-66.009
-66.2339
-66.3374
-66.1539
-66.1554
-66.2543
-66.0678
-66.0735
-66.1475
-66.3634
-66.4048
-66.1433
-66.1617
-66.1855
-66.1484
-66.0696
-66.0143
-66.3814
-65.996
-66.1863
-66.1004
-66.2555
-65.9977
-66.1702
-66.2534
-66.5128
-66.1758
-65.9323
-66.2307
-66.0975
-66.0475
-65.9152
-66.1476
-66.0378
-66.1804
-66.0951
-66.3091
-66.2619
-66.306
-66.0225
-65.973
-66.2622
-66.1581
-66.1309
-66.2612
-66.3166
-66.1846
-66.3876
-66.3311
-66.0672
-65.9794
-66.0088
-66.0994
-66.151
-66.1511
-65.9546
-66.1273
-66.1789
-66.1587
-66.0739
-66.2814
-66.0996
-66.1091
-66.0609
-66.2894
-66.1597
-66.1179
-65.997
-66.1534
-66.177
-66.1879
-66.3892
-66.0347
-66.2394
-66.1411
-65.9689
-66.1853
-66.132
-66.0184
-66.0366
-65.9905
-66.1607
-66.1035
-66.1959
-66.3707
-66.35
-66.0734
-66.3247
-66.1204
-66.1558
-66.405
-66.1024
-66.0691
-66.1458
-66.0853
-66.1406
-66.1963
-65.9451
-66.2181
-65.9457
-66.1299
-66.2384
-66.1006
-66.4235
-66.1479
-66.1059
-66.2781
-66.1168
-66.0855
-66.1645
-66.3084
-66.0722
-66.1635
-66.1137
-66.3911
-66.2711
-66.2473
-65.9496
-65.9746
-66.2869
-66.1277
-65.9426
-66.2606
-65.9856
-66.0106
-66.051
-66.0804
-66.1839
-66.2101
-66.1989
-66.2107
-66.1922
-66.1735
-66.1116
-65.9191
-66.2013
-66.1577
-66.2992
-66.3681
-66.3721
-66.3134
-65.8649
-66.118
-66.0651
-66.2226
-66.1648
-66.1416
-66.0694
-66.0718
-66.0813
-66.4178
-66.1096
-66.3346
-65.7765
-66.3141
-66.0198
-65.9898
-66.1403
-66.2916
-66.3467
-66.0816
-66.1929
-66.1079
-65.9568
-66.2651
-66.2156
-66.0346
-66.1862
-66.2224
-66.27
-66.0299
-66.2899
-66.3725
-66.064
-66.2616
-65.8856
-66.083
-66.0077
-66.1101
-66.1285
-65.9678
-65.9924
-66.0824
-66.1067
-66.1383
-66.2131
-66.05
-66.2139
-66.2983
-66.0844
-66.2592
-66.1417
-66.1709
-66.3269
-66.064
-66.2406
-66.1297
-66.2893
-66.3376
-66.1072
-66.2399
-66.3045
-66.2649
-66.0817
-65.9379
-66.3747
-66.1692
-66.1221
-66.0705
-66.1611
-66.0757
-66.2124
-66.1416
-66.058
-66.1716
-66.0684
-66.0435
-66.1854
-65.9127
-66.2078
-66.1482
-66.167
-66.3029
-66.3696
-66.2521
-65.9726
-66.0655
-66.3427
-66.0984
-66.1506
-66.1988
-66.1697
-66.179
-66.3289
-66.0932
-66.1999
-66.1442
-66.0515
-65.897
-66.3434
-66.0929
-66.1828
-66.1942
-65.9575
-66.1631
-66.1375
-66.2211
-66.0832
-66.2436
-66.0621
-66.2429
-66.3698
-66.4242
-65.9871
-66.0907
-66.1966
-66.4379
-66.3555
-66.1334
-66.2394
-66.2643
-66.4391
-66.2633
-66.209
-66.1627
-65.8637
-65.9762
-66.0668
-66.1271
-66.2626
-66.2593
-66.3676
-66.1713
-66.2236
-66.1622
-66.3014
-66.2651
-66.2154
-66.3109
-66.2544
-66.0518
-66.0586
-66.1817
-66.1599
-66.2702
-66.3452
-66.0784
-65.991
-66.1565
-66.4608
-66.2679
-66.1625
-66.0262
-66.0498
-66.192
-65.1634
-66.1457
-66.2938
-66.516
-66.1206
-66.1672
-66.1045
-66.317
-66.154
-66.1362
-66.0085
-65.9431
-66.0208
-66.3752
-66.0788
-65.9844
-66.2169
-66.2638
-65.9066
-66.1622
-66.2135
-66.0806
-66.0446
-66.1814
-66.1271
-66.0818
-66.2043
-66.039
-66.3629
-66.1926
-66.322
-66.2808
-66.4426
-66.2401
-66.4441
-66.2342
-66.1617
-66.123
-66.0584
-66.1066
-66.1728
-66.2372
-66.2334
-66.1451
-66.1814
-65.9232
-66.0694
-66.1028
-66.1717
-66.0404
-66.0743
-66.0891
-66.2601
-66.3024
-66.2749
-66.2936
-66.1824
-66.0331
-66.1083
-66.1921
-66.1122
-65.9559
-65.9625
-66.1471
-66.2567
-66.3911
-66.1508
-66.1131
-66.1683
-66.2268
-65.8763
-66.404
-66.0849
-66.3293
-66.1341
-66.1448
-65.9671
-66.3217
-65.9145
-66.1887
-66.3724
-66.294
-66.2231
-66.3544
-66.1477
-66.1815
-66.0674
-66.0799
-66.2478
-66.0522
-66.2599
-66.1122
-66.0139
-66.2538
-66.5067
-66.1379
-66.2144
-66.2283
-66.1176
-66.0506
-66.3197
-66.025
-66.052
-66.3515
-66.2524
-66.2545
-66.0662
-65.9416
-66.2718
-65.9566
-65.834
-66.234
-66.2144
-66.4642
-65.9901
-66.0086
-66.2591
-66.2193
-66.1794
-66.1485
-66.2235
-66.3706
-66.1896
-66.3308
-66.2114
-66.1371
-66.2717
-66.2169
-66.3922
-66.0306
-66.0429
-66.053
-66.1055
-66.1198
-66.2652
-66.1951
-66.3484
-66.0941
-66.2992
-66.3242
-66.4676
-66.0722
-66.0738
-66.3578
-66.1923
-66.2348
-65.9682
-66.0309
-66.3966
-66.3923
-66.1299
-66.0833
-66.2343
-66.1013
-66.2068
-66.2292
-66.2435
-66.1849
-66.2786
-66.1809
-66.3757
-66.2996
-66.3293
-66.1853
-66.4239
-66.2683
-65.9626
-66.2088
-66.0349
-66.0719
-66.145
-66.1171
-66.2139
-66.1161
-66.0163
-66.1359
-66.3379
-66.0366
-66.2648
-66.1349
-66.0773
-66.1496
-66.0874
-66.2467
-66.2824
-66.2494
-66.2509
-66.0929
-66.1989
-66.3531
-66.0148
-66.3506
-66.1262
-66.1311
-66.3057
-66.0569
-66.0593
-66.1965
-66.1561
-66.0549
-66.2021
-66.1672
-66.0838
-66.3079
-66.0826
-65.9407
-66.1189
-66.1995
-66.4948
-66.167
-66.1324
-66.1186
-66.0524
-66.2318
-66.276
-65.9995
-66.1852
-66.1434
-66.2339
-66.1579
-66.1217
-66.2766
-66.0102
-66.312
-66.1598
-66.1344
-65.9979
-66.3699
-66.1593
-66.0359
-66.2521
-65.852
-66.0942
-66.0572
-66.4843
-65.9803
-66.1823
-66.3682
-66.0264
-66.4108
-66.1279
-66.0843
-66.3552
-66.3054
-66.074
-66.0597
-66.3685
-66.2133
-66.1315
-66.1932
-66.0977
-66.0862
-66.1115
-66.4061
-66.1262
-66.0695
-66.1206
-66.2581
-66.1543
-66.195
-65.9413
-66.229
-66.0806
-66.1387
-66.1885
-66.1558
-66.1258
-66.1948
-65.9475
-66.3097
-66.2583
-66.1296
-66.0939
-66.0986
-65.9944
-66.1151
-66.1546
-66.1667
-65.9353
-66.0827
-66.0015
-65.9619
-66.1639
-66.1925
-66.2676
-66.2294
-66.5916
-66.1327
-66.3568
-66.0774
-66.0283
-66.0795
-66.189
-66.3063
-66.2304
-66.3152
-66.2155
-66.0564
-66.201
-66.3225
-66.1471
-66.5936
-66.1499
-66.0946
-66.282
-66.1423
-66.1639
-66.256
-66.3619
-66.212
-66.0974
-65.9855
-65.9669
-66.2711
-66.0309
-66.1103
-66.0812
-66.2453
-66.5249
-66.0777
-66.1369
-66.2788
-66.2536
-66.027
-65.8982
-66.2467
-66.1081
-66.2341
-65.934
-66.1161
-66.2335
-66.0088
-66.1858
-66.1299
-66.1618
-66.1026
-66.2108
-66.2004
-66.1435
-66.3013
-65.8819
-66.1931
-66.0638
-65.9987
-66.2768
-66.1625
-66.3149
-66.3488
-66.2039
-66.0888
-66.279
-66.1839
-65.9776
-66.1215
-66.2242
-66.1799
-66.0946
-66.1338
-66.1568
-66.119
-66.1354
-66.2039
-66.114
-66.0044
-65.7924
-66.2591
-66.232
-65.9232
-66.1104
-66.0119
-66.2099
-66.4389
-66.0795
-66.1784
-66.0867
-66.2835
-66.01
-65.8931
-66.1255
-66.3783
-66.065
-66.3141
-66.3285
-66.2405
-66.3659
-65.865
-65.9675
-66.0917
-66.3824
-66.1236
-66.2994
-66.1023
-66.166
-66.2593
-66.0967
-66.251
-66.311
-66.1466
-66.1867
-66.3014
-66.1439
-66.0284
-66.0909
-66.2573
-66.2967
-66.2086
-66.0716
-66.2278
-65.9264
-66.0629
-66.4085
-66.351
-66.3921
-66.0097
-66.0163
-66.1795
-65.8891
-65.8979
-66.1406
-65.8939
-66.0494
-66.1682
-66.1717
-66.0434
-66.1533
-66.0397
-66.1312
-65.9298
-66.0738
-66.0795
-66.0644
-65.9294
-66.4647
-66.1726
-66.2934
-66.1534
-66.2551
-66.2416
-66.1145
-66.49
-66.0957
-66.1317
-66.2327
-66.1865
-66.1489
-66.1732
-66.1954
-66.0409
-66.085
-66.2737
-65.9974
-66.3804
-66.117
-66.226
-66.3535
-66.1161
-66.2899
-66.1523
-66.046
-66.0713
-66.2247
-65.8999
-65.984
-65.9973
-66.1212
-66.3032
-66.2039
-66.2352
-65.8532
-66.2186
-66.1548
-66.3219
-66.2711
-65.9176
-66.0442
-66.405
-66.3042
-65.9831
-65.8574
-66.0689
-66.0037
-66.2745
-66.0643
-66.2641
-66.4514
-66.2006
-66.1056
-66.1936
-66.2371
-66.3717
-66.1149
-66.0816
-65.9935
-66.0583
-65.978
-66.0168
-66.2019
-65.9984
-66.2007
-65.9884
-66.1375
-65.9324
-66.0223
-66.1854
-66.226
-66.1233
-66.1676
-66.1544
-66.1574
-66.3473
-66.2188
-66.0638
-66.1789
-66.1684
-66.1386
-66.1858
-66.2931
-66.2257
-66.4107
-66.2314
-66.1211
-66.3465
-66.0328
-65.9532
-66.3388
-66.202
-66.1904
-66.1478
-66.0498
-66.2384
-66.2494
-66.0607
-66.2776
-66.0469
-66.0655
-66.1638
-66.2953
-66.2105
-65.9091
-66.0875
-66.4182
-66.2384
-66.3109
-66.084
-65.9191
-66.2006
-66.175
-66.1392
-66.192
-66.1668
-66.0785
-66.208
-66.215
-66.084
-66.2391
-66.1191
-66.2861
-66.1244
-66.0961
-66.0974
-66.17
-66.2271
-66.0874
-66.1825
-66.0953
-66.0057
-66.0781
-66.2552
-66.0962
-66.1195
-66.0323
-66.2714
-66.1271
-66.0272
-66.0892
-66.1347
-66.1569
-66.1408
-66.242
-66.0925
-66.4034
-66.2252
-66.1524
-66.2429
-66.0915
-65.9672
-66.4029
-66.1208
-66.2601
-66.0963
-66.1836
-66.1588
-66.1295
-65.9723
-66.0183
-66.2046
-66.2344
-66.1741
-65.9358
-66.4068
-66.1941
-66.2573
-66.0731
-66.2902
-66.3078
-66.3158
-66.2043
-66.4007
-66.1965
-66.0252
-66.1815
-66.1193
-66.374
-66.2095
-66.1365
-66.3833
-66.2695
-66.1603
-66.0126
-66.0734
-65.9984
-65.9869
-66.0137
-66.2444
-66.0976
-66.1963
-66.2665
-66.1418
-66.1687
-66.3309
-66.1261
-66.4643
-66.1635
-66.0101
-66.186
-66.034
-65.9489
-65.8926
-66.227
-66.2196
-66.109
-66.0683
-66.3914
-66.1208
-66.1676
-66.1025
-66.1716
-66.2277
-65.9677
-66.1646
-66.2692
-66.0583
-66.3778
-66.3467
-66.2624
-65.9853
-65.8777
-66.0898
-66.1921
-66.2954
-65.9114
-66.189
-66.0696
-66.1299
-66.1794
-66.1329
-66.0315
-66.0796
-66.0889
-66.2068
-65.991
-65.9026
-65.927
-66.2509
-66.2584
-66.17
-65.9984
-66.0861
-66.0845
-66.0987
-66.0858
-66.2343
-66.0361
-66.2507
-66.2313
-66.3102
-66.2346
-66.0213
-66.1906
-66.2706
-66.1675
-66.0411
-66.2
-66.1225
-66.4167
-66.0755
-66.1839
-66.1404
-66.2357
-66.1511
-66.3898
-66.1506
-66.2512
-66.2572
-66.3421
-66.3229
-66.1761
-65.9427
-66.2177
-66.1652
-66.1751
-66.0786
-66.2871
-66.0814
-66.3121
-66.4819
-66.2508
-66.0544
-66.0287
-66.0554
-66.1909
-66.1146
-66.249
-66.163
-66.1992
-66.1348
-66.3534
-66.2971
-65.9564
-66.1722
-66.1311
-66.07
-66.0313
-66.3463
-66.0422
-65.9915
-65.9716
-66.1065
-66.0435
-66.2019
-66.0307
-66.1237
-66.0751
-66.2655
-66.0843
-66.1035
-66.3908
-66.0872
-66.1511
-66.0316
-66.1951
-66.1634
-66.123
-66.1607
-66.1262
-66.2435
-65.8948
-65.9803
-66.2298
-65.9031
-66.2483
-65.933
-66.1558
-66.1381
-65.7885
-65.978
-65.9004
-66.2146
-66.1486
-66.1043
-66.0163
-66.1179
-66.2396
-66.2844
-66.2373
-66.1232
-66.1675
-65.9773
-66.0925
-65.9252
-66.3672
-66.062
-66.193
-65.8984
-66.2367
-66.2195
-66.061
-66.2628
-66.0216
-66.136
-66.028
-66.1186
-66.2615
-66.0298
-66.3808
-66.1144
-66.2027
-66.2056
-66.1064
-66.0628
-66.143
-65.9933
-65.9337
-66.2056
-66.1628
-66.1997
-65.968
-66.1192
-66.07
-66.2634
-66.2196
-66.0776
-66.2619
-66.1312
-66.351
-66.1865
-65.8438
-66.266
-66.168
-65.3026
-66.1092
-66.1103
-66.0896
-66.1286
-65.944
-66.1055
-66.0265
-66.2005
-66.1224
-66.1394
-66.0942
-66.0855
-66.009
-66.1474
-66.0591
-66.0849
-66.074
-66.0914
-66.2202
-66.2852
-66.1949
-66.1982
-66.1638
-66.2318
-66.092
-66.1963
-66.1499
-66.0813
-66.4379
-66.0195
-66.1728
-66.1636
-66.2294
-66.0311
-66.2303
-66.0108
-66.2213
-66.0031
-66.1189
-66.2956
-66.0361
-66.1828
-65.9307
-65.9804
-66.0857
-66.1832
-66.3588
-66.2089
-66.1367
-65.8433
-66.1846
-65.9768
-66.1099
-66.081
-66.1024
-66.1253
-66.1898
-65.9101
-66.3546
-66.0955
-66.0036
-66.1418
-66.0921
-66.2801
-66.0638
-66.0793
-66.0738
-66.1796
-66.1308
-66.1642
-66.0966
-66.0181
-66.1183
-66.3462
-65.9825
-66.1141
-66.0392
-66.4183
-66.0482
-66.1248
-66.0549
-65.9723
-65.9383
-66.1245
-66.2885
-66.1331
-66.0594
-66.0232
-66.2793
-66.2129
-66.0853
-66.2568
-66.1962
-66.0734
-66.0379
-65.9834
-66.0244
-65.969
-66.2824
-66.2987
-66.1113
-65.9897
-66.0887
-66.3014
-66.3202
-66.0274
-65.9099
-66.021
-66.2212
-66.1641
-66.1464
-65.8132
-66.0562
-66.1012
-66.0862
-66.0334
-65.9504
-66.0729
-66.1703
-66.1662
-66.2399
-66.1771
-66.0664
-66.1908
-66.2005
-65.9415
-66.1765
-66.3677
-65.9895
-66.0362
-66.3533
-66.077
-65.8485
-66.191
-65.9633
-66.2163
-65.7667
-66.1346
-66.0398
-66.0797
-66.0414
-66.13
-66.2022
-66.0479
-66.0523
-66.0264
-66.0694
-65.9397
-65.9423
-66.0808
-66.2195
-66.0929
-66.2472
-66.0265
-65.9716
-65.8838
-66.091
-66.1796
-66.1767
-66.1759
-66.1773
-66.2398
-66.1847
-66.0273
-66.0341
-66.1288
-66.096
-66.0126
-66.1035
-66.0448
-66.0332
-66.2334
-66.1049
-66.237
-66.0474
-66.1049
-66.2702
-66.0468
-66.0508
-66.2544
-66.0806
-65.9836
-66.1726
-66.3116
-66.0977
-66.1235
-66.0507
-66.1536
-65.9559
-66.0429
-66.1079
-66.0816
-66.3725
-66.1412
-66.1443
-66.2711
-66.1102
-65.998
-66.0905
-65.9303
-65.9188
-66.1341
-65.9573
-65.978
-66.1598
-66.0551
-66.1415
-65.9744
-66.1202
-65.9459
-66.0895
-66.1495
-66.0632
-66.2146
-66.1524
-66.1533
-66.2082
-66.1371
-66.1363
-66.1493
-66.0151
-65.9471
-66.0848
-66.056
-65.8701
-65.9487
-65.9309
-66.0886
-66.1199
-66.2422
-66.1739
-66.0968
-66.1827
-66.056
-65.8177
-66.3848
-66.0964
-65.9062
-66.0162
-66.2845
-66.1236
-66.0962
-66.1621
-66.1014
-66.1614
-66.1105
-66.2168
-66.2425
-66.0133
-66.038
-65.88
-66.0423
-66.0861
-65.9387
-65.9667
-66.0868
-66.1199
-66.1113
-66.1087
-66.1941
-66.1253
-66.0876
-66.1057
-66.1128
-65.7935
-65.9656
-66.2872
-66.1505
-66.1216
-66.0706
-66.1102
-66.3316
-66.1557
-66.1097
-66.318
-66.0342
-65.8311
-65.9726
-66.1675
-65.865
-65.7399
-66.0293
-65.9942
-65.9744
-66.1706
-65.7418
-66.1397
-66.0144
-65.966
-66.0915
-66.2882
-66.1822
-65.9957
-66.1106
-66.1291
-66.2829
-66.1312
-66.4013
-65.9856
-65.8365
-66.1738
-66.2522
-65.8299
-66.2852
-66.0663
-66.0424
-66.0225
-65.7853
-66.1284
-66.2061
-66.0034
-66.0233
-66.1103
-66.0909
-66.1247
-65.9245
-66.2978
-66.0649
-66.2141
-65.9739
-65.9636
-66.0676
-65.9869
-66.2442
-66.0122
-65.9932
-66.0269
-65.9495
-65.9602
-66.0928
-66.2274
-66.2027
-66.2015
-66.3072
-65.9555
-66.0601
-66.0411
-66.1334
-66.1772
-66.0969
-66.0692
-65.9809
-66.0701
-66.1281
-66.2167
-65.918
-65.8844
-66.08
-66.0115
-66.18
-65.925
-65.8971
-66.0024
-66.0839
-66.2477
-66.2619
-65.9533
-66.0002
-66.052
-66.2316
-66.0866
-65.9725
-66.072
-66.0802
-66.1707
-66.1208
-66.0549
-66.0955
-65.9796
-66.0819
-65.9846
-66.0952
-66.1797
-66.0708
-66.0259
-66.1234
-66.3214
-65.8019
-65.8989
-66.182
-66.2103
-66.2407
-66.0902
-66.1455
-66.0086
-66.0912
-66.0675
-66.0932
-65.8814
-66.1247
-66.1003
-65.9442
-66.0163
-66.0672
-66.0889
-66.2429
-66.026
-66.2836
-66.0989
-66.2034
-66.062
-66.2949
-66.0073
-66.2258
-66.1127
-66.0578
-66.0865
-66.0551
-65.9342
-65.9162
-66.0922
-66.0732
-66.1796
-66.0539
-65.9438
-65.9806
-66.0811
-66.2662
-66.0126
-65.9724
-66.013
-66.2304
-66.012
-66.0411
-66.1523
-66.0707
-66.0897
-65.9799
-66.1671
-66.222
-66.1012
-65.9835
-66.0922
-66.0272
-66.1367
-65.8281
-65.9961
-66.1275
-66.362
-66.1192
-65.8472
-66.053
-65.9987
-65.893
-66.233
-65.9883
-65.8886
-66.0825
-66.063
-66.1698
-66.0723
-65.8923
-66.1217
-66.2651
-65.8917
-66.1055
-66.0729
-66.0194
-66.0801
-66.0746
-66.259
-66.1994
-66.0995
-66.1232
-66.1427
-66.1015
-65.948
-66.0456
-65.9146
-66.2412
-65.9265
-66.1154
-65.8789
-65.9137
-66.0501
-65.979
-66.1912
-66.2046
-66.1712
-65.9069
-65.8527
-66.0732
-65.9929
-66.2111
-66.009
-66.1347
-66.0522
-66.1948
-65.9649
-66.0595
-66.2275
-66.2048
-66.1925
-65.9978
-66.3227
-66.1606
-66.1685
-66.056
-66.1483
-65.9506
-66.1644
-65.9672
-66.1477
-66.0711
-66.1101
-65.9046
-66.1254
-65.9731
-66.053
-66.2216
-65.9581
-66.0019
-65.8258
-66.0563
-66.0133
-66.1173
-66.0614
-66.2808
-66.1554
-65.993
-66.0831
-65.899
-66.0617
-65.8197
-66.0871
-65.9659
-66.1813
-65.9749
-66.024
-66.0439
-66.2122
-65.9716
-65.929
-66.2661
-65.8301
-66.1142
-66.2901
-66.1706
-65.977
-66.0023
-66.0471
-66.1212
-65.877
-66.0155
-66.2719
-66.0821
-66.0554
-65.9509
-66.0974
-66.0562
-65.8124
-66.159
-66.1126
-66.1264
-65.9932
-66.0136
-66.2572
-66.0919
-66.1586
-65.8806
-66.1767
-66.2234
-66.1564
-66.0305
-66.0367
-66.1248
-65.9948
-66.2699
-65.9491
-65.9245
-66.1165
-66.3063
-66.1354
-66.1802
-66.2815
-66.1594
-66.1769
-66.3572
-65.9573
-66.071
-66.0538
-66.0289
-66.0797
-66.1135
-66.2549
-65.8785
-66.0439
-66.0638
-66.0099
-66.0385
-66.2382
-66.1754
-66.1745
-66.0181
-66.1577
-65.8768
-66.0204
-66.0909
-66.026
-65.7008
-66.1158
-65.7721
-66.008
-65.8262
-66.0298
-66.0357
-65.9621
-66.0715
-66.288
-66.0322
-65.9566
-65.9439
-65.9617
-66.0262
-65.7685
-66.2309
-66.073
-66.1106
-66.1711
-66.0755
-66.2657
-66.0236
-66.0022
-65.7798
-65.8807
-65.9514
-66.1434
-66.1065
-66.1216
-65.885
-65.9582
-66.1064
-65.9661
-65.8842
-65.8675
-66.2365
-66.0099
-66.0655
-65.9411
-66.0757
-66.0853
-66.0262
-65.9462
-66.226
-66.0661
-65.7989
-65.952
-66.0793
-65.9561
-66.2015
-66.0454
-66.0696
-65.8763
-66.0367
-65.9655
-65.9401
-66.0916
-66.2709
-66.1272
-66.0751
-66.2737
-65.9875
-66.1304
-66.0023
-65.8193
-66.0587
-66.0925
-66.1454
-66.109
-65.9081
-65.9715
-66.3476
-66.1238
-66.0328
-66.0054
-66.3542
-66.0034
-66.1391
-65.961
-66.245
-66.1473
-65.8593
-66.1242
-65.9406
-65.9223
-66.0801
-66.2178
-66.2281
-66.1189
-66.2677
-66.1431
-66.0927
-65.8493
-66.1228
-66.3627
-66.1525
-65.965
-65.9313
-66.0602
-66.2049
-66.0997
-66.0373
-66.0447
-65.9958
-65.9807
-65.8336
-66.1016
-65.8415
-65.7676
-66.0659
-66.1053
-66.1754
-66.3526
-66.2717
-66.0323
-65.887
-66.0041
-66.0677
-65.9141
-65.9898
-66.0704
-66.087
-66.0971
-66.0879
-66.0437
-66.1197
-65.9015
-65.9983
-66.0266
-65.8802
-66.1339
-65.9916
-66.0097
-66.0279
-65.931
-65.9351
-66.0095
-65.7922
-65.9045
-66.0583
-66.2077
-65.832
-65.9035
-66.1654
-66.0686
-65.9583
-66.1702
-65.9297
-66.0578
-65.9362
-66.0149
-65.9119
-66.0614
-65.9631
-66.123
-65.7698
-66.1652
-66.1058
-65.9009
-66.0535
-65.9427
-66.016
-66.1109
-66.0497
-66.09
-66.171
-66.1542
-66.1202
-66.129
-65.7797
-66.1484
-66.1104
-66.0702
-66.046
-66.0211
-65.8163
-66.1188
-66.1829
-65.9984
-65.856
-65.848
-65.9295
-65.9886
-66.0209
-66.0264
-66.1216
-66.29
-65.7863
-65.7833
-66.2468
-65.8064
-65.8915
-65.9979
-66.2301
-65.9723
-65.8713
-66.0499
-66.1134
-66.0298
-66.1019
-65.9955
-66.0339
-65.9231
-65.9067
-66.0678
-65.9474
-66.1293
-66.1639
-66.1994
-66.216
-66.2748
-65.8153
-65.9492
-66.0268
-65.9892
-65.9351
-65.9188
-66.0495
-66.1797
-65.8978
-66.1591
-65.9975
-66.0249
-65.9363
-65.9527
-65.8348
-65.9904
-65.9196
-66.288
-65.9815
-66.0636
-65.974
-65.819
-65.8221
-65.8859
-66.0028
-65.8901
-65.9598
-65.7485
-65.9755
-66.2383
-66.0427
-65.8772
-65.9994
-66.1215
-66.1113
-66.0958
-65.9503
-65.9179
-65.923
-65.9939
-66.1869
-65.9682
-65.8718
-65.9543
-66.0772
-66.0198
-66.0427
-66.0687
-66.146
-66.0912
-66.0467
-65.997
-65.8853
-66.075
-66.1608
-66.1091
-66.0736
-66.0508
-65.8023
-66.2303
-66.1343
-66.1169
-66.2791
-66.0169
-66.171
-65.864
-65.9416
-66.0819
-65.7818
-66.1282
-66.1437
-65.9832
-66.1459
-66.0726
-65.9819
-66.127
-65.9553
-65.8823
-66.0673
-66.0942
-66.1497
-65.9575
-66.1309
-65.9507
-65.8669
-66.0548
-66.0917
-66.1181
-65.7054
-66.1374
-65.947
-66.0756
-66.0596
-66.0027
-65.9992
-66.2298
-66.085
-65.7885
-65.7952
-65.9977
-65.7635
-66.111
-65.9803
-65.9354
-66.0846
-66.0456
-66.0237
-65.9835
-65.9401
-65.923
-65.9826
-65.9594
-66.0986
-66.0309
-66.0013
-65.9416
-65.8978
-66.1324
-66.0946
-65.9484
-65.9993
-65.9411
-65.893
-66.0517
-65.9565
-65.718
-66.1189
-66.0843
-65.9125
-65.9988
-65.9565
-65.8266
-65.8503
-66.1304
-66.2144
-65.9099
-66.0265
-65.9711
-66.0757
-66.0326
-66.0748
-66.0496
-65.8679
-65.9806
-65.8843
-65.9517
-66.084
-66.1841
-65.9872
-65.9507
-65.8752
-65.9356
-65.946
-66.0483
-66.1374
-65.8137
-66.1457
-66.1562
-66.1096
-65.9016
-65.9695
-66.0381
-66.0963
-66.0812
-66.0255
-65.9741
-66.0054
-66.177
-66.0925
-66.026
-65.9258
-65.7559
-65.95
-65.9856
-65.8145
-65.875
-66.1467
-66.0332
-66.0416
-66.0235
-65.8688
-66.1326
-65.9066
-65.9766
-65.9254
-65.9427
-65.9808
-65.9231
-66.0026
-66.0647
-65.9592
-65.9472
-65.9662
-65.9808
-65.8321
-66.0472
-66.1178
-65.9881
-65.8291
-65.8972
-66.1438
-65.8627
-65.9137
-66.0082
-65.9599
-65.9263
-66.1423
-65.896
-65.8719
-65.9301
-65.9969
-66.0646
-65.9714
-66.0425
-65.8873
-66.0951
-65.9087
-66.1155
-66.2109
-65.8984
-66.0766
-65.8962
-65.9521
-66.1521
-65.9707
-66.1318
-66.011
-65.8804
-66.0557
-66.1695
-66.0182
-66.0552
-66.1567
-65.9883
-65.8948
-65.9394
-65.8647
-66.1114
-66.3581
-66.0733
-66.0119
-65.9866
-66.1196
-66.0362
-66.2349
-65.7024
-65.9757
-66.161
-66.0603
-66.0087
-66.1546
-66.0861
-65.9652
-66.1953
-66.1995
-65.9443
-66.1398
-66.0869
-66.1217
-66.063
-66.1802
-66.097
-66.0776
-66.1114
-66.1066
-66.0062
-65.8315
-65.8155
-66.0604
-66.009
-65.9444
-65.9759
-65.9897
-65.83
-66.0994
-65.9693
-66.1237
-66.0837
-65.9702
-65.8362
-66.0938
-65.9708
-65.8351
-66.1467
-65.928
-65.9836
-66.2577
-65.9295
-65.9126
-66.1179
-66.0866
-65.8836
-65.9843
-66.0294
-66.0396
-65.9352
-66.0233
-65.9417
-66.1339
-65.8776
-65.8457
-66.152
-65.9346
-66.1316
-65.9979
-66.022
-66.0309
-65.9607
-66.1649
-65.7698
-65.9334
-66.0378
-66.1324
-65.8941
-66.0633
-66.1025
-66.0721
-66.1353
-65.8013
-65.8856
-65.9811
-65.8588
-65.9987
-65.9739
-66.0997
-65.8894
-66.4137
-66.1068
-65.8397
-65.8555
-65.9464
-66.0153
-66.0382
-66.1976
-65.9559
-66.141
-66.1231
-65.8965
-66.04
-66.1551
-66.0219
-66.033
-66.1685
-65.9971
-66.0275
-65.9022
-66.1624
-66.1068
-66.145
-66.0029
-65.6425
-65.9442
-66.1177
-66.0404
-65.9522
-66.1695
-66.214
-65.9857
-65.7603
-66.2099
-65.8142
-66.064
-65.8448
-65.977
-65.9086
-65.7132
-66.0632
-65.9382
-66.1753
-66.1483
-66.1395
-66.0177
-66.0187
-65.7945
-66.1494
-65.9705
-65.8457
-66.1051
-65.8487
-66.0004
-65.6139
-65.9978
-65.9042
-65.8335
-66.1518
-65.9026
-65.9028
-65.8036
-65.9517
-65.9955
-66.2497
-66.1835
-66.0699
-66.0907
-66.1796
-65.7697
-66.0571
-65.8912
-66.0015
-66.0501
-65.8522
-65.9506
-66.2199
-65.7791
-66.0106
-66.1556
-66.0718
-65.9672
-65.9589
-65.9209
-65.8632
-66.1232
-66.2127
-65.8663
-65.9628
-66.0703
-65.8164
-65.9473
-66.0935
-65.767
-66.1141
-65.719
-65.9381
-65.7973
-65.7858
-66.0014
-65.9923
-66.3746
-65.9434
-65.997
-65.8986
-66.1712
-65.7516
-66.1205
-66.0903
-65.9421
-65.9813
-66.0576
-65.9542
-65.9304
-65.9831
-66.1141
-65.7802
-66.0365
-65.9382
-66.0986
-66.054
-65.7891
-65.7983
-66.0488
-65.9431
-66.0401
-65.9862
-66.223
-65.9184
-65.9165
-65.814
-66.0802
-66.0166
-66.0506
-65.8271
-66.0679
-65.803
-66.158
-66.1699
-66.136
-65.818
-65.9007
-65.8649
-66.2306
-65.8885
-65.899
-66.0389
-66.0438
-65.6787
-66.1222
-66.055
-66.1449
-66.1837
-66.1269
-65.9997
-65.9842
-66.05
-66.2736
-65.9516
-66.1023
-66.0394
-65.8487
-65.9718
-66.1139
-66.0749
-66.1322
-66.2335
-66.0563
-65.9688
-66.0507
-66.1744
-66.0895
-66.0483
-66.041
-66.0464
-65.7613
-66.0341
-65.9318
-66.096
-65.977
-65.8607
-66.1178
-66.1164
-66.0442
-65.9454
-65.8719
-66.0389
-66.1087
-66.1116
-65.9776
-66.0128
-65.9077
-66.0157
-65.8892
-66.1707
-66.0073
-66.0249
-65.8918
-65.917
-65.9273
-66.0525
-66.1402
-65.9292
-66.0019
-65.9693
-66.0855
-65.8376
-66.0087
-65.6388
-66.2353
-65.9797
-66.0096
-66.0572
-66.0187
-66.0885
-66.1169
-65.7965
-66.0145
-65.983
-66.1226
-66.2626
-65.9207
-65.9473
-65.9866
-66.0043
-65.8075
-65.8847
-65.978
-66.0101
-65.8465
-66.1619
-65.8651
-65.8521
-66.1051
-65.9127
-65.8705
-65.9278
-65.86
-66.0525
-65.7989
-65.8512
-66.0547
-65.9099
-66.2332
-65.8831
-65.966
-65.794
-65.9262
-66.1772
-66.1968
-66.2308
-65.9588
-65.923
-65.8986
-66.1246
-65.8496
-66.2778
-65.9812
-65.8141
-66.0293
-65.9916
-66.0243
-65.8785
-65.8974
-66.1268
-66.1481
-65.9294
-65.9827
-66.043
-66.1833
-66.0836
-65.845
-66.0231
-66.0891
-65.9773
-65.8141
-66.0756
-66.0255
-66.0805
-66.1082
-66.1059
-66.0723
-66.151
-65.9688
-66.0334
-65.9361
-65.8877
-66.0615
-66.1101
-66.2337
-65.9346
-65.8561
-65.9311
-66.3353
-65.9383
-65.9197
-66.0473
-66.1002
-65.7999
-65.9621
-65.8898
-65.788
-65.8012
-65.9394
-66.2107
-66.0792
-66.0754
-66.2575
-66.0095
-65.9643
-65.9414
-66.0686
-66.027
-65.897
-66.2312
-66.0365
-65.9057
-65.8423
-65.8455
-66.0881
-65.926
-66.126
-66.031
-65.7864
-65.8604
-65.9914
-66.0269
-65.7307
-66.0754
-66.2028
-65.7939
-65.9465
-65.8848
-66.0929
-65.9795
-65.9006
-66.2398
-65.9508
-66.0757
-66.0481
-66.0949
-65.8389
-65.7392
-65.9963
-66.0579
-66.1093
-66.1411
-65.9942
-66.0827
-66.1746
-66.0866
-65.7844
-65.9396
-66.2463
-66.0725
-66.0976
-66.0892
-65.8389
-66.0837
-65.9271
-66.0951
-65.9637
-65.8238
-66.014
-66.0275
-65.9524
-65.9104
-65.776
-66.1114
-66.1836
-65.8876
-66.1038
-65.9605
-66.0523
-65.9508
-66.0251
-66.0099
-66.1217
-66.0683
-66.075
-66.0403
-66.1653
-66.0551
-65.9913
-66.0017
-65.8574
-66.0435
-66.087
-66.0465
-66.1117
-65.868
-66.0294
-66.2675
-66.1286
-66.1584
-66.2273
-65.783
-65.8646
-65.9873
-65.7569
-65.9569
-66.1
-66.0982
-65.6816
-66.0675
-66.0505
-65.8726
-65.9041
-66.0759
-66.0309
-66.0175
-66.1689
-65.8774
-66.0325
-66.1141
-66.1092
-65.9085
-66.0294
-65.9099
-66.1089
-65.9035
-65.9565
-66.067
-66.0721
-66.095
-66.0952
-65.9005
-66.0095
-65.8932
-66.0456
-66.2884
-66.0629
-66.2831
-65.9156
-66.0541
-65.9759
-66.0873
-65.9761
-65.9667
-65.9501
-65.8765
-66.1572
-66.0581
-65.9946
-65.9221
-65.79
-66.1428
-66.1139
-65.8918
-65.9232
-66.1481
-66.163
-66.1626
-65.8528
-65.9275
-66.1668
-66.0028
-65.9557
-66.0973
-65.921
-66.191
-66.0498
-65.982
-65.8752
-65.8747
-66.0119
-66.0743
-66.0444
-66.0996
-65.871
-66.0175
-65.8492
-65.7041
-65.9338
-66.0201
-66.2618
-65.8947
-66.0345
-65.9889
-66.1646
-66.042
-65.8455
-66.1381
-65.9553
-66.0016
-66.1096
-65.8778
-65.9029
-65.8938
-65.7689
-65.8205
-65.9396
-66.024
-66.2089
-65.9658
-65.9606
-65.9273
-66.0569
-66.0533
-65.7773
-65.8057
-65.8343
-65.9443
-66.0366
-65.9784
-65.9832
-66.2562
-66.0735
-66.1665
-66.231
-66.1559
-66.1735
-65.9135
-66.1674
-66.0798
-66.0206
-65.9624
-65.8569
-66.2115
-66.0315
-65.9086
-66.1695
-66.1688
-65.855
-65.8287
-66.161
-66.1778
-66.0185
-65.8872
-66.0179
-66.0041
-65.9403
-65.9764
-66.2124
-66.086
-66.0599
-65.8704
-66.116
-66.1623
-66.0307
-66.0413
-66.1167
-66.0627
-65.9801
-66.2035
-66.0002
-66.1109
-65.8595
-66.0379
-66.1148
-65.8746
-66.025
-66.0048
-66.0423
-66.0117
-65.8453
-65.988
-65.9186
-65.9864
-66.105
-65.8706
-65.8235
-66.0535
-66.1295
-66.2244
-65.955
-65.9781
-66.1471
-65.9355
-65.9473
-66.0698
-65.9521
-66.115
-65.9193
-65.8832
-66.0778
-66.0369
-65.945
-66.0117
-65.9551
-66.0475
-65.9789
-65.8217
-66.055
-66.055
-66.159
-66.1583
-66.0824
-66.2763
-65.9192
-65.9416
-66.1138
-66.1099
-66.0879
-66.0895
-66.1016
-65.9727
-65.9288
-66.465
-66.1995
-66.0716
-65.872
-66.1614
-66.0005
-65.9647
-65.9857
-66.0764
-66.0646
-65.9766
-66.2178
-66.0747
-66.0192
-66.0045
-66.1585
-66.0133
-65.9532
-65.9683
-66.0741
-66.2404
-65.8246
-66.1972
-66.027
-66.0142
-66.2169
-66.0314
-66.0217
-65.8836
-66.0353
-65.968
-66.0011
-66.1155
-65.92
-66.0615
-66.1409
-65.9304
-65.8386
-66.0506
-66.0561
-65.7439
-66.1905
-65.9764
-65.982
-66.118
-65.9843
-66.0029
-65.8616
-66.1008
-65.9486
-65.9215
-65.8688
-66.0902
-66.0831
-66.1384
-65.8911
-66.1417
-65.9997
-66.0577
-65.8012
-66.0445
-65.6881
-65.9681
-66.0872
-66.3216
-65.9639
-65.8205
-66.0618
-65.816
-66.1325
-66.007
-65.9779
-65.9206
-66.2045
-66.0815
-66.1152
-66.0103
-66.0466
-65.8903
-66.0125
-65.8323
-65.928
-66.2149
-66.076
-66.1253
-65.8661
-65.8419
-65.9419
-66.0653
-66.1007
-65.9788
-65.9424
-66.0352
-66.0611
-66.0081
-65.8409
-66.2776
-65.927
-65.9971
-66.1244
-66.0672
-65.9241
-66.2163
-65.9719
-66.0106
-66.0799
-65.8175
-65.978
-65.8755
-65.8979
-65.9507
-65.8869
-66.0673
-66.1463
-66.0622
-65.9773
-65.9996
-66.0516
-65.9447
-65.9933
-66.1493
-66.158
-65.9392
-66.1708
-66.0571
-65.8715
-65.9012
-65.9651
-66.0999
-66.0152
-66.0089
-65.9872
-66.1394
-65.8359
-65.9891
-65.8705
-66.0772
-66.1434
-65.8309
-66.0576
-65.8882
-66.1051
-66.2727
-66.0426
-65.7488
-66.1692
-66.0346
-66.1395
-65.8732
-65.8813
-66.0644
-65.9069
-66.0758
-66.0448
-66.2078
-66.1588
-66.1317
-65.8488
-66.2866
-66.0113
-66.1059
-66.2106
-66.1992
-65.9884
-65.7933
-65.8985
-66.0284
-65.9946
-66.0554
-66.1248
-65.9523
-66.0375
-66.1192
-66.0136
-65.9704
-66.0635
-66.0815
-66.1227
-66.2582
-65.9672
-66.1421
-66.0766
-66.1445
-66.2312
-66.1327
-66.0385
-66.0267
-65.9735
-66.0983
-66.1305
-65.9632
-66.1021
-65.8901
-65.7825
-65.934
-65.9962
-65.9923
-66.1884
-66.1859
-66.0485
-65.9268
-66.1642
-66.2863
-66.1092
-66.1824
-66.2596
-66.1652
-65.9917
-66.2999
-65.9311
-66.0286
-66.086
-66.0458
-65.9624
-66.1439
-66.1673
-66.1959
-66.2009
-65.9996
-65.9349
-66.0917
-66.0609
-66.049
-66.0595
-65.9621
-66.1472
-65.9351
-65.9704
-66.1273
-66.0982
-66.1034
-65.9479
-65.8814
-66.1285
-66.2102
-66.0957
-66.0088
-66.1031
-66.1327
-66.029
-66.1015
-65.9847
-66.1536
-65.962
-66.2083
-66.0532
-66.0583
-66.0259
-66.1829
-66.0605
-66.313
-65.8244
-66.1325
-65.6275
-66.0852
-66.1771
-66.146
-65.9677
-65.9841
-66.3251
-66.0604
-65.8013
-65.9892
-66.1755
-66.1868
-66.0063
-66.1283
-66.2636
-65.9055
-66.3043
-66.1117
-66.1262
-66.0878
-65.8895
-65.9644
-66.0755
-66.2915
-65.9686
-66.1186
-66.0006
-65.9547
-66.045
-66.2118
-66.1886
-66.0218
-66.0952
-66.2719
-66.0108
-66.0713
-65.9612
-66.1443
-66.1373
-65.9968
-65.8084
-66.1022
-66.1651
-66.2762
-65.8508
-65.9827
-66.02
-66.1222
-66.092
-66.0967
-66.1189
-66.0467
-66.2069
-66.1073
-66.0994
-66.1219
-66.1082
-66.2578
-66.0542
-66.082
-66.2822
-66.043
-66.1445
-66.3255
-65.9905
-65.9214
-65.9615
-66.0172
-66.0488
-66.129
-66.0216
-66.1856
-65.8507
-66.0508
-66.1673
-65.9353
-66.0996
-66.0526
-66.0763
-66.1702
-66.2505
-66.0669
-66.2216
-65.9655
-65.9942
-66.1004
-66.139
-65.9347
-66.0267
-66.1161
-66.2142
-66.0925
-66.0819
-66.1193
-66.1931
-66.1227
-66.1201
-66.1762
-66.1609
-66.1661
-66.1608
-65.8659
-65.9605
-66.2417
-66.0515
-66.0101
-66.2721
-65.9423
-66.0017
-66.2617
-66.1222
-66.1816
-65.9886
-66.1247
-65.9541
-66.1284
-66.2056
-66.0223
-66.0044
-66.2637
-66.5177
-66.18
-66.0981
-66.2341
-66.1633
-65.997
-65.9087
-66.1592
-66.1038
-66.2571
-65.9275
-66.2507
-65.9561
-66.0036
-65.9644
-66.0869
-65.9673
-65.9557
-66.097
-66.1387
-66.0858
-66.3388
-66.1136
-66.187
-65.9844
-66.2127
-66.0617
-65.9954
-66.1698
-66.1304
-66.2128
-66.0937
-65.9125
-65.9965
-66.0369
-65.9934
-65.9823
-66.1248
-65.9702
-66.1192
-66.2639
-66.2308
-66.1935
-65.804
-66.0715
-65.9009
-66.2469
-66.2605
-66.0032
-65.9839
-66.2416
-65.9371
-66.1965
-66.2288
-66.2103
-66.0495
-65.9665
-66.1621
-66.0091
-66.3368
-66.2746
-66.1293
-66.0377
-66.1017
-65.9718
-66.2079
-66.1643
-66.3013
-66.3078
-65.9994
-65.9162
-66.0546
-66.211
-66.3269
-66.4041
-65.9778
-66.1387
-66.0342
-66.3614
-65.9639
-66.1516
-66.1759
-66.2289
-66.4292
-66.0125
-66.1536
-66.2722
-66.1162
-66.0819
-66.0586
-65.9302
-66.0662
-65.9288
-66.1677
-66.0223
-66.1542
-66.0013
-66.2216
-65.8724
-65.9006
-66.1226
-66.0034
-66.3139
-65.7269
-66.1322
-66.2516
-66.4141
-66.1955
-66.4081
-66.1227
-66.1692
-66.2062
-66.036
-66.0637
-66.0931
-66.0209
-66.0866
-65.9191
-66.1828
-65.9512
-66.2997
-66.2382
-66.2655
-66.1077
-66.3209
-66.0285
-66.1382
-66.1376
-66.0594
-66.0185
-66.2937
-66.1091
-66.1664
-66.0501
-66.1164
-65.9413
-65.9926
-66.1084
-66.1764
-66.3575
-65.9636
-66.2929
-66.1635
-65.8582
-66.085
-66.0844
-66.1343
-66.1852
-66.1169
-66.145
-66.0622
-66.2762
-66.1244
-66.2719
-66.1282
-66.1685
-65.983
-66.0068
-66.1441
-66.092
-66.2224
-66.1501
-65.8858
-66.041
-66.1743
-66.0567
-65.9761
-66.1161
-65.9419
-66.0517
-66.0063
-66.1056
-66.0934
-66.2267
-65.9772
-66.1182
-65.9442
-66.2751
-66.1354
-65.836
-66.3812
-66.0256
-66.1459
-65.9966
-65.9637
-66.3098
-66.145
-66.1966
-65.9982
-66.1801
-65.7881
-66.221
-66.0865
-66.2755
-66.015
-66.0202
-66.0469
-66.1434
-66.0624
-66.2369
-66.0754
-66.4496
-66.16
-66.0702
-66.1382
-65.9353
-66.0485
-66.2909
-66.1424
-66.0989
-66.1926
-65.9796
-66.2641
-66.2979
-66.2575
-66.3858
-66.0602
-66.1613
-66.0315
-65.9277
-66.1837
-65.92
-65.9893
-66.0578
-66.0345
-66.2672
-66.2439
-66.1546
-66.3253
-66.1456
-65.9882
-66.2265
-66.2767
-65.9686
-66.2587
-66.0417
-66.3909
-66.0877
-66.2725
-66.318
-66.3248
-65.8956
-66.1373
-66.2478
-66.365
-66.4897
-66.1579
-66.2387
-66.1125
-66.2294
-66.3388
-66.0319
-66.2519
-66.0332
-66.2201
-66.0007
-66.2923
-66.2135
-66.1784
-66.1276
-66.4075
-65.978
-66.1839
-65.9128
-66.3108
-66.1195
-66.0134
-66.0911
-65.8355
-66.0853
-65.9073
-66.2139
-66.1488
-66.1061
-66.0138
-66.3023
-66.0594
-66.2824
-66.1744
-66.3791
-66.018
-66.0796
-66.1801
-65.9088
-66.2583
-66.0936
-66.1329
-66.4293
-66.0414
-66.2071
-66.1568
-66.0846
-66.1971
-66.0426
-66.2642
-66.1747
-66.1555
-66.3223
-66.2124
-66.3496
-65.8618
-66.4401
-66.1628
-66.0021
-65.9481
-66.4493
-66.2938
-66.2425
-66.1057
-66.2557
-66.2174
-66.1859
-66.3889
-66.0213
-66.1631
-66.1477
-66.0015
-66.298
-66.3845
-66.1305
-66.1157
-66.0851
-66.3135
-66.2552
-66.1789
-66.1
-66.0107
-66.286
-66.1243
-66.1063
-66.1862
-66.2257
-66.1134
-66.3026
-66.2662
-66.1152
-66.3079
-66.2451
-66.4673
-66.528
-66.1564
-66.3028
-66.435
-66.0883
-65.9047
-66.1859
-66.1862
-66.5526
-66.1725
-66.2415
-66.2096
-66.2426
-66.1768
-66.3611
-66.1878
-66.183
-66.0361
-66.2229
-66.1144
-66.0517
-66.2328
-66.1022
-66.1873
-66.3575
-66.2743
-66.3137
-66.0686
-66.2887
-66.1493
-65.9562
-66.2646
-65.956
-65.9021
-66.1731
-66.1822
-66.2451
-66.3628
-66.2737
-66.3214
-66.2607
-66.1471
-66.3171
-66.0923
-66.1063
-66.0022
-66.4126
-66.1159
-66.0817
-66.1806
-66.373
-66.2432
-66.2535
-66.3967
-66.0591
-66.1637
-66.2235
-66.2536
-66.179
-66.2805
-66.2113
-66.3631
-66.0873
-66.1986
-65.9984
-66.2431
-66.2188
-66.3597
-66.1278
-66.1778
-66.1348
-66.3859
-66.0651
-66.2284
-66.0538
-66.2276
-66.0312
-66.2956
-66.1386
-66.2497
-66.2502
-66.0265
-66.1639
-66.1857
-66.1293
-66.1649
-65.992
-66.2704
-66.109
-66.1465
-66.4025
-66.2027
-66.0403
-66.1278
-66.1853
-66.0086
-66.3466
-66.1192
-66.1335
-66.0946
-65.9716
-66.1556
-66.1578
-66.243
-66.0463
-66.1896
-66.1642
-66.0335
-66.1578
-66.1747
-66.2843
-66.1874
-66.4251
-66.1612
-66.0537
-66.3001
-66.1729
-66.3282
-66.3022
-66.1988
-66.2986
-66.1969
-66.1861
-66.3497
-66.0412
-66.1052
-66.2433
-66.1377
-66.1869
-66.4649
-66.2535
-66.1949
-66.1318
-66.3431
-66.0738
-65.9683
-66.2041
-66.0586
-66.2404
-66.1887
-66.0291
-66.2771
-66.4487
-66.344
-66.0995
-66.416
-66.3291
-66.1859
-66.3855
-66.3526
-66.312
-66.1807
-66.1342
-66.1062
-66.2783
-66.2927
-66.3508
-66.1532
-66.3221
-66.1844
-66.5408
-66.2578
-66.2684
-66.2359
-66.245
-66.016
-66.0201
-66.1044
-65.9287
-66.3719
-66.0517
-66.3829
-66.2888
-66.1504
-66.2071
-66.0587
-66.2745
-66.2973
-66.3085
-66.2014
-66.0219
-66.2796
-66.1995
-66.1304
-66.1183
-66.3214
-66.2388
-66.4098
-66.2444
-66.2524
-66.1618
-66.1625
-66.2435
-66.2919
-66.1888
-66.0395
-66.2013
-66.2034
-66.2825
-66.389
-66.3237
-65.9764
-66.3659
-66.3506
-66.1158
-66.0811
-66.4387
-66.4739
-66.0963
-66.3703
-66.2029
-66.1209
-66.1781
-66.1928
-65.1579
-66.2816
-66.2031
-66.0697
-66.3419
-66.2094
-66.4855
-66.2275
-66.1356
-66.1304
-66.1115
-66.2444
-66.4464
-66.3312
-66.3175
-66.2043
-66.2182
-66.173
-66.3766
-66.3163
-66.071
-66.1555
-66.3055
-66.1602
-66.4818
-66.1955
-66.1935
-66.1939
-66.2154
-66.1569
-66.3883
-66.1452
-66.2303
-66.3354
-66.5017
-66.143
-66.0782
-65.9755
-66.0966
-66.0743
-66.3699
-66.2789
-66.4243
-66.3011
-66.3932
-66.2409
-66.3475
-66.3033
-66.1371
-66.3053
-66.2666
-66.2499
-66.1761
-66.1808
-66.1361
-66.1672
-66.3106
-66.1241
-66.1309
-66.0111
-66.2021
-66.364
-66.1431
-66.2372
-66.1721
-66.1189
-66.3047
-66.3225
-66.4149
-66.3169
-66.0176
-66.1919
-66.122
-66.2778
-66.1667
-66.4287
-66.0588
-66.3481
-66.3039
-66.3246
-66.3117
-66.3394
-66.0672
-66.3863
-66.2011
-66.2534
-66.257
-66.2844
-66.3124
-66.2387
-66.2724
-66.1476
-66.319
-66.3841
-66.3487
-66.1293
-66.2599
-66.3666
-66.218
-66.3034
-66.0428
-65.9887
-66.141
-66.3318
-66.3435
-66.1009
-66.3334
-66.1823
-66.2632
-66.2479
-66.0533
-66.2313
-66.2771
-66.3113
-66.1138
-66.5744
-66.2383
-66.1788
-66.2147
-66.371
-66.5165
-66.3082
-66.5231
-66.0948
-66.1538
-66.1191
-66.3439
-66.3533
-66.1243
-66.5645
-66.1457
-66.2445
-66.4757
-66.2671
-66.3179
-66.4575
-65.9688
-66.2123
-66.1185
-66.2442
-65.9756
-66.2866
-66.1296
-66.137
-66.2438
-66.4219
-66.2813
-66.1093
-66.2887
-66.1252
-66.2573
-66.3466
-66.1298
-66.3538
-66.2814
-66.2636
-66.1303
-66.2873
-66.3389
-66.291
-66.3608
-66.343
-66.0338
-66.2767
-66.1951
-66.4176
-66.2559
-66.2911
-66.2793
-66.3539
-66.1168
-66.1565
-66.3021
-66.253
-66.2664
-66.2698
-66.251
-66.1913
-66.1838
-66.0836
-66.3166
-66.4155
-66.2614
-66.1012
-66.2339
-66.373
-66.3658
-66.3713
-66.1853
-66.1203
-66.232
-66.3105
-66.371
-66.4267
-66.2801
-66.2688
-66.4482
-65.9968
-66.3547
-66.1847
-66.1175
-66.185
-66.2723
-66.2348
-66.3646
-66.2375
-66.3967
-66.2736
-66.2588
-66.4327
-66.1557
-66.3954
-66.0027
-66.4112
-66.5014
-66.1594
-66.2437
-66.2888
-66.2974
-66.2062
-66.6068
-66.1923
-66.3558
-66.3001
-66.5029
-66.3871
-66.3017
-66.2896
-66.3093
-66.2708
-66.2558
-66.1587
-66.0669
-66.3959
-66.5352
-66.256
-66.4278
-66.3921
-66.1336
-66.2342
-66.2642
-66.0068
-66.048
-66.3704
-66.2902
-66.1938
-66.2366
-66.4632
-66.2668
-66.3813
-66.4939
-66.1244
-66.4559
-66.0052
-66.184
-66.3717
-66.2113
-66.2576
-66.0723
-66.3218
-66.2907
-66.1808
-66.2583
-66.49
-66.1498
-66.4099
-66.2857
-66.2962
-66.2885
-66.0717
-66.2207
-66.3731
-66.5083
-66.1649
-66.1591
-66.4768
-66.1662
-66.5483
-66.2687
-66.2843
-66.3282
-66.2465
-66.6561
-66.1698
-66.4011
-66.3277
-66.3933
-66.4843
-66.3639
-66.4369
-66.0912
-66.2565
-66.1282
-66.2415
-66.4166
-66.54
-66.4399
-66.4302
-66.3975
-66.192
-66.357
-66.4505
-66.489
-66.397
-66.5992
-66.4902
-66.163
-66.3223
-66.4681
-66.4962
-66.4932
-66.2438
-66.5775
-66.4249
-66.4304
-66.4191
-66.3173
-66.2324
-66.5772
-66.3659
-66.2661
-66.3273
-66.2541
-66.4313
-66.3598
-66.2007
-66.2805
-66.1436
-66.2362
-66.2826
-66.4218
-66.4712
-66.0865
-66.2347
-66.2665
-66.0046
-66.3796
-66.341
-66.3618
-66.4951
-66.3191
-66.2117
-66.1978
-66.4111
-66.3895
-66.3513
-66.3261
-66.2777
-66.2944
-66.3243
-66.3377
-66.4174
-66.3435
-66.4144
-66.3154
-66.0419
-66.4498
-66.2346
-66.3948
-66.2891
-66.3781
-66.4047
-66.4429
-66.2016
-66.0266
-66.2255
-66.3142
-66.3078
-66.3411
-66.3242
-66.3484
-66.3199
-66.0311
-66.3259
-66.4634
-66.2867
-66.458
-66.3305
-66.4052
-66.2757
-66.4422
-66.3502
-66.2879
-66.0673
-66.5253
-66.4252
-66.4105
-66.3173
-66.1861
-66.1991
-66.346
-66.4442
-66.0947
-66.3685
-66.1781
-66.4191
-66.3684
-66.3824
-66.1825
-66.5198
-66.6359
-66.3336
-66.2327
-66.4139
-66.2491
-66.493
-66.1309
-66.4029
-66.1924
-66.3148
-66.3274
-66.3931
-66.4786
-66.4062
-66.5987
-66.2476
-66.3345
-66.4577
-66.3009
-66.3539
-66.4232
-66.3989
-66.3166
-66.6083
-66.2706
-66.3446
-66.2049
-66.5337
-66.3591
-66.3016
-66.2
-66.3325
-66.4522
-66.3235
-66.3196
-66.1852
-66.3711
-66.3294
-66.4374
-66.6058
-66.4871
-66.5167
-66.2054
-66.4217
-66.3838
-66.4527
-66.3697
-66.1879
-66.3925
-66.6119
-66.5285
-66.3644
-66.1865
-66.2323
-66.4566
-66.2107
-66.4689
-66.6768
-66.1276
-66.3509
-66.2668
-66.473
-66.1919
-66.3511
-66.4534
-66.3377
-66.4914
-66.3367
-66.1841
-66.5395
-66.386
-66.3763
-66.3401
-66.5322
-66.5013
-66.2002
-66.4727
-66.4093
-66.4768
-66.4647
-66.5581
-66.5373
-66.5237
-66.3393
-66.4318
-66.2077
-66.3043
-66.1495
-66.5477
-66.2585
-66.3954
-66.3079
-66.3906
-66.4037
-66.4199
-66.068
-66.3714
-66.4845
-66.3371
-66.4123
-66.4598
-66.374
-66.5327
-66.335
-66.4399
-66.5918
-66.3895
-66.5367
-66.3873
-66.4491
-66.2451
-66.3106
-66.2593
-66.3593
-66.3252
-66.4533
-66.2816
-66.2029
-66.5318
-66.3845
-66.3089
-66.2512
-66.23
-66.5932
-66.1347
-66.3084
-66.2877
-66.2329
-66.2948
-66.491
-66.4447
-66.3838
-66.2144
-66.3936
-66.4472
-66.3871
-66.2533
-66.3609
-66.1602
-66.4489
-66.3331
-66.4687
-66.202
-66.3803
-66.4359
-66.2815
-66.4453
-66.5084
-66.2124
-66.6022
-66.4914
-66.2881
-66.5397
-66.396
-66.5221
-66.2307
-66.3009
-66.3191
-66.2461
-66.16
-66.5325
-66.2075
-66.3553
-66.1818
-66.0672
-66.4393
-66.5077
-66.2008
-66.3474
-66.504
-66.326
-66.7147
-66.4696
-66.5686
-66.3622
-66.2677
-66.315
-66.2946
-66.4608
-66.3247
-66.3773
-66.3234
-66.311
-66.4982
-66.2596
-66.603
-66.5007
-66.5025
-66.6281
-66.5093
-66.0492
-66.2501
-66.3176
-66.4685
-66.407
-66.6224
-66.7914
-66.4837
-66.5304
-66.4451
-66.32
-66.5044
-66.3901
-66.4163
-66.3731
-66.4327
-66.2938
-66.4513
-66.2928
-66.7145
-66.2308
-66.3901
-66.2569
-66.3669
-65.686
-66.3229
-66.5504
-66.5236
-66.333
-66.3845
-66.272
-66.3903
-66.2817
-66.428
-66.276
-66.2388
-66.38
-66.3133
-66.4136
-66.1689
-66.425
-66.3283
-66.5245
-66.6085
-66.3655
-66.4011
-66.4076
-66.572
-66.4723
-66.3754
-66.2936
-66.464
-66.1866
-66.6915
-66.5208
-66.2252
-66.4901
-66.4103
-66.1993
-66.6546
-66.5309
-66.4221
-66.4308
-66.5389
-66.3077
-66.4891
-66.4944
-66.6287
-66.4411
-66.5158
-66.5107
-66.4259
-66.4758
-66.1979
-66.2235
-66.4635
-66.3957
-66.4899
-66.4234
-66.2376
-66.5098
-66.3203
-66.4134
-66.1324
-66.6296
-66.136
-66.5073
-66.4578
-66.3948
-66.3944
-66.2704
-66.3758
-66.3197
-66.3821
-66.2464
-66.4291
-66.4275
-66.3125
-66.3403
-66.4533
-66.527
-66.3504
-66.3175
-66.3423
-66.5156
-66.2457
-66.3748
-66.468
-66.3259
-66.2255
-66.4016
-66.427
-66.517
-66.5964
-66.3718
-66.3966
-66.4056
-66.5046
-66.3111
-66.2742
-66.3043
-66.3591
-66.3406
-66.4615
-66.3662
-66.3553
-66.4152
-66.394
-66.3611
-66.2068
-66.3515
-66.4461
-66.4498
-66.4259
-66.5027
-66.3816
-66.5167
-66.3045
-66.4936
-66.2708
-66.3648
-66.4586
-66.2562
-66.5479
-66.4474
-66.2255
-66.4824
-66.1712
-66.3076
-66.4127
-66.2325
-66.2905
-66.2506
-66.4013
-66.3379
-66.3739
-66.3917
-66.2752
-66.4588
-66.4509
-66.5593
-66.7891
-66.66
-66.4559
-66.3098
-66.3524
-66.4968
-66.4626
-66.5469
-66.5764
-66.5406
-66.2475
-66.5594
-66.5543
-66.3932
-66.473
-66.3634
-66.6502
-66.2518
-66.3903
-66.4634
-66.4349
-66.361
-66.3411
-66.3335
-66.3119
-66.5201
-66.4587
-66.3772
-66.2634
-66.2831
-66.1545
-66.4447
-66.3681
-66.6394
-66.4481
-66.3519
-66.4336
-66.4471
-66.3686
-66.5237
-66.5695
-66.4673
-66.4664
-66.6397
-66.6665
-66.5951
-66.3949
-66.4066
-66.3532
-66.5673
-66.4876
-66.5208
-66.4283
-66.5972
-66.589
-66.3349
-66.4441
-66.4357
-66.3377
-66.5772
-66.6494
-66.643
-66.6018
-66.6983
-66.3687
-66.3081
-66.495
-66.4897
-66.328
-66.2511
-66.5496
-66.4223
-66.5393
-66.3542
-66.3522
-66.4987
-66.52
-66.5453
-66.3371
-66.5162
-66.551
-66.4941
-66.4179
-66.5943
-66.547
-66.4554
-66.4016
-66.316
-66.4956
-66.568
-66.4065
-66.497
-66.6477
-66.3999
-66.3381
-66.6359
-66.5884
-66.7051
-66.395
-66.4464
-66.49
-66.5187
-66.4576
-66.4654
-66.4604
-66.2716
-66.4256
-66.3776
-66.3058
-66.4324
-66.7168
-66.299
-66.2526
-66.4783
-66.4374
-66.3551
-66.5654
-66.315
-66.4448
-66.4752
-66.2567
-66.5124
-66.4199
-66.5371
-66.4278
-66.6319
-66.3426
-66.3375
-66.396
-66.3333
-66.4417
-66.4216
-66.416
-66.5223
-66.6258
-66.5109
-66.444
-66.5753
-66.5063
-66.3969
-66.7125
-66.3925
-66.4845
-66.6818
-66.3787
-66.5646
-66.3543
-66.6682
-66.49
-66.6355
-66.6593
-66.3304
-66.3697
-66.4493
-66.3419
-66.5177
-66.5049
-66.6187
-66.601
-66.4448
-66.6604
-66.3097
-66.5743
-66.7009
-66.443
-66.7302
-66.1267
-66.456
-66.6212
-66.4897
-66.3424
-66.4988
-66.3779
-66.4698
-66.5607
-66.2831
-66.6051
-66.6931
-66.6533
-66.7609
-66.4429
-66.6427
-66.3638
-66.5196
-66.368
-66.4964
-66.4627
-66.4688
-66.4477
-66.3632
-66.4625
-66.6797
-66.4504
-66.412
-66.3181
-66.504
-66.4724
-66.2351
-66.5499
-66.5682
-66.4605
-66.5857
-66.4266
-66.4268
-66.3562
-66.4614
-66.5824
-66.4472
-66.4232
-66.4657
-66.5882
-66.4735
-66.3727
-66.627
-66.3105
-66.5391
-66.1211
-66.3991
-66.4791
-66.2622
-66.4826
-66.491
-66.5162
-66.5572
-66.3804
-66.5013
-66.5027
-66.4576
-66.4212
-66.6641
-66.6079
-66.4408
-66.5249
-66.5481
-66.4784
-66.5392
-66.3823
-66.403
-66.6185
-66.334
-66.4125
-66.6292
-66.3283
-66.5795
-66.3982
-66.4087
-66.5513
-66.34
-66.4221
-66.2761
-66.5995
-66.4066
-66.4835
-66.4852
-66.4962
-66.6548
-66.6367
-66.6319
-66.4789
-66.3927
-66.547
-66.6155
-66.411
-66.6102
-66.542
-66.4933
-66.3219
-66.6597
-66.3695
-66.4085
-66.7435
-66.4223
-66.4967
-66.475
-66.4891
-66.6338
-66.6679
-66.6116
-66.6804
-66.7199
-66.5033
-66.544
-66.223
-66.2694
-66.4108
-66.5189
-66.6942
-66.4616
-66.5753
-66.4993
-66.3532
-66.4026
-66.6976
-66.424
-66.6351
-66.4864
-66.502
-66.4404
-66.5186
-66.4691
-66.3658
-66.6044
-66.675
-66.4642
-66.4791
-66.4912
-66.4957
-66.5815
-66.5274
-66.1286
-66.6389
-66.5183
-66.6149
-66.3341
-66.3343
-66.4986
-66.5322
-66.446
-66.6408
-66.6009
-66.3194
-66.4867
-66.4056
-66.5408
-66.5
-66.5783
-66.7192
-66.5504
-66.3602
-66.5316
-66.2544
-66.2304
-66.8077
-66.3222
-66.393
-66.3898
-66.6081
-66.4115
-66.723
-66.3906
-66.3442
-66.4893
-66.7162
-66.5195
-66.3233
-66.646
-66.5804
-66.385
-66.4488
-66.5115
-66.5709
-66.4818
-66.572
-66.3692
-66.5034
-66.3253
-66.4962
-66.579
-66.2779
-66.4605
-66.6256
-66.5031
-66.5085
-66.3319
-66.4742
-66.4002
-66.5756
-66.4904
-66.5537
-66.4831
-66.5589
-66.3542
-66.3911
-66.4533
-66.5154
-66.5688
-66.6301
-66.591
-66.5758
-66.5501
-66.2706
-66.62
-66.5047
-66.4736
-66.6031
-66.4822
-66.5392
-66.4741
-66.4023
-66.6764
-66.5883
-66.4149
-66.5392
-66.7527
-66.5786
-66.6135
-66.6963
-66.6104
-66.6185
-66.4374
-66.6498
-66.5766
-66.564
-66.4139
-66.3101
-66.3018
-66.3376
-66.2663
-66.3315
-66.4661
-66.5772
-66.5467
-66.3625
-66.5533
-66.5261
-66.4633
-66.5079
-66.534
-66.4492
-66.3853
-66.4914
-66.6196
-66.5208
-66.588
-66.4955
-66.512
-66.2003
-66.4042
-66.6372
-66.4579
-66.3503
-66.6117
-66.4912
-66.5506
-66.3547
-66.5841
-66.5394
-66.3859
-66.5693
-66.4821
-66.5617
-66.647
-66.7506
-66.4251
-66.3237
-66.5462
-66.4306
-66.5265
-66.5604
-66.6133
-66.6102
-66.5356
-66.3519
-66.4426
-66.5793
-66.4085
-66.5265
-66.4838
-66.5898
-66.434
-66.6643
-66.4381
-66.5973
-66.3842
-66.6434
-66.4534
-66.6233
-66.4859
-66.6394
-66.5498
-66.38
-66.5339
-66.5358
-66.5139
-66.5917
-66.5943
-66.6059
-66.5531
-66.7243
-66.6728
-66.2981
-66.6659
-66.5154
-66.7618
-66.6584
-66.6393
-66.4846
-66.4304
-66.3809
-66.4165
-66.3417
-66.4845
-66.4497
-66.4285
-66.4371
-66.6034
-66.6934
-66.3559
-66.5441
-66.597
-66.4626
-66.4779
-66.6687
-66.3291
-66.85
-66.7539
-66.5846
-66.6031
-66.6488
-66.4309
-66.4934
-66.4997
-66.6168
-66.6624
-66.536
-66.3571
-66.5532
-66.418
-66.2764
-66.4317
-66.4764
-66.5819
-66.6045
-66.4546
-66.3756
-66.4473
-66.5293
-66.2563
-66.5129
-66.7144
-66.5788
-66.6116
-66.6567
-66.5349
-66.4711
-66.4313
-66.5278
-66.8966
-66.5011
-66.6091
-66.6195
-66.3727
-66.7422
-66.3774
-66.6605
-66.5454
-66.5786
-66.6621
-66.4453
-66.4358
-66.7201
-66.3046
-66.3553
-66.3871
-66.542
-66.5886
-66.5614
-66.5913
-66.5448
-66.3814
-66.721
-66.5505
-66.6599
-66.4714
-66.5861
-66.6931
-66.4844
-66.3862
-66.5977
-66.4986
-66.7438
-66.5343
-66.6279
-66.5551
-66.5664
-66.5259
-66.7625
-66.4751
-66.686
-66.6294
-66.7989
-66.5634
-66.5641
-66.5993
-66.6658
-66.5093
-66.7166
-66.6098
-66.5575
-66.5632
-66.4425
-66.557
-66.55
-66.6681
-66.6228
-66.5572
-66.8156
-66.527
-66.5907
-66.5996
-66.4228
-66.4008
-66.6282
-66.6802
-66.4719
-66.4432
-66.7305
-66.5773
-66.5652
-66.6212
-66.4128
-66.5849
-66.7547
-66.5538
-66.5071
-66.6082
-66.6341
-66.4093
-66.6957
-66.6347
-66.5427
-66.6643
-66.6129
-66.5191
-66.5787
-66.5497
-66.4704
-66.4572
-66.5843
-66.688
-66.7596
-66.5547
-66.3243
-66.4694
-66.6538
-66.4796
-66.6517
-66.428
-66.5099
-66.3937
-66.4924
-66.5986
-66.6482
-66.3844
-66.3898
-66.6348
-66.499
-66.5395
-66.6137
-66.4586
-66.5634
-66.6231
-66.5409
-66.5384
-66.6709
-66.7343
-66.3537
-66.5923
-66.4194
-66.5953
-66.4581
-66.5179
-66.3444
-66.524
-66.5702
-66.5905
-66.7459
-66.6168
-66.6438
-66.4787
-66.5713
-66.6084
-66.5895
-66.4332
-66.7628
-66.5427
-66.6894
-66.4472
-66.5421
-66.4736
-66.4689
-66.7819
-65.3715
-66.3309
-66.5245
-66.527
-66.6086
-66.4292
-66.6679
-66.5287
-66.4564
-66.5274
-66.6231
-66.5476
-66.7722
-66.5207
-66.5477
-66.3988
-66.5623
-66.6358
-66.6597
-66.5382
-66.7312
-66.5923
-66.4794
-66.6992
-66.7019
-66.7898
-66.4578
-66.5641
-66.7896
-66.6682
-66.6512
-66.5569
-66.5772
-66.3339
-66.1846
-66.6498
-66.6407
-66.6368
-66.5434
-66.3715
-66.6823
-66.5996
-66.9046
-66.6938
-66.8486
-66.7996
-66.5285
-66.7642
-66.7269
-66.4542
-66.3228
-66.6897
-66.6125
-66.7544
-66.5965
-66.4465
-66.6615
-66.559
-66.6728
-66.7709
-66.4666
-66.5474
-66.5427
-66.4217
-66.8009
-66.4191
-66.7928
-66.4995
-66.6296
-66.3833
-66.565
-66.6598
-66.6956
-66.7509
-66.5294
-66.5107
-66.6431
-66.6316
-66.702
-66.4732
-66.5583
-66.5069
-66.6487
-66.4787
-66.4986
-66.6112
-66.6144
-66.667
-66.7069
-66.6323
-66.4998
-66.521
-66.5803
-66.6086
-66.6622
-66.41
-66.7201
-66.6771
-66.671
-66.7974
-66.7265
-66.6614
-66.5549
-66.5768
-66.6489
-66.6918
-66.3655
-66.5066
-66.5671
-66.8192
-66.4349
-66.5877
-66.6427
-66.4222
-66.5395
-66.5108
-66.4759
-66.4386
-66.6034
-66.6946
-66.7574
-66.7163
-66.4631
-66.5722
-66.4317
-66.6898
-66.4848
-66.5123
-66.8508
-66.638
-66.4963
-66.7088
-66.7074
-66.5794
-66.5152
-66.6209
-66.6737
-66.633
-66.5518
-66.7916
-66.7282
-66.5411
-66.6157
-66.408
-66.4253
-66.6331
-66.3845
-66.5828
-66.4965
-66.7266
-66.6414
-66.5604
-66.4171
-66.7683
-66.6644
-66.4468
-66.7735
-66.5545
-66.7831
-66.5125
-66.7166
-66.5241
-66.5839
-66.7467
-66.7148
-66.4343
-66.5657
-66.6755
-66.5341
-66.7966
-66.5336
-66.5898
-66.3512
-66.6835
-66.6659
-66.6185
-66.7085
-66.5437
-66.4868
-66.7326
-66.4999
-66.6772
-66.7014
-66.5017
-66.6362
-66.556
-66.7686
-66.5806
-66.3758
-66.4923
-66.6461
-66.5128
-66.5719
-66.5806
-66.5639
-66.3853
-66.393
-66.7087
-66.5585
-66.5481
-66.4818
-66.6743
-66.5004
-66.6773
-66.5232
-66.4262
-66.506
-66.4266
-66.4854
-66.7306
-66.4044
-66.6038
-66.5244
-66.6126
-66.5813
-66.7211
-66.6683
-66.7141
-66.6606
-66.439
-66.6241
-66.5502
-66.5186
-66.4163
-66.6953
-66.6237
-66.4992
-66.7869
-66.3417
-66.7299
-66.5318
-66.4357
-66.7346
-66.2946
-66.6208
-66.3492
-66.6168
-66.6957
-66.5705
-66.6666
-66.6811
-66.4673
-66.6023
-66.6541
-66.6351
-66.6584
-66.3468
-66.3963
-66.5669
-66.4005
-66.5954
-66.7221
-66.5952
-66.6936
-66.5209
-66.6384
-66.7027
-66.3503
-66.431
-66.6032
-66.4457
-66.5916
-66.492
-66.671
-66.5676
-66.5029
-66.5659
-66.7904
-66.4226
-66.5916
-66.6759
-66.5881
-66.4729
-66.4041
-66.5686
-66.6574
-66.7378
-66.5849
-66.569
-66.7239
-66.6626
-66.5092
-66.5304
-66.5585
-66.764
-66.4416
-66.4696
-66.6594
-66.564
-66.5921
-66.688
-66.5209
-66.6733
-66.5632
-66.6839
-66.3979
-66.6525
-66.4313
-66.7805
-66.7185
-66.5652
-66.4445
-66.4631
-66.5643
-66.5418
-66.5735
-66.3461
-66.7681
-66.4934
-66.4046
-66.5831
-66.5064
-66.6347
-66.5075
-66.5392
-66.6341
-66.467
-66.7327
-66.5974
-66.6489
-66.3295
-66.7223
-66.5599
-66.7458
-66.5083
-66.738
-66.4495
-66.7611
-66.5375
-66.8622
-66.2999
-66.5108
-66.8058
-66.6281
-66.568
-66.6469
-66.7104
-66.462
-66.618
-66.6665
-66.5182
-66.7315
-66.4168
-66.6937
-66.7539
-66.6107
-66.5604
-66.4651
-66.6447
-66.4142
-66.4078
-66.8353
-66.3846
-66.6073
-66.7326
-66.6071
-66.3103
-66.8183
-66.4947
-66.5129
-66.6988
-66.5041
-66.5961
-66.3693
-66.4804
-66.6695
-66.348
-66.5061
-66.3691
-66.4164
-66.5842
-66.4577
-66.7002
-66.6108
-66.4491
-66.3973
-66.6589
-66.6
-66.7617
-66.6707
-66.5317
-66.3552
-66.6387
-66.7373
-66.5555
-66.3687
-66.5851
-66.8428
-66.2805
-66.4665
-66.6193
-66.7441
-66.6299
-66.5024
-66.5197
-66.5262
-66.478
-66.6272
-66.6413
-66.664
-66.4931
-66.757
-66.4207
-66.5122
-66.768
-66.5878
-66.5982
-66.8618
-66.6419
-66.6424
-66.6581
-66.708
-66.5783
-66.6902
-66.5069
-66.5895
-66.636
-66.6691
-66.6357
-66.419
-66.497
-66.6735
-66.6763
-66.4062
-66.5669
-66.4186
-66.5642
-66.583
-66.5056
-66.6
-66.5262
-66.6969
-66.523
-66.5271
-66.4803
-66.6076
-66.5451
-66.613
-66.412
-66.3901
-66.7334
-66.6103
-66.5171
-66.5171
-66.5866
-66.4532
-66.5533
-66.536
-66.6201
-66.5855
-66.6146
-66.6432
-66.5969
-66.3206
-66.5846
-66.3166
-66.6409
-66.7793
-66.8291
-66.6124
-66.4394
-66.4677
-66.5499
-66.5939
-66.4595
-66.4176
-66.7449
-66.5197
-66.7121
-66.6043
-66.5534
-66.5692
-66.6463
-66.6215
-66.4245
-66.6953
-66.6712
-66.4591
-66.3469
-66.5688
-66.6159
-66.5901
-66.3931
-66.7499
-66.3805
-66.4846
-66.6323
-66.5015
-66.5625
-66.5242
-66.4087
-66.9791
-66.6644
-66.507
-66.6143
-66.6063
-66.6577
-66.4366
-66.4567
-66.3425
-66.8245
-66.5255
-66.6299
-66.7463
-66.4778
-66.6387
-66.6777
-66.3929
-66.2802
-66.4152
-66.7427
-66.5926
-66.6848
-66.3782
-66.7052
-66.7234
-66.6762
-66.3605
-66.6828
-66.4011
-66.6917
-66.6137
-66.2356
-66.5819
-66.4413
-66.7927
-66.6431
-66.5325
-66.5804
-66.4245
-66.5801
-66.4557
-66.4619
-66.5749
-66.5761
-66.5425
-66.6118
-66.4424
-66.574
-66.7204
-66.3415
-66.7536
-66.77
-66.4691
-66.596
-66.73
-66.5597
-66.5551
-66.3907
-66.4705
-66.3729
-66.6857
-66.5906
-66.3687
-66.4531
-66.4369
-66.5733
-66.528
-66.6859
-66.4095
-66.7483
-66.5546
-66.7704
-66.4026
-66.534
-66.5692
-66.6741
-66.3858
-66.7538
-66.6422
-66.4996
-66.2425
-66.7546
-66.5923
-66.5659
-66.5604
-66.3231
-66.6572
-66.3686
-66.5368
-66.6358
-66.4339
-66.6045
-66.4814
-66.3147
-66.6535
-66.469
-66.5477
-66.6536
-66.654
-66.6246
-66.5265
-66.6887
-66.6573
-66.5069
-66.6728
-66.3229
-66.4935
-66.4833
-66.725
-66.8668
-66.5892
-66.5885
-66.68
-66.3201
-66.5609
-66.43
-66.3252
-66.7014
-66.4721
-66.625
-66.6972
-66.5526
-66.694
-66.4271
-66.6037
-66.7415
-66.3732
-66.5014
-66.4276
-66.7438
-66.6734
-66.4437
-66.2825
-66.7588
-66.5501
-66.572
-66.6205
-66.3539
-66.6118
-66.7678
-66.6136
-66.5577
-66.5188
-66.7253
-66.4934
-66.5355
-66.5081
-66.4495
-66.5904
-66.6233
-66.6768
-66.6083
-66.5633
-66.6318
-66.5936
-66.6595
-66.6129
-66.6587
-66.4775
-66.5917
-66.6631
-66.5393
-66.8253
-66.6204
-66.5246
-66.729
-66.5964
-66.6932
-66.3954
-66.488
-66.5813
-66.4449
-66.8178
-66.5814
-66.5127
-66.3378
-66.5803
-66.5887
-66.6903
-66.7029
-66.2558
-66.3731
-66.6586
-66.6592
-66.4909
-66.6508
-66.6414
-66.538
-66.6485
-66.7259
-66.5044
-66.5537
-66.4619
-66.4525
-66.7045
-66.6517
-66.3767
-66.5363
-66.756
-66.3995
-66.6911
-66.6827
-66.7418
-66.4619
-66.6274
-66.5375
-66.5845
-66.4476
-66.7014
-66.3004
-66.6158
-66.4955
-66.5361
-66.3706
-66.5039
-66.717
-66.5387
-66.7066
-66.2169
-66.6347
-66.6187
-66.3448
-66.5744
-66.4566
-66.7384
-66.5343
-66.5279
-66.5247
-66.6143
-66.5481
-66.4241
-66.509
-66.648
-66.4073
-66.4584
-66.7247
-66.5058
-66.331
-66.6477
-66.5027
-66.5794
-66.7391
-66.3284
-66.6071
-66.4458
-66.6422
-66.7017
-66.626
-66.7411
-66.6203
-66.7775
-66.4803
-66.614
-66.5473
-66.7115
-66.5904
-66.4259
-66.9379
-66.6548
-66.467
-66.2985
-66.6492
-66.411
-66.6863
-66.6906
-66.8123
-66.6094
-66.7644
-66.3001
-66.571
-66.7247
-66.5205
-66.5504
-66.3303
-66.4511
-66.3388
-66.5109
-66.5254
-66.4084
-66.5381
-66.5562
-66.3365
-66.5765
-66.7917
-66.6429
-66.7977
-66.5044
-66.5786
-66.6121
-66.268
-66.3786
-66.3695
-66.5334
-66.4539
-66.5668
-66.4982
-66.6125
-66.5581
-66.4447
-66.4981
-66.65
-66.5898
-66.5255
-66.5322
-66.5436
-66.6543
-66.3288
-66.5855
-66.4233
-66.6735
-66.5521
-66.5775
-66.541
-66.7417
-66.4991
-66.5585
-66.415
-66.6759
-66.4135
-66.5372
-66.7282
-66.5773
-66.6664
-66.449
-66.278
-66.5354
-66.4842
-66.4172
-66.4166
-66.4921
-66.6419
-66.6069
-66.3784
-66.5388
-66.7482
-66.6027
-66.478
-66.4263
-66.5142
-66.6875
-66.4352
-66.7792
-66.68
-66.469
-66.3724
-66.5462
-66.5731
-66.5826
-66.7515
-66.6057
-66.8062
-66.401
-66.5687
-66.4484
-66.4962
-66.7154
-66.6761
-66.7456
-66.422
-66.4956
-66.5256
-66.6723
-66.4631
-66.5631
-66.3279
-66.5163
-66.4527
-66.313
-66.5058
-66.6601
-66.6205
-66.6713
-66.6116
-66.4173
-66.4204
-66.5923
-66.7087
-66.7271
-66.5506
-66.3548
-66.4595
-66.5127
-66.6303
-66.6557
-66.6862
-66.7009
-66.4394
-66.5262
-66.4978
-66.7079
-66.4462
-66.5802
-66.4446
-66.2771
-66.4641
-66.5059
-66.3248
-66.4678
-66.5124
-66.4989
-66.4805
-66.5971
-66.589
-66.692
-66.3273
-66.5334
-66.4437
-66.3826
-66.5773
-66.5373
-66.3805
-66.5396
-66.591
-66.5014
-66.6267
-66.6201
-66.3427
-66.719
-66.4606
-66.4264
-66.5677
-66.5792
-66.5294
-66.5948
-66.6749
-66.5562
-66.3476
-66.5077
-66.5574
-66.554
-66.5108
-66.7288
-66.5887
-66.4361
-66.4142
-66.5218
-66.5839
-66.5481
-66.2981
-66.4262
-66.5449
-66.5894
-66.5825
-66.5208
-66.6831
-66.6638
-66.5359
-66.5729
-66.5899
-66.4003
-66.2479
-66.4
-66.408
-66.4184
-66.6798
-66.5237
-66.3854
-66.8959
-66.536
-66.4944
-66.4046
-66.3686
-66.5523
-66.5558
-66.5323
-66.7811
-66.5124
-66.5575
-66.5429
-66.3344
-66.5634
-66.5315
-66.823
-66.2643
-66.5449
-66.2917
-66.6214
-66.6388
-66.6765
-66.5919
-66.3197
-66.5637
-66.6142
-66.6504
-66.4325
-66.6597
-66.4265
-66.569
-66.5749
-66.5062
-66.3395
-66.8324
-66.428
-66.6428
-66.6385
-66.372
-66.3203
-66.4839
-66.4399
-66.2229
-66.3604
-66.3893
-66.6797
-66.6565
-66.5849
-66.3403
-66.7518
-66.6497
-66.5629
-66.708
-66.4245
-66.5658
-66.3379
-66.6473
-66.4846
-66.478
-66.5713
-66.4981
-66.408
-66.6221
-66.679
-66.4372
-66.8399
-66.4218
-66.529
-66.6359
-66.3891
-66.5866
-66.5762
-66.4361
-66.5983
-66.3269
-66.4495
-66.6638
-66.6214
-66.5222
-66.2712
-66.3405
-66.507
-66.4431
-66.6244
-66.4023
-66.5056
-66.4967
-66.4232
-66.6277
-66.3988
-66.625
-66.5092
-66.5934
-66.4314
-66.347
-66.4383
-66.4307
-66.6048
-66.7757
-66.7918
-66.542
-66.4653
-66.59
-66.535
-66.4533
-66.3838
-66.4013
-66.3268
-66.7134
-66.6357
-66.5968
-66.4225
-66.4482
-66.7496
-66.5127
-66.1024
-66.4725
-66.6076
-66.4036
-66.4203
-66.684
-66.5618
-66.5425
-66.4982
-66.6124
-66.6328
-66.3295
-66.1858
-66.3546
-66.4702
-66.4684
-66.6891
-66.4028
-66.5659
-66.5925
-66.5728
-66.4925
-66.5598
-66.4497
-66.4324
-66.5758
-66.3936
-66.6704
-66.4561
-66.6115
-66.642
-66.3609
-66.3566
-66.6817
-66.2952
-66.3931
-66.5591
-66.6441
-66.3763
-66.391
-66.4196
-66.4025
-66.5904
-66.5338
-66.4182
-66.6045
-66.3908
-66.5971
-66.7047
-66.5462
-66.6044
-66.4193
-66.2656
-66.3545
-66.5838
-66.521
-66.5902
-66.41
-66.6284
-66.6469
-66.6787
-66.5612
-66.4991
-66.537
-66.5297
-66.6304
-66.5367
-66.4506
-66.3374
-66.4937
-66.3269
-66.4254
-66.3577
-66.2524
-66.6389
-66.5702
-66.3673
-66.6978
-66.6977
-66.5653
-66.5098
-66.3338
-66.5502
-66.3336
-66.2224
-66.5918
-66.281
-66.4556
-66.5466
-66.5533
-66.6513
-66.5237
-66.5162
-66.4198
-66.4448
-66.4734
-66.268
-66.6189
-66.5162
-66.533
-66.3597
-66.4469
-66.4336
-66.4834
-66.4563
-66.4058
-66.4631
-66.5439
-66.2771
-66.6644
-66.4416
-66.5008
-66.4396
-66.6044
-66.4836
-66.548
-66.2952
-66.5214
-66.5206
-66.7571
-66.4185
-66.4711
-66.7159
-66.3673
-66.5249
-66.6416
-66.4602
-66.475
-66.5256
-66.5269
-66.6079
-66.5017
-66.3851
-66.275
-66.5264
-66.4093
-66.2262
-66.4348
-66.4188
-66.6784
-66.5046
-66.5577
-66.464
-66.6668
-66.3241
-66.4196
-66.5565
-66.3682
-66.6547
-66.3127
-66.3653
-66.4665
-66.4866
-66.5846
-66.4291
-66.5007
-66.7394
-66.4076
-66.59
-66.5653
-66.3602
-66.3598
-66.417
-66.405
-66.3439
-66.6158
-66.3461
-65.6281
-66.4554
-66.554
-66.3187
-66.3456
-66.5261
-66.4628
-66.2716
-66.2616
-66.3554
-66.3346
-66.6372
-66.5027
-66.629
-66.462
-66.4239
-66.5239
-66.5824
-66.5429
-66.5259
-66.5383
-66.6177
-66.4823
-66.5943
-66.6319
-66.5167
-66.4377
-66.5237
-66.3047
-66.4477
-66.5317
-66.3592
-66.5412
-66.2868
-66.3939
-66.3993
-66.6215
-66.3376
-66.6699
-66.6654
-66.5403
-66.3095
-66.5244
-66.331
-66.4493
-66.4399
-66.4576
-66.7713
-66.7385
-66.3821
-66.2443
-66.1981
-66.5262
-66.3873
-66.4914
-66.4598
-66.5384
-66.4323
-66.5765
-66.3243
-66.2583
-66.3807
-66.1984
-66.4727
-66.514
-66.3354
-66.6328
-66.4773
-66.3626
-66.4349
-66.5456
-66.3652
-66.3014
-66.348
-66.6701
-66.3816
-66.5839
-66.362
-66.5352
-66.257
-66.1609
-66.3923
-66.2604
-66.218
-66.416
-66.3171
-66.3983
-66.2737
-66.5238
-66.4549
-66.5509
-66.3472
-66.3149
-66.3942
-66.4464
-66.5501
-66.293
-66.4684
-66.356
-66.5395
-66.4298
-66.4914
-66.4254
-66.6389
-66.5307
-66.3566
-66.2543
-66.5392
-66.1741
-66.4518
-66.2539
-66.3287
-66.5788
-66.3125
-66.4868
-66.6508
-66.1372
-66.6928
-66.4097
-66.4451
-66.4195
-66.3951
-66.3517
-66.5992
-66.5216
-66.7368
-66.4554
-66.5645
-66.3826
-66.4587
-66.5952
-66.5434
-66.326
-66.4265
-66.5179
-66.4589
-66.6437
-66.6388
-66.2741
-66.4543
-66.4608
-66.3014
-66.5364
-66.5945
-66.5188
-66.4445
-66.3544
-66.7335
-66.5645
-66.3312
-66.4244
-66.3954
-66.1004
-66.4386
-66.251
-66.3732
-66.4404
-66.5573
-66.519
-66.4343
-66.4833
-66.3088
-66.5482
-66.4581
-66.5138
-66.4198
-66.3876
-66.3386
-66.7335
-66.5136
-66.5681
-66.5655
-66.3872
-66.4904
-66.2645
-66.2277
-66.4246
-66.3965
-66.2027
-66.4183
-66.3406
-66.565
-66.5156
-66.5739
-66.1888
-66.1559
-66.4547
-66.4282
-66.5281
-66.4673
-66.4034
-66.5359
-66.5063
-66.4938
-66.3026
-66.4091
-66.365
-66.4481
-66.3648
-66.3754
-66.5072
-66.3635
-66.4677
-66.4594
-66.5294
-66.4308
-66.3384
-66.3582
-66.495
-66.4994
-66.3943
-66.3753
-66.3551
-66.2805
-66.5023
-66.2437
-66.5221
-66.4783
-66.5165
-66.1425
-66.4443
-66.3747
-66.2731
-66.6719
-66.5394
-66.4644
-66.2638
-66.5058
-66.462
-66.5462
-66.4867
-66.3497
-66.6415
-66.4726
-66.4898
-66.3318
-66.3978
-66.3237
-66.4479
-66.4059
-66.5184
-66.4126
-66.3238
-66.4588
-66.502
-66.6613
-66.5403
-66.5574
-66.44
-66.4644
-66.6452
-66.1718
-66.6564
-66.1849
-66.3214
-66.4111
-66.3084
-66.2695
-66.3577
-66.3374
-66.5031
-66.3269
-66.3671
-66.4246
-66.4505
-66.3339
-66.44
-66.653
-66.443
-66.2059
-66.5764
-66.3907
-66.4091
-66.5034
-66.666
-66.388
-66.4986
-66.4579
-66.6017
-66.5326
-66.415
-66.5459
-66.5005
-66.3838
-66.112
-66.3195
-66.3319
-66.2641
-66.4076
-66.6592
-66.4459
-66.3122
-66.2925
-66.4966
-66.4168
-66.258
-66.4842
-66.4967
-66.2789
-66.2963
-66.3121
-66.299
-66.3608
-66.4517
-66.754
-66.2835
-66.4154
-66.5316
-66.4826
-66.3029
-66.4573
-66.4056
-66.2789
-66.4129
-66.4256
-66.5143
-66.1859
-66.4496
-66.3438
-66.2611
-66.3443
-66.2632
-66.385
-66.4291
-66.4152
-66.3471
-66.5447
-66.2819
-66.4259
-66.2438
-66.4113
-66.2838
-66.2728
-66.4656
-66.4786
-66.5104
-66.4846
-66.469
-66.6293
-66.4374
-66.2771
-66.4492
-66.1872
-66.1219
-66.2022
-66.5624
-66.2534
-66.2998
-66.4978
-66.5827
-66.3759
-66.4699
-66.4783
-66.5303
-66.3492
-66.2882
-66.5011
-66.3451
-66.5091
-66.3845
-66.337
-66.369
-66.4154
-66.2775
-66.3451
-66.3473
-66.4195
-66.2408
-66.1672
-66.2168
-66.527
-66.2613
-66.4356
-66.3929
-66.2442
-66.3763
-66.2616
-66.362
-66.3707
-66.2639
-66.3732
-66.3326
-66.3893
-66.3078
-66.3995
-66.5578
-66.3154
-66.6534
-66.3755
-66.302
-66.5459
-66.4729
-66.3975
-66.268
-66.3426
-66.2071
-66.4465
-66.4302
-66.6048
-66.4715
-66.5387
-66.434
-66.3504
-66.41
-66.4978
-66.2252
-66.5026
-66.2369
-66.423
-66.3529
-66.473
-66.3658
-66.2235
-66.6405
-66.3051
-66.2689
-66.4005
-66.232
-66.4233
-66.369
-66.4479
-66.3355
-66.4367
-66.5864
-66.297
-66.2284
-66.4746
-66.2692
-66.3526
-66.4238
-66.4107
-66.613
-66.4406
-66.2537
-66.3022
-66.4777
-66.1928
-66.3621
-66.0754
-66.4871
-66.3543
-66.3573
-66.2315
-66.5019
-66.5017
-66.3268
-66.2783
-66.2086
-66.3933
-66.4154
-66.2975
-66.2932
-66.1133
-66.3144
-66.4867
-66.2857
-66.2278
-66.2158
-66.5277
-66.4351
-66.2649
-66.3396
-66.2349
-66.4425
-66.549
-66.444
-66.2109
-66.2382
-66.116
-66.3654
-66.1767
-66.2987
-66.2953
-66.0916
-66.2748
-66.5175
-66.3492
-66.4068
-66.3227
-66.4969
-66.3185
-66.3668
-66.2807
-66.301
-66.4598
-66.4617
-66.233
-66.1583
-66.239
-66.5897
-66.4723
-66.3756
-66.2466
-66.4636
-66.1948
-66.4108
-66.3431
-66.3821
-66.2465
-66.4256
-66.1305
-66.4221
-66.3537
-66.3138
-66.351
-66.2733
-66.434
-66.4328
-66.1997
-66.1915
-66.2356
-66.2921
-66.1773
-66.2576
-66.3775
-66.2629
-66.4236
-66.3987
-66.3343
-66.2466
-66.2437
-66.5636
-66.3609
-66.3734
-66.4785
-66.508
-66.4071
-66.4515
-66.4692
-66.3602
-66.3653
-66.5604
-66.4736
-66.6135
-66.3502
-66.2894
-66.2415
-66.2834
-66.3323
-66.4821
-66.1437
-66.1352
-66.4463
-66.4452
-66.3268
-66.4359
-66.413
-66.1912
-66.2955
-66.3722
-66.4653
-66.1596
-66.2741
-66.234
-66.2822
-66.4327
-66.3669
-66.2282
-66.2856
-66.2827
-66.28
-66.3768
-66.2767
-66.2939
-66.3678
-66.3089
-66.2965
-66.3977
-66.2232
-66.2977
-66.2638
-66.1839
-66.165
-66.4848
-66.4322
-66.2417
-66.1686
-66.4457
-65.9996
-66.4258
-66.4825
-66.2167
-66.1557
-66.3679
-66.4022
-66.2385
-66.2177
-66.1809
-66.3493
-66.2795
-66.3181
-66.2346
-66.3419
-66.3059
-66.2863
-66.1767
-66.5248
-66.2262
-66.457
-66.1191
-66.2715
-66.5621
-66.3452
-66.3511
-66.4117
-66.3286
-66.3594
-66.4334
-66.4432
-66.4626
-66.4984
-66.0971
-66.3765
-66.2347
-66.3449
-66.1785
-66.1846
-66.2956
-66.6104
-66.1114
-66.4519
-66.3553
-66.4162
-66.0889
-66.1448
-66.3103
-66.2002
-66.4056
-66.3348
-66.3677
-66.3175
-66.512
-66.409
-66.1737
-66.3167
-66.1691
-66.1665
-66.4656
-66.2793
-66.2189
-66.2151
-66.375
-66.5412
-66.4056
-66.3525
-66.3711
-66.1811
-66.2535
-66.3287
-66.4812
-66.2374
-66.2207
-66.0682
-66.1291
-66.2277
-66.2051
-66.3777
-66.2246
-66.1979
-66.1119
-66.3038
-66.3097
-66.3779
-66.3372
-66.4151
-66.1004
-66.2072
-66.1266
-66.1604
-66.2283
-66.1984
-66.3813
-66.3807
-66.2117
-66.107
-66.4719
-66.2294
-66.2154
-66.2494
-66.3586
-66.1439
-66.2206
-66.1073
-66.2146
-66.2986
-66.2807
-66.2751
-66.1574
-66.238
-66.469
-66.2057
-66.2067
-66.3349
-66.3106
-66.378
-66.1408
-66.3619
-66.3581
-66.4022
-65.9868
-66.3174
-66.2555
-66.3047
-66.3676
-66.6592
-66.0283
-66.4614
-66.3889
-66.2991
-66.2765
-66.2555
-66.1775
-66.2341
-66.2979
-66.2818
-66.2664
-66.3342
-66.4574
-66.3898
-66.1398
-66.252
-66.6343
-66.3161
-66.2817
-66.1998
-66.288
-66.4812
-66.119
-66.2272
-66.2172
-66.2738
-66.2373
-66.3144
-66.1645
-66.2247
-66.1839
-66.1196
-66.1539
-66.2491
-66.1599
-66.2393
-66.2854
-66.0295
-66.5436
-66.2912
-66.3471
-66.2929
-66.1765
-66.1756
-66.3573
-66.3151
-66.468
-66.2589
-66.1936
-66.0892
-66.2842
-66.3704
-66.2309
-66.2742
-66.2681
-66.44
-66.1815
-66.1865
-66.0945
-66.2139
-66.2134
-66.2865
-66.1727
-66.1287
-66.3941
-66.2037
-66.2749
-66.2487
-66.1462
-66.2192
-66.166
-66.1878
-66.3758
-66.1942
-66.2144
-65.9164
-66.074
-66.2901
-66.3845
-66.0936
-66.0812
-66.1029
-66.2999
-66.3982
-66.2851
-66.3324
-66.2986
-66.5179
-66.2027
-66.3474
-66.5068
-66.1741
-66.1608
-66.3607
-66.2379
-66.1072
-66.291
-66.3215
-66.0628
-66.2663
-66.2457
-66.2353
-66.4038
-66.0664
-66.2038
-66.1603
-66.3314
-66.2393
-66.231
-66.1199
-66.1651
-66.2776
-66.1817
-66.4522
-66.3167
-66.235
-66.2777
-66.2588
-66.4813
-66.2515
-66.1971
-66.2004
-66.1408
-66.1952
-66.0317
-66.3022
-66.1176
-66.1076
-66.3464
-66.2872
-66.2115
-66.2524
-66.1953
-66.3947
-66.167
-66.2697
-66.4161
-66.1953
-66.5713
-66.0995
-66.1848
-66.2546
-66.3319
-66.2213
-66.068
-66.3679
-66.1599
-66.2623
-66.2405
-66.3307
-66.353
-66.2916
-66.1232
-66.2784
-66.2028
-66.3249
-66.0217
-66.1298
-66.3344
-66.1553
-66.045
-66.3278
-66.3575
-66.1577
-66.2562
-66.2358
-66.2011
-66.1786
-66.2827
-66.2661
-66.3525
-66.1859
-66.013
-66.0714
-66.3173
-66.2962
-66.2268
-66.1281
-66.2399
-66.1285
-66.2586
-66.3184
-66.3969
-66.2735
-66.4032
-66.1549
-66.2074
-66.2882
-66.0697
-66.1568
-66.176
-66.3215
-66.3024
-66.3064
-66.3131
-66.1778
-66.2488
-66.0489
-66.1721
-66.1818
-66.0552
-66.1068
-66.3902
-66.167
-66.3968
-66.3595
-66.2648
-66.2667
-66.2561
-66.3313
-66.2731
-66.3994
-66.3135
-66.0581
-66.4437
-66.1475
-66.1693
-66.258
-66.4277
-66.2999
-66.0921
-66.1682
-66.1927
-65.9656
-66.4515
-66.1051
-66.3012
-66.1824
-66.2247
-66.2004
-66.0055
-66.2964
-66.2962
-66.2718
-66.1924
-66.1727
-66.2235
-66.1255
-65.9607
-66.5304
-66.2517
-66.0937
-66.2684
-66.2978
-66.1044
-66.3892
-66.3403
-66.2549
-66.2854
-66.2294
-66.3146
-66.1711
-66.0451
-66.1912
-66.1876
-66.027
-66.2357
-66.0099
-66.1054
-66.2646
-66.2722
-65.9526
-66.0097
-66.0012
-66.1887
-66.2469
-66.02
-66.1418
-66.1927
-66.1863
-66.1734
-66.2504
-66.4352
-66.1015
-66.1723
-66.1627
-65.9578
-66.0552
-66.2887
-66.4138
-66.1344
-66.3941
-65.9786
-65.9469
-66.241
-66.3487
-66.2141
-66.2878
-66.5827
-66.2755
-66.3426
-66.1086
-66.1694
-66.3567
-66.165
-66.1443
-66.2598
-66.2724
-66.1269
-66.3136
-66.3486
-66.0411
-66.1069
-66.2052
-66.273
-66.2174
-66.1554
-66.1037
-66.384
-66.1052
-66.0123
-66.2073
-66.2916
-66.2074
-66.1529
-66.1429
-66.1148
-66.3643
-66.1482
-66.3432
-66.4175
-66.1867
-66.3346
-66.1844
-66.0856
-66.319
-66.2102
-66.2912
-66.1129
-66.3142
-66.2561
-66.0965
-66.275
-66.3849
-66.4049
-66.1418
-66.4538
-66.3738
-66.1597
-66.2267
-66.2265
-66.1343
-66.0435
-66.0649
-66.3826
-66.2831
-66.1858
-66.0873
-66.2702
-66.3362
-66.2311
-66.4117
-66.2098
-66.1132
-66.2366
-66.437
-65.9707
-66.1761
-66.263
-66.0362
-66.406
-66.0661
-66.0658
-66.0863
-66.2358
-66.1619
-66.0877
-66.1801
-66.2172
-66.3269
-66.2819
-66.023
-66.12
-66.1686
-66.2182
-66.2035
-66.2578
-66.2625
-66.079
-66.0382
-66.267
-66.0711
-66.1584
-66.2581
-66.1641
-66.292
-66.2638
-66.1121
-66.1456
-66.36
-66.0572
-65.8729
-66.0322
-66.1833
-66.4247
-66.2471
-66.3795
-66.2333
-66.0664
-66.2995
-66.1813
-66.3202
-66.1064
-65.9524
-66.1768
-66.2039
-66.1456
-66.2308
-66.0794
-66.112
-66.3417
-66.1417
-66.3663
-66.0231
-66.2308
-66.2705
-66.0754
-66.3049
-66.0792
-66.1724
-66.2418
-66.157
-66.5044
-65.984
-66.0617
-66.2335
-65.9766
-66.1985
-66.1838
-66.1257
-66.0374
-66.3726
-65.9315
-66.0871
-66.1485
-66.1133
-66.3201
-66.2966
-65.9255
-66.1996
-66.141
-66.2498
-66.0341
-66.0767
-66.3004
-66.2543
-66.1829
-66.0167
-66.2652
-66.1544
-66.2603
-66.3203
-66.1974
-66.4128
-66.3038
-66.1752
-66.1596
-66.2286
-66.1646
-66.1744
-66.0218
-65.9772
-66.0838
-66.1519
-66.3175
-66.0494
-66.1911
-66.2156
-65.8075
-66.1312
-66.0872
-66.2405
-66.1155
-66.1506
-66.2484
-66.2768
-66.1601
-66.1425
-66.1664
-66.1395
-66.246
-66.2174
-66.0985
-66.1065
-66.0225
-66.2156
-66.366
-66.1487
-66.0382
-65.8396
-66.1217
-66.0463
-66.1959
-65.9315
-66.2095
-66.1774
-66.1359
-66.0206
-66.1268
-66.2787
-66.156
-66.1383
-66.3822
-66.1613
-66.3566
-66.1661
-66.0333
-66.0309
-66.135
-66.2998
-66.2088
-66.3323
-66.1094
-66.1283
-66.1947
-65.9138
-66.151
-66.1204
-66.1592
-66.0946
-66.164
-66.284
-66.0689
-65.9771
-66.0548
-66.291
-66.311
-66.135
-66.1774
-66.163
-66.415
-66.2186
-66.4397
-66.1154
-66.2818
-66.1926
-66.3063
-66.0071
-66.1668
-66.1996
-66.438
-66.467
-66.1632
-66.1314
-66.1391
-66.0728
-66.2091
-66.0739
-66.4093
-66.2502
-66.1793
-66.2051
-66.275
-66.1971
-66.1035
-66.3538
-66.3165
-66.3437
-66.2076
-65.9071
-66.177
-66.1822
-66.3206
-66.0009
-66.1852
-66.2926
-65.939
-66.3261
-66.2551
-66.1927
-66.2641
-65.9379
-66.0593
-65.9987
-66.0312
-65.9346
-66.2392
-66.1861
-65.9912
-66.3853
-66.2416
-66.2125
-66.2466
-66.1203
-65.9255
-66.0441
-66.031
-66.1602
-66.1406
-66.1949
-66.0362
-65.999
-66.001
-66.0014
-66.1689
-66.203
-66.0766
-66.1217
-66.0385
-66.2146
-65.835
-66.3646
-65.8848
-65.8629
-66.2194
-66.1479
-66.1452
-66.1007
-66.3383
-66.2531
-66.0673
-66.1164
-66.1743
-66.0662
-66.107
-66.1561
-66.0863
-66.2385
-66.4153
-66.2134
-66.1195
-66.2168
-66.4967
-65.9406
-66.3605
-66.154
-65.9554
-66.1142
-65.8324
-66.3248
-66.0047
-66.0284
-65.9624
-66.1459
-66.2654
-66.0197
-66.115
-66.1687
-66.156
-66.0688
-66.1927
-66.0154
-65.9073
-66.236
-66.137
-65.9236
-66.0733
-66.1722
-66.3402
-66.211
-66.2643
-66.1489
-66.2398
-66.4095
-65.9411
-65.9335
-66.3142
-66.1266
-65.9133
-66.1009
-66.088
-65.7808
-66.1351
-66.1245
-66.4181
-66.0343
-66.2076
-66.0459
-66.173
-66.1075
-66.243
-65.9201
-66.0868
-66.1173
-66.3175
-66.0006
-66.0713
-66.1598
-66.142
-66.1005
-66.158
-65.8946
-66.3333
-66.2296
-66.1345
-66.1817
-66.0006
-66.2465
-66.0578
-66.2567
-66.0823
-66.225
-66.1879
-66.2442
-66.0475
-66.1071
-66.0376
-66.2208
-66.0733
-66.3585
-66.3741
-66.2993
-66.019
-66.1473
-66.0959
-66.3389
-65.9359
-66.3382
-65.9838
-66.1066
-66.1221
-65.9479
-66.1857
-66.187
-66.0859
-66.065
-66.241
-66.2813
-66.2117
-66.2479
-66.3049
-66.2391
-66.0933
-66.1719
-66.2738
-66.0117
-65.7642
-65.9692
-65.7801
-66.2356
-66.0011
-66.0668
-66.0193
-66.0161
-66.1066
-66.1976
-66.1957
-66.2245
-66.0254
-66.006
-66.2084
-66.3468
-66.1186
-66.3477
-66.0827
-66.198
-65.8935
-66.1872
-66.2134
-66.0166
-65.9809
-66.1132
-65.8411
-66.3833
-65.973
-66.1957
-66.103
-66.0052
-66.1928
-66.1897
-66.2938
-66.1491
-66.0881
-66.2607
-66.1248
-66.1229
-66.2371
-65.9966
-66.2524
-66.0629
-66.2601
-66.2005
-66.0002
-66.0136
-66.0711
-66.1275
-66.1524
-66.1656
-66.125
-66.0751
-66.1009
-65.9922
-66.1312
-65.9132
-66.1387
-66.3156
-66.2199
-66.185
-66.0862
-66.1745
-66.0093
-66.1446
-66.2184
-66.0055
-66.089
-66.2611
-65.9914
-66.1111
-66.1381
-66.0864
-66.4165
-66.2328
-66.1075
-66.1335
-66.3118
-66.2063
-66.0258
-65.961
-66.3731
-66.1177
-66.1096
-66.1584
-66.0899
-66.2244
-65.9196
-66.1271
-66.0669
-66.3134
-66.2019
-66.226
-66.211
-66.2565
-66.0154
-66.1503
-66.1558
-66.3167
-65.9978
-66.1575
-66.2471
-66.347
-65.9045
-66.1798
-66.35
-66.1817
-66.0665
-65.9426
-66.3156
-65.8776
-65.8482
-66.0973
-66.2287
-65.8758
-66.1477
-66.0542
-66.017
-66.2364
-65.9893
-66.1637
-66.0309
-66.2802
-66.2302
-66.2567
-66.4243
-66.1779
-66.1814
-66.0367
-66.2243
-66.1715
-66.1365
-66.1251
-65.9447
-66.3617
-66.0397
-66.1056
-66.2699
-66.0318
-65.9125
-66.2126
-66.04
-66.138
-66.2326
-66.0104
-66.1614
-66.1794
-66.2786
-66.2159
-66.0654
-66.2568
-66.2778
-66.271
-66.1459
-66.0855
-66.1682
-66.1579
-66.1617
-66.2315
-66.3596
-66.2058
-66.1246
-66.2271
-66.1933
-66.1387
-66.081
-66.0615
-66.1876
-66.2292
-65.9018
-66.2698
-66.1779
-66.0802
-66.25
-66.0949
-66.2744
-66.0887
-66.0741
-66.0901
-66.0314
-66.1815
-66.2536
-66.2852
-66.1324
-65.9814
-65.9708
-66.062
-66.1456
-66.0103
-66.0641
-66.0461
-66.1833
-65.949
-65.8404
-66.2628
-66.104
-66.0704
-66.1197
-66.2281
-66.0922
-65.8952
-66.0092
-66.0962
-66.1627
-66.1832
-66.1576
-66.1733
-66.1312
-65.9346
-66.1321
-66.1995
-65.9835
-66.1362
-66.1495
-66.0596
-65.9518
-66.1056
-66.1632
-65.963
-66.1649
-66.3112
-66.2128
-66.3703
-66.3912
-66.2957
-66.2489
-66.1764
-66.2217
-66.2071
-66.2514
-66.2653
-66.2248
-66.2852
-66.1586
-66.2974
-66.1475
-66.2341
-66.1025
-66.1884
-66.1367
-65.8897
-66.1851
-66.2666
-66.1396
-66.1885
-66.0305
-66.3369
-65.9486
-66.2884
-66.0948
-66.0807
-66.0664
-66.2356
-66.1086
-66.4339
-66.4502
-66.0489
-66.0216
-66.1447
-65.9516
-65.7117
-65.879
-66.1238
-66.4285
-66.166
-65.9279
-66.1609
-66.2268
-66.1488
-66.006
-66.3312
-66.2712
-66.1831
-66.069
-66.0934
-66.0888
-66.1624
-66.1076
-66.2119
-66.0752
-66.3565
-66.1945
-66.0918
-66.3097
-66.1757
-65.9989
-66.0023
-66.0025
-66.1206
-66.1577
-65.9352
-66.2415
-65.9709
-66.2748
-65.9126
-66.0892
-66.1334
-66.124
-66.1072
-66.097
-66.274
-66.0378
-66.1758
-66.3276
-66.3713
-66.0827
-66.2137
-66.1604
-66.1898
-66.0262
-66.1503
-66.0607
-66.2898
-66.2303
-66.1168
-66.101
-65.9375
-66.0741
-66.1381
-66.0777
-66.1945
-66.2584
-66.1893
-66.2533
-66.2052
-66.1723
-65.8945
-66.0667
-65.9389
-66.1362
-66.2709
-66.2935
-66.2143
-66.0728
-66.0793
-66.3014
-66.3073
-66.1425
-66.116
-66.0819
-66.1765
-66.2067
-66.1927
-66.0455
-66.0025
-66.0375
-66.1711
-66.0702
-66.1743
-66.0159
-66.204
-66.1264
-66.1921
-66.1503
-66.1624
-66.1086
-66.0751
-66.0794
-66.4072
-66.1229
-66.1036
-66.1361
-66.1965
-66.1296
-66.127
-65.9764
-66.1657
-66.0109
-66.2043
-66.0267
-66.0196
-65.9889
-66.0642
-65.903
-66.0749
-66.0881
-65.9981
-66.0968
-65.9493
-66.066
-66.0341
-66.0807
-66.2603
-66.1489
-66.2711
-66.195
-66.0156
-66.072
-66.2985
-66.0558
-65.978
-66.3516
-66.0213
-66.0509
-66.1267
-66.1411
-66.3538
-66.0534
-66.2422
-66.0025
-66.0555
-66.1417
-66.3288
-66.0199
-66.2138
-66.2568
-66.1979
-66.2138
-66.1282
-66.2143
-66.2408
-66.0265
-66.2135
-66.0823
-66.0689
-66.1977
-66.1131
-66.0987
-66.2888
-66.1504
-66.0716
-66.1325
-66.1467
-66.1116
-66.2012
-66.1504
-66.1688
-65.8252
-66.1662
-66.1267
-66.1152
-66.2402
-66.2254
-65.9671
-66.1015
-66.2972
-66.1956
-66.0018
-66.1418
-66.204
-66.1444
-66.3845
-66.1634
-66.1645
-66.2012
-65.9298
-66.0937
-66.0578
-66.0415
-65.9698
-66.2014
-65.9466
-66.1768
-66.1256
-66.1088
-65.9672
-66.1021
-66.2983
-66.086
-66.1834
-66.213
-66.2966
-66.277
-66.1225
-66.1836
-66.1919
-66.3268
-66.1606
-66.015
-66.3712
-66.0354
-66.3134
-66.2478
-66.1134
-66.1578
-66.1928
-66.2291
-66.2929
-66.3194
-66.0614
-65.9714
-66.1971
-66.3665
-66.0749
-66.274
-66.0606
-66.2302
-66.0229
-66.3103
-66.142
-66.003
-66.1525
-66.0298
-66.1456
-66.4016
-66.2012
-66.213
-66.2058
-66.1735
-66.1437
-66.2753
-66.3112
-66.129
-66.1456
-66.2726
-66.2086
-66.3519
-66.1632
-66.3762
-66.2237
-66.1365
-66.0033
-66.2883
-65.9158
-66.1428
-66.4441
-66.2304
-66.1812
-65.967
-66.2551
-66.2371
-66.4294
-65.9638
-66.0673
-65.9481
-66.2197
-66.0232
-66.2461
-65.9774
-66.2902
-66.5139
-66.1044
-66.0958
-65.9987
-66.3058
-66.2531
-66.15
-66.1038
-66.1667
-66.0933
-66.1396
-66.2105
-66.2269
-66.1537
-66.0218
-66.2694
-65.9922
-66.0666
-66.2284
-66.224
-66.2916
-66.0159
-66.2125
-66.1252
-66.2707
-66.0254
-66.2184
-66.1004
-66.1865
-66.214
-65.9799
-66.241
-66.1375
-66.3238
-66.1021
-66.0896
-66.3881
-66.1929
-66.0353
-66.1465
-66.1622
-66.1469
-66.2827
-66.2345
-66.0962
-66.2435
-66.1232
-66.1256
-66.1554
-66.2197
-66.1699
-66.1739
-66.2734
-66.1582
-66.1128
-66.0896
-66.3145
-66.1975
-66.3368
-66.3437
-66.2393
-66.1653
-66.2437
-66.3004
-66.1149
-66.2526
-66.1888
-66.3476
-66.3141
-66.2193
-66.1604
-66.1287
-66.1414
-66.3842
-66.0675
-65.9148
-66.0939
-66.1318
-66.0553
-66.0161
-66.0094
-66.0016
-66.2954
-66.3069
-66.0042
-66.0954
-66.0683
-66.0679
-66.3676
-66.1501
-66.2349
-65.9951
-66.3113
-66.0172
-66.0488
-66.4532
-66.2829
-66.3764
-66.0479
-66.2191
-66.1646
-66.3486
-66.373
-66.0936
-66.0264
-66.21
-66.1214
-66.5205
-66.2925
-66.2625
-66.0618
-66.1058
-66.1488
-66.0512
-66.2657
-66.0413
-66.1824
-66.1161
-66.1643
-66.0781
-66.4004
-66.3043
-66.1815
-65.9037
-66.2985
-66.0464
-66.2673
-66.08
-66.4913
-66.2281
-66.1126
-65.9742
-66.2546
-66.0644
-66.2642
-66.0961
-66.149
-66.2217
-66.1093
-66.2384
-66.3531
-66.1918
-66.1875
-66.3467
-65.9707
-66.2435
-66.3381
-66.1813
-66.3309
-66.2388
-65.9673
-66.1763
-66.2076
-66.1966
-66.5318
-66.3295
-66.3794
-66.2411
-66.3365
-66.1375
-66.1817
-66.1383
-66.2435
-66.122
-66.2772
-66.5223
-66.1789
-66.1344
-65.9915
-66.1508
-66.3099
-66.4923
-66.1316
-66.1993
-66.2029
-66.3248
-66.4013
-66.0201
-66.4674
-66.2005
-66.0811
-66.2505
-66.1436
-65.995
-66.1686
-66.2767
-66.3615
-66.22
-66.2615
-66.4709
-66.4781
-66.2017
-66.2083
-66.2267
-66.1856
-66.245
-66.3959
-66.0646
-66.2231
-66.2955
-66.1984
-66.208
-66.3885
-66.1965
-66.2759
-65.9925
-66.3322
-66.0883
-66.3849
-66.1994
-66.1326
-66.1503
-66.1299
-66.0276
-66.218
-66.3088
-66.2799
-66.258
-66.0832
-66.3834
-66.1638
-66.329
-66.2814
-66.1417
-66.2665
-66.4845
-66.2749
-66.0235
-66.2797
-66.0426
-66.1865
-66.1471
-66.3169
-66.3255
-66.1335
-66.0854
-66.286
-66.2544
-66.2871
-66.3061
-66.3434
-66.1059
-66.3149
-66.3176
-66.1293
-66.32
-66.141
-66.1933
-66.1079
-66.2651
-66.3542
-66.1756
-66.2998
-66.061
-66.2676
-66.4432
-66.1166
-66.3894
-66.1679
-66.1241
-66.1169
-66.3641
-66.1682
-66.1878
-66.3172
-66.2749
-66.3769
-66.2772
-66.5055
-66.1111
-66.0942
-66.105
-66.3363
-66.2829
-66.2689
-66.0153
-66.3321
-66.4184
-66.5174
-66.2852
-66.0509
-66.3914
-66.1871
-66.2469
-66.1302
-66.2139
-66.3316
-66.3836
-66.3327
-66.277
-66.2948
-66.3549
-66.2731
-66.2679
-66.2556
-66.2261
-66.2785
-66.2275
-66.1399
-66.521
-66.2128
-65.9082
-66.0859
-66.3961
-66.3052
-66.0441
-66.2863
-66.396
-66.1276
-66.1205
-66.3417
-66.497
-66.1651
-66.435
-66.12
-66.2227
-66.2246
-66.2764
-66.3373
-66.3494
-66.4428
-66.1596
-66.3595
-66.3682
-66.1926
-66.2461
-66.267
-66.1124
-66.4846
-66.4524
-66.0033
-66.3648
-66.2799
-66.124
-66.1408
-66.3165
-66.2757
-66.1765
-66.434
-66.3155
-66.2995
-66.0673
-66.1228
-66.3496
-66.2379
-66.3533
-66.1267
-66.112
-66.233
-66.2593
-66.3124
-66.1766
-66.1738
-66.2833
-66.2927
-66.1108
-66.148
-66.5094
-66.259
-66.0248
-65.9794
-66.0601
-66.2655
-66.4553
-66.3101
-66.3414
-66.4015
-66.2194
-66.3988
-66.2411
-66.3133
-66.3255
-66.4056
-66.1971
-66.2584
-66.306
-66.3575
-66.1708
-66.4865
-66.2305
-66.4654
-66.4636
-66.4134
-66.4045
-66.2138
-66.2829
-66.2967
-66.3178
-66.3933
-66.1267
-66.3431
-66.2353
-66.1867
-66.3017
-66.5365
-66.51
-66.1789
-66.4703
-66.2543
-66.4756
-66.2648
-66.4715
-66.1994
-66.3859
-66.5926
-66.4376
-66.2372
-66.2406
-66.3228
-66.5686
-66.4224
-66.3462
-66.2758
-66.1678
-66.2174
-66.3009
-66.1921
-66.4966
-66.3223
-66.1437
-66.2602
-66.2846
-66.158
-66.4941
-66.3721
-66.5988
-66.3938
-66.2683
-66.1948
-66.1511
-66.2023
-66.4771
-66.1664
-66.3173
-66.3067
-66.1418
-66.2764
-66.4198
-66.3515
-66.178
-66.4637
-66.3443
-66.523
-66.2679
-66.388
-66.3375
-66.2669
-66.4703
-66.4344
-66.2841
-66.3161
-66.2041
-66.3259
-66.263
-66.1021
-66.447
-66.291
-66.3349
-66.1081
-66.1765
-66.3989
-66.2732
-66.5709
-66.2977
-66.4334
-66.2314
-66.2585
-66.6446
-66.2891
-66.424
-66.3772
-66.6376
-66.4785
-66.395
-66.3741
-66.3468
-66.1764
-65.9016
-66.405
-66.5224
-66.2863
-66.4151
-66.4245
-66.2901
-66.3558
-66.3496
-66.3586
-66.2903
-66.2893
-66.3864
-66.4627
-66.4497
-66.3729
-66.1674
-66.4667
-66.3511
-66.4246
-66.4317
-66.4644
-66.3396
-66.4298
-66.4537
-66.2565
-66.3353
-66.4234
-66.4874
-66.4217
-66.1213
-66.5071
-66.3714
-66.2946
-66.3366
-66.1877
-66.2106
-66.5168
-66.5202
-66.2646
-66.4909
-66.3359
-66.2511
-66.3249
-66.1945
-66.3937
-66.3184
-66.4516
-66.3518
-66.363
-66.6246
-66.1619
-66.2709
-66.4149
-66.2873
-66.4866
-66.1481
-66.2777
-66.7279
-66.6345
-66.6099
-66.4165
-66.4993
-66.5803
-66.3099
-66.3677
-66.3661
-66.3538
-66.1323
-66.5028
-66.267
-66.0513
-66.1967
-66.286
-66.3625
-66.4969
-66.5337
-66.3659
-66.3194
-66.5958
-66.674
-66.2191
-66.3703
-66.2733
-66.271
-66.2828
-66.2837
-66.4732
-66.303
-66.1125
-66.4675
-66.3859
-66.2925
-66.3206
-66.3189
-66.4296
-66.444
-66.2292
-66.2064
-66.5225
-66.4391
-66.3211
-66.6483
-66.5013
-66.2194
-66.3362
-66.2992
-66.33
-66.5604
-66.3163
-66.3985
-66.3316
-66.2729
-66.4109
-66.1713
-66.435
-66.4615
-66.5486
-66.2485
-66.2705
-66.2825
-66.2489
-66.5383
-66.4382
-66.4895
-66.2437
-66.2205
-66.5116
-66.367
-66.3143
-66.0842
-66.3464
-66.412
-66.4006
-66.5605
-66.4112
-66.17
-66.5861
-66.3089
-66.473
-66.5858
-66.286
-66.5573
-66.4114
-66.4658
-66.406
-66.4924
-66.5836
-66.2818
-66.6862
-66.402
-66.2558
-66.3648
-66.3776
-66.7272
-66.3325
-66.5625
-66.3441
-66.3504
-66.4166
-66.1363
-66.2401
-66.356
-66.4289
-66.4708
-66.2867
-66.293
-66.3649
-66.4133
-66.4064
-66.4787
-66.2974
-66.3263
-66.5282
-66.3314
-66.4312
-66.3379
-66.4436
-66.5939
-66.4675
-66.1354
-66.321
-66.3879
-66.2576
-66.4736
-66.4288
-66.3482
-66.6899
-66.5754
-66.3232
-66.2241
-66.4433
-66.4989
-66.4705
-66.378
-66.5298
-66.3474
-66.4985
-66.4811
-66.4961
-66.1609
-66.3997
-66.2405
-66.4419
-66.2102
-66.5886
-66.6299
-66.4942
-66.5678
-66.7574
-66.5375
-66.4933
-66.5332
-66.4731
-66.5098
-66.4331
-66.5301
-66.5518
-66.3406
-66.6862
-66.3403
-66.5748
-66.4591
-66.4711
-66.3512
-66.383
-66.3984
-66.5201
-66.2985
-66.6177
-66.3463
-66.4521
-66.328
-66.4113
-66.7317
-66.3933
-66.5059
-66.2865
-66.2931
-66.3394
-66.7901
-66.422
-66.504
-66.1869
-66.4994
-66.4908
-66.2836
-66.5165
-66.5757
-66.3929
-66.5874
-66.305
-66.577
-66.5478
-66.6269
-66.428
-66.3806
-66.4828
-66.3473
-66.6842
-66.5226
-66.34
-66.4247
-66.6396
-66.5681
-66.5587
-66.4103
-66.445
-66.4417
-66.5361
-66.6021
-66.2907
-66.2421
-66.5184
-66.3641
-66.3682
-66.5926
-66.3022
-66.6836
-66.4919
-66.5759
-66.6412
-66.5989
-66.4912
-66.3489
-66.5998
-66.4893
-66.7187
-66.4604
-66.6533
-66.6964
-66.2964
-66.6164
-66.5637
-66.4499
-66.4978
-66.6007
-66.4427
-66.6398
-66.4566
-66.6506
-66.3866
-66.8099
-66.6034
-66.6156
-66.4302
-66.2884
-66.3245
-66.5792
-66.5743
-66.5228
-66.6515
-66.5773
-66.3638
-66.3184
-66.5642
-66.2632
-66.4941
-66.5575
-66.5704
-66.4718
-66.4766
-66.4929
-66.5146
-66.4731
-66.7064
-66.6725
-66.4499
-66.714
-66.6893
-66.6571
-66.712
-66.5525
-66.5195
-66.4613
-66.4851
-66.5942
-66.5864
-66.486
-66.4731
-66.4628
-66.4114
-66.6359
-66.4874
-66.5844
-66.6801
-66.5438
-66.6291
-66.2161
-66.5388
-66.58
-66.6128
-66.3222
-66.2476
-66.3766
-66.4302
-66.4433
-66.4309
-66.4681
-66.743
-66.4571
-66.4321
-66.6053
-66.6259
-66.6173
-66.6278
-66.612
-66.647
-66.4746
-66.4219
-66.5145
-66.3861
-66.547
-66.6759
-66.5284
-66.5294
-66.5021
-66.6367
-66.5881
-66.4685
-66.5262
-66.5918
-66.5756
-66.5668
-66.6683
-66.6477
-66.7142
-66.8267
-66.4884
-66.6045
-66.3838
-66.5321
-66.7498
-66.5334
-66.6576
-66.5557
-66.4646
-66.6861
-66.5128
-66.5925
-66.6194
-66.366
-66.6281
-66.7773
-66.6309
-66.6906
-66.7254
-66.633
-66.852
-66.8199
-66.5477
-66.4746
-66.6011
-66.706
-66.669
-66.4586
-66.6017
-66.912
-66.6588
-66.5597
-66.709
-66.3386
-66.5809
-66.5447
-66.6269
-66.7397
-66.5753
-66.3586
-66.5223
-66.6816
-66.5745
-66.4598
-66.7173
-66.7626
-66.4755
-66.5104
-66.7395
-66.7319
-66.6257
-66.7911
-66.5625
-66.8302
-66.573
-66.4675
-66.792
-66.5869
-66.5319
-66.4915
-66.5567
-66.5987
-66.4779
-66.5595
-66.6424
-66.4965
-66.5676
-66.5431
-66.4373
-66.7203
-66.6657
-66.5342
-66.5595
-66.4829
-66.5747
-66.706
-66.685
-66.5713
-66.4625
-66.6511
-66.551
-66.4608
-66.825
-66.3455
-66.4551
-66.6248
-66.6509
-66.5438
-66.5685
-66.5279
-66.8719
-66.8081
-66.7013
-66.4417
-66.8151
-66.6263
-66.7537
-66.5717
-66.6912
-66.7462
-66.7438
-66.5828
-66.6248
-66.5805
-66.5175
-66.8487
-66.5172
-66.647
-66.5255
-66.7373
-66.6135
-66.4908
-66.6798
-66.6385
-66.7564
-66.3852
-66.7233
-66.5824
-66.7246
-66.6085
-66.7075
-66.7218
-66.7646
-66.7751
-66.5805
-66.7002
-66.5279
-66.8072
-66.7772
-66.6162
-66.4853
-66.8207
-66.8623
-66.6092
-66.7948
-66.692
-66.7217
-66.7096
-66.8226
-66.5121
-66.5732
-66.7281
-66.8978
-66.6407
-66.5312
-66.7031
-66.6509
-66.9629
-66.781
-66.6562
-66.4551
-66.5863
-66.8337
-66.7482
-66.5546
-66.6856
-66.7143
-66.6193
-66.5109
-66.8983
-66.5418
-66.8652
-66.8698
-66.5271
-66.6639
-66.6952
-66.9788
-66.7049
-66.7509
-66.9074
-66.8137
-66.9362
-66.7449
-66.8433
-66.357
-66.6653
-66.854
-66.8463
-66.7312
-66.7058
-66.7274
-66.8163
-66.6955
-66.6824
-66.7913
-66.6475
-66.6353
-66.7479
-66.8173
-66.6539
-66.5528
-66.6407
-66.6141
-66.8918
-66.8169
-66.7134
-66.5675
-66.8107
-66.8766
-66.5812
-66.5509
-66.7253
-66.5199
-66.4898
-66.8326
-66.5284
-66.7994
-66.6088
-66.8367
-66.7354
-66.6203
-66.7616
-66.9341
-66.7488
-66.5747
-66.7387
-66.7186
-66.8659
-66.9965
-66.793
-66.8395
-66.8325
-66.9466
-66.8946
-66.9073
-66.9424
-66.8409
-66.723
-66.7488
-66.8
-66.4789
-66.5418
-66.7917
-66.729
-66.6598
-66.7731
-66.4848
-66.7343
-66.8205
-66.6619
-66.6815
-66.9558
-66.5998
-66.845
-66.9243
-66.8823
-66.656
-66.7655
-66.6224
-66.7871
-66.9286
-66.8722
-66.6436
-66.7217
-66.695
-67.1266
-66.8693
-66.964
-66.8135
-66.4891
-66.8235
-66.8164
-66.8368
-66.6803
-66.8166
-66.8638
-66.5231
-66.8333
-66.8901
-66.7747
-66.9255
-66.7805
-66.6115
-66.6605
-67.0275
-66.8053
-66.9567
-66.7318
-66.4911
-66.8021
-66.647
-66.9562
-67.031
-66.8688
-66.7698
-66.8421
-66.8873
-66.919
-66.8196
-66.7593
-66.8154
-66.5113
-66.8696
-66.6888
-66.8327
-66.6224
-66.7288
-66.8247
-66.6829
-66.7177
-66.8763
-66.9082
-66.7973
-66.9552
-66.5965
-66.8002
-66.756
-66.681
-66.6333
-66.6373
-66.7946
-66.8168
-66.8513
-66.9083
-66.5912
-66.6778
-66.7969
-66.9011
-66.782
-67.014
-66.6204
-66.7593
-67.0935
-66.9139
-66.632
-66.8332
-66.7654
-66.737
-66.6838
-66.9129
-66.8271
-66.8786
-66.6487
-66.8179
-67.0658
-66.9851
-66.7772
-67.0159
-66.8149
-67.044
-66.851
-66.7998
-66.97
-66.8642
-66.9086
-66.9522
-66.9184
-67.1266
-66.927
-66.8196
-66.7772
-66.8477
-66.7698
-66.9955
-66.9033
-67.0338
-66.6482
-66.7124
-66.972
-66.9107
-66.9318
-66.8293
-66.9199
-66.9473
-67.0393
-67.0261
-66.7614
-66.6235
-66.9861
-66.9964
-67.0616
-67.0248
-66.8453
-66.7033
-66.6823
-66.9313
-66.8378
-66.747
-66.9233
-66.9303
-66.6884
-66.9411
-66.8455
-66.6563
-66.8717
-67.0675
-66.7898
-66.7708
-67.1367
-66.7392
-67.0323
-66.8896
-67.0866
-66.8914
-66.9695
-66.7671
-66.8219
-66.9672
-66.863
-66.9507
-67.0896
-67.1157
-67.0133
-66.8755
-66.9092
-66.7332
-66.8484
-66.929
-66.9491
-66.6769
-67.0164
-66.9548
-66.8849
-66.8973
-67.0862
-67.0281
-67.101
-66.8583
-67.0221
-66.6762
-66.9197
-66.8042
-66.851
-66.8501
-66.9354
-66.7668
-66.8066
-66.9944
-67.0984
-66.8568
-66.9745
-67.0341
-66.7444
-66.9413
-66.921
-66.8489
-66.9774
-66.7899
-67.1037
-66.9474
-66.9209
-66.8601
-66.901
-66.897
-66.8998
-66.9544
-66.9243
-67.104
-67.0629
-66.7366
-66.942
-66.8707
-66.9095
-66.9129
-67.0382
-66.8212
-66.9806
-66.9894
-67.0285
-66.8997
-66.7522
-66.8539
-66.901
-66.8246
-66.9095
-66.7292
-66.8643
-66.8971
-67.0175
-66.959
-66.9716
-66.9716
-66.9952
-66.9616
-66.8782
-67.0935
-66.9577
-66.9911
-66.75
-67.0077
-66.975
-67.1413
-66.8333
-67.0381
-67.2822
-66.9562
-67.0721
-66.9859
-67.0162
-67.0143
-67.0416
-66.8526
-67.1038
-67.0031
-67.0298
-67.0871
-67.094
-67.0586
-66.8497
-66.7694
-66.8904
-66.9865
-66.9756
-67.1214
-66.9241
-66.955
-67.0764
-67.1952
-66.9926
-67.0726
-66.9082
-67.092
-66.9647
-67.225
-67.0599
-67.089
-67.0157
-67.239
-67.1626
-66.7697
-67.053
-66.9723
-66.9103
-67.0301
-67.2522
-66.9034
-67.1714
-67.1169
-66.8068
-66.8786
-67.1542
-66.9135
-67.0942
-66.7966
-67.0065
-67.1325
-67.1204
-67.0183
-66.9946
-66.9543
-67.0071
-66.902
-67.1087
-66.9616
-66.9042
-66.938
-66.9762
-67.1698
-67.0033
-67.0155
-67.0759
-67.1772
-67.0836
-66.9086
-67.0087
-67.0359
-66.9957
-66.7276
-66.7638
-66.965
-67.032
-66.9603
-66.9886
-66.9453
-66.8184
-66.949
-67.1559
-67.1696
-66.9575
-67.1042
-66.982
-67.0829
-67.1142
-67.1211
-66.8051
-66.8662
-66.9335
-67.2049
-66.9704
-66.8219
-66.9401
-67.1213
-67.2922
-67.0965
-66.804
-67.0139
-67.0268
-67.1551
-67.2461
-67.1461
-66.9977
-67.3356
-66.9632
-67.1794
-66.9518
-67.0301
-67.0441
-67.1081
-67.1622
-66.7018
-67.0725
-67.0578
-67.0213
-66.9754
-67.0738
-67.1385
-67.0142
-67.0654
-66.9134
-67.0811
-66.8695
-66.9408
-67.1192
-67.2213
-67.1119
-67.2498
-66.9892
-67.0665
-67.1144
-66.9782
-67.1313
-67.0685
-67.2142
-66.9718
-66.9101
-67.1891
-66.935
-66.9288
-67.2925
-67.0552
-66.9905
-67.191
-67.1916
-67.0061
-67.1277
-67.1743
-67.0373
-67.0469
-67.2802
-66.8537
-67.207
-67.0752
-66.876
-67.0159
-67.1407
-67.2476
-67.047
-67.0858
-67.114
-66.8302
-67.1398
-67.1001
-66.9878
-67.1542
-67.2629
-67.0476
-67.1665
-67.0246
-66.896
-67.0948
-67.2758
-67.0053
-66.983
-67.033
-67.0471
-67.2871
-66.9372
-67.1779
-67.2171
-67.1868
-66.9773
-67.1331
-67.0312
-67.0945
-67.2582
-67.1086
-66.9166
-66.8976
-67.2778
-67.1203
-67.2088
-67.1407
-67.1264
-67.0496
-67.3523
-67.3788
-67.1825
-67.28
-67.2192
-67.0228
-67.1169
-67.0032
-67.3584
-67.08
-67.1667
-67.2042
-67.1557
-67.1111
-67.1011
-67.1234
-67.0282
-67.2572
-67.0216
-66.9826
-66.9237
-67.1673
-67.1529
-67.1635
-67.1655
-67.5009
-67.126
-66.9632
-67.2426
-67.1369
-67.0934
-67.1334
-67.2838
-67.316
-67.0537
-67.1177
-67.2496
-67.1656
-67.1732
-67.25
-67.412
-67.2405
-67.0008
-67.0867
-67.012
-67.177
-67.2649
-67.197
-67.097
-67.1307
-67.2779
-67.0236
-67.0994
-66.9928
-67.1584
-67.1346
-67.1681
-67.266
-67.3093
-67.142
-67.2041
-67.1886
-67.265
-67.2772
-67.1914
-67.1202
-67.1286
-67.0674
-67.0829
-67.2059
-67.2184
-67.3703
-67.2042
-67.2828
-67.3976
-67.1782
-67.1105
-66.9986
-67.217
-67.2826
-67.093
-67.2905
-67.2504
-67.0987
-67.0404
-67.0972
-67.1066
-67.0777
-67.2559
-67.2184
-67.3752
-67.242
-67.2956
-67.0568
-66.9873
-67.3314
-67.3624
-67.0032
-67.4008
-67.2252
-67.3495
-67.1982
-66.9788
-67.2384
-67.1964
-67.0078
-67.1683
-67.1983
-67.1717
-67.4269
-67.1319
-67.1679
-66.972
-67.1843
-67.1083
-67.1302
-67.3515
-67.2046
-66.984
-67.0922
-67.2144
-67.1521
-67.1449
-67.2521
-67.3272
-67.3683
-67.2699
-67.2331
-67.192
-67.1189
-67.4363
-67.2112
-67.3984
-67.3359
-67.3087
-67.2874
-67.1352
-67.0132
-67.1948
-67.2976
-67.0758
-67.4754
-67.1779
-67.3265
-67.1743
-67.3964
-67.299
-67.1962
-67.3804
-67.1456
-67.0861
-67.3414
-67.2792
-67.1449
-67.3273
-67.2157
-67.4487
-67.0441
-67.3281
-67.1612
-67.0382
-66.9498
-67.3223
-67.398
-67.1081
-67.3282
-67.2117
-67.5156
-67.113
-67.4767
-67.145
-67.3876
-67.1365
-67.2088
-67.2921
-66.9757
-67.1993
-67.2912
-67.3395
-67.2996
-67.4516
-67.434
-67.2132
-67.081
-67.3674
-67.2106
-67.3412
-67.1434
-67.0829
-67.3586
-67.2356
-67.2749
-67.1223
-67.1294
-67.0932
-67.3185
-67.4229
-67.2658
-67.3497
-67.2244
-67.376
-67.2017
-67.367
-67.33
-67.2173
-67.3737
-67.206
-67.1658
-67.3798
-67.2521
-67.2401
-67.1671
-67.3446
-67.2528
-67.1746
-67.3469
-67.1758
-67.3202
-67.0818
-67.2376
-67.2525
-67.398
-67.4125
-67.3145
-67.2289
-67.2098
-67.3156
-67.2038
-67.2247
-67.2588
-67.4138
-67.3711
-67.3621
-67.2608
-67.5588
-67.4075
-67.4675
-67.3216
-67.453
-67.2417
-67.1773
-67.257
-67.1392
-67.1863
-67.4379
-67.2281
-67.3346
-67.5664
-67.3945
-67.2018
-67.326
-67.224
-67.3956
-67.3241
-67.3541
-67.3403
-67.3329
-67.2581
-67.3243
-67.1916
-67.318
-67.396
-67.2431
-67.3279
-67.3748
-67.2278
-67.2143
-67.4745
-67.3393
-67.143
-67.3234
-67.2614
-67.4204
-67.3104
-67.5445
-67.3817
-67.5087
-67.1805
-67.2839
-67.2605
-67.3299
-67.2822
-67.5515
-67.3317
-67.4397
-67.3473
-67.3052
-67.5018
-67.2413
-67.3454
-67.3722
-67.2015
-67.45
-67.3847
-67.4562
-67.3655
-67.068
-67.172
-67.402
-67.3418
-67.3956
-67.1567
-67.4247
-67.5318
-67.2547
-67.2703
-67.5581
-67.2532
-67.4136
-67.2443
-67.2706
-67.4966
-67.3255
-67.1992
-67.5249
-67.4382
-67.281
-67.208
-67.2868
-67.2453
-67.2993
-67.2482
-67.3297
-67.2349
-67.282
-67.6314
-67.1113
-67.4049
-67.53
-67.4372
-67.509
-67.4201
-67.4605
-67.484
-67.4115
-67.3442
-67.1615
-67.3218
-67.4764
-67.5302
-67.4751
-67.5771
-67.3885
-67.3993
-67.3111
-67.6008
-67.366
-67.3285
-67.3693
-67.3793
-67.4236
-67.3766
-67.5152
-67.2876
-67.1851
-67.4214
-67.4486
-67.4697
-67.4887
-67.315
-67.3942
-67.3095
-67.4359
-67.6036
-67.2232
-67.4942
-67.3154
-67.4762
-67.1391
-67.2324
-67.4992
-67.4765
-67.1744
-67.1874
-67.4503
-67.2688
-67.2734
-67.4842
-67.5428
-67.2227
-67.3337
-67.2904
-67.5639
-67.539
-67.3746
-67.5708
-67.4964
-67.333
-67.5258
-67.4812
-67.3471
-67.3361
-67.5057
-67.4563
-67.4585
-67.2137
-67.2837
-67.4698
-67.3259
-67.3978
-67.4618
-67.3225
-67.3293
-67.3299
-67.3978
-67.3068
-67.1168
-67.3112
-67.5087
-67.5342
-67.1228
-67.3464
-67.4463
-67.4002
-67.3177
-67.3947
-67.3602
-67.5374
-67.5568
-67.3207
-67.138
-67.236
-67.1693
-67.4264
-67.6142
-67.3791
-67.6152
-67.4066
-67.4232
-67.3186
-67.2397
-67.3269
-67.2598
-67.4104
-67.4393
-67.5843
-67.4205
-67.4383
-67.3423
-67.4266
-67.4571
-67.133
-67.5288
-67.4455
-67.3819
-67.5164
-67.2555
-67.264
-67.2983
-67.3487
-67.534
-67.5695
-67.4235
-67.613
-67.228
-67.4041
-67.3816
-67.4825
-67.4477
-67.4837
-67.2915
-67.1713
-67.5596
-67.4482
-67.4977
-67.4934
-67.4531
-67.5665
-67.4746
-67.2148
-67.3776
-67.3012
-67.1142
-67.423
-67.3611
-67.4954
-67.2342
-67.3544
-67.2399
-67.3642
-67.4271
-67.3355
-67.3702
-67.3789
-67.6305
-67.7372
-67.3492
-67.3341
-67.2175
-67.472
-67.4993
-67.4314
-67.4459
-67.3264
-67.3467
-67.5384
-67.5332
-67.2783
-67.5974
-67.5145
-67.6005
-67.6021
-67.4055
-67.5151
-67.5822
-67.609
-67.439
-67.3955
-67.1756
-67.4055
-67.4518
-67.3771
-67.4474
-67.3755
-67.5348
-67.4647
-67.6098
-67.36
-67.3486
-67.5295
-67.4332
-67.3299
-67.4858
-67.4011
-67.3776
-67.3142
-67.6156
-67.4597
-67.1151
-67.512
-67.462
-67.3943
-67.4287
-67.5812
-67.4598
-67.2575
-67.4181
-67.2203
-67.5509
-67.3008
-67.5499
-67.4139
-67.5416
-67.4249
-67.4449
-67.3661
-67.6138
-67.5264
-67.2616
-67.5195
-67.4244
-67.7183
-67.4145
-67.5828
-67.4624
-67.477
-67.5023
-67.3962
-67.4833
-67.4079
-67.4264
-67.2454
-67.7657
-67.4469
-67.3776
-67.6883
-67.4859
-67.2472
-67.5267
-67.4154
-67.6363
-67.3509
-67.6125
-67.4404
-67.3438
-67.5281
-67.4343
-67.5854
-67.6254
-67.4497
-67.2751
-67.6428
-67.5688
-67.6027
-67.2412
-67.4737
-67.3105
-67.2661
-67.6965
-67.3924
-67.4876
-67.6519
-67.5134
-67.8109
-67.5089
-67.4065
-67.4845
-67.3701
-67.7181
-67.321
-67.3843
-67.3439
-67.1955
-67.4717
-67.4298
-67.3951
-67.4606
-67.4168
-67.4484
-67.4247
-67.3607
-67.5766
-67.3368
-67.4994
-67.3833
-67.2951
-67.4508
-67.6714
-67.6629
-67.7334
-67.5532
-67.478
-67.3282
-67.1914
-67.413
-67.4251
-67.7315
-67.6166
-67.4446
-67.5575
-67.5144
-67.5334
-67.4873
-67.6107
-67.3865
-67.5256
-67.454
-67.3864
-67.3728
-67.6686
-67.5135
-67.5048
-67.6414
-67.458
-67.6236
-67.2212
-67.5346
-67.2739
-67.4928
-67.2474
-67.6347
-67.7607
-67.4076
-67.5055
-67.3857
-67.4774
-67.6644
-67.6992
-67.4447
-67.5246
-67.461
-67.5869
-67.5887
-67.497
-67.5855
-67.3993
-67.2025
-67.5942
-67.5551
-67.5514
-67.521
-67.3377
-67.5912
-67.592
-67.3893
-67.5741
-67.6175
-67.5899
-67.6348
-67.6345
-67.4573
-67.6019
-67.5184
-67.7898
-67.5791
-67.237
-67.4943
-67.4538
-67.2518
-67.5054
-67.4559
-67.4282
-67.5179
-67.6346
-67.5042
-67.5162
-67.7098
-67.4791
-67.7197
-67.6189
-67.5658
-67.4216
-67.7367
-67.5604
-67.4211
-67.306
-67.2006
-67.5257
-67.5993
-67.3769
-67.5188
-67.5271
-67.5579
-67.4098
-67.366
-67.6233
-67.4091
-67.4625
-67.534
-67.4127
-67.5701
-67.3926
-67.516
-67.3993
-67.4634
-67.662
-67.6388
-67.4024
-67.3808
-67.6006
-67.5048
-67.651
-67.5034
-67.2348
-67.3485
-67.6489
-67.6444
-67.5697
-67.5643
-67.4028
-67.8012
-67.5879
-67.5827
-67.5302
-67.5398
-67.2572
-67.5271
-67.388
-67.4717
-67.618
-67.4901
-67.6848
-67.4685
-67.3436
-67.8051
-67.4689
-67.3957
-67.6742
-67.6069
-67.3589
-67.4306
-67.4519
-67.5666
-67.4316
-67.4954
-67.424
-67.5701
-67.5069
-67.2748
-67.557
-67.6713
-67.5469
-67.4073
-67.5323
-67.4632
-67.5384
-67.4767
-67.5886
-67.4351
-67.4331
-67.5205
-67.6252
-67.3135
-67.465
-67.4876
-67.5326
-67.4305
-67.4263
-67.2931
-67.3475
-67.3971
-67.4339
-67.6206
-67.6665
-67.5978
-67.6329
-67.5126
-67.3559
-67.5496
-67.5714
-67.6037
-67.5328
-67.7252
-67.7101
-67.6772
-67.6669
-67.4942
-67.41
-67.6159
-67.4424
-67.4991
-67.4964
-67.4709
-67.5071
-67.5531
-67.5399
-67.4795
-67.4178
-67.5013
-67.4419
-67.5215
-67.6715
-67.5165
-67.4858
-67.7542
-67.4121
-67.5929
-67.2951
-67.6597
-67.526
-67.5711
-67.7655
-67.5189
-67.4319
-67.3246
-67.4655
-67.4947
-67.5735
-67.3827
-67.5052
-67.5533
-67.5058
-67.4684
-67.4542
-67.3139
-67.6692
-67.6117
-67.6326
-67.5764
-67.469
-67.4889
-67.6652
-67.3981
-67.4091
-67.6051
-67.4973
-67.6223
-67.6109
-67.6195
-67.4587
-67.4693
-67.5944
-67.3765
-67.3762
-67.5859
-67.6049
-67.4985
-67.4841
-67.5567
-67.5932
-67.5035
-67.5073
-67.4758
-67.5719
-67.5554
-67.5096
-67.5112
-67.4078
-67.5577
-67.5675
-67.5083
-67.678
-67.608
-67.3961
-67.5972
-67.5794
-67.4903
-67.4801
-67.4607
-67.2023
-67.5662
-67.6711
-67.6254
-67.5666
-67.2321
-67.5797
-67.7302
-67.5102
-67.5832
-67.4876
-67.4544
-67.601
-67.6516
-67.5497
-67.4172
-67.4297
-67.6226
-67.5577
-67.4669
-67.5051
-67.5555
-67.4929
-67.6136
-67.6603
-67.5441
-67.5357
-67.6181
-67.3835
-67.5859
-67.6974
-67.3763
-67.6154
-67.7294
-67.6084
-67.5401
-67.6539
-67.4813
-67.5375
-67.3538
-67.5486
-67.4647
-67.4171
-67.5251
-67.4868
-67.5019
-67.6087
-67.4543
-67.4711
-67.6423
-67.5469
-67.512
-67.5478
-67.374
-67.424
-67.6541
-67.3418
-67.3953
-67.5301
-67.6325
-67.4623
-67.7411
-67.4511
-67.4587
-67.6532
-67.5412
-67.3987
-67.5896
-67.5397
-67.5812
-67.6276
-67.5167
-67.3931
-67.7963
-67.6055
-67.6044
-67.4719
-67.6214
-67.3403
-67.5273
-67.4038
-67.614
-67.7805
-67.4737
-67.6109
-67.2428
-67.6426
-67.5198
-67.5171
-67.5608
-67.5825
-67.513
-67.4564
-67.4581
-67.5107
-67.5172
-67.4911
-67.5148
-67.5736
-67.5127
-67.3462
-67.627
-67.4471
-67.6162
-67.2722
